Coagulant mL/s	Turbidity	Average Turbidity
0.0052668	1.64333415	11.52534637
0.0052668	1.64333415	
0.0052668	1.64333415	
0.0052668	1.64333415	
0.0052668	1.64333415	
0.0052668	1.72941101	
0.0052668	1.72941101	
0.0052668	1.72941101	
0.0052668	1.72941101	
0.0052668	1.72941101	
0.0052668	2.42164683	
0.0052668	2.42164683	
0.0052668	2.42164683	
0.0052668	2.42164683	
0.0052668	2.42164683	
0.0052668	2.99860168	
0.0052668	2.99860168	
0.0052668	2.99860168	
0.0052668	2.99860168	
0.0052668	2.99860168	
0.0052668	2.61272931	
0.0052668	2.61272931	
0.0052668	2.61272931	
0.0052668	2.61272931	
0.0052668	2.61272931	
0.0052668	1.81797135	
0.0052668	1.81797135	
0.0052668	1.81797135	
0.0052668	1.81797135	
0.0052668	1.81797135	
0.0052668	1.76351047	
0.0052668	1.76351047	
0.0052668	1.76351047	
0.0052668	1.76351047	
0.0052668	1.76351047	
0.0052668	1.54079592	
0.0052668	1.54079592	
0.0052668	1.54079592	
0.0052668	1.54079592	
0.0052668	1.54079592	
0.0052668	1.77923083	
0.0052668	1.77923083	
0.0052668	1.77923083	
0.0052668	1.77923083	
0.0052668	1.77923083	
0.0052668	1.91829932	
0.0052668	1.91829932	
0.0052668	1.91829932	
0.0052668	1.91829932	
0.0052668	1.91829932	
0.0052668	1.63657248	
0.0052668	1.63657248	
0.0052668	1.63657248	
0.0052668	1.63657248	
0.0052668	1.63657248	
0.0052668	1.41147411	
0.0052668	1.41147411	
0.0052668	1.41147411	
0.0052668	1.41147411	
0.0052668	1.41147411	
0.0052668	1.41382599	
0.0052668	1.41382599	
0.0052668	1.41382599	
0.0052668	1.41382599	
0.0052668	1.41382599	
0.0052668	1.40343976	
0.0052668	1.40343976	
0.0052668	1.40343976	
0.0052668	1.40343976	
0.0052668	1.40343976	
0.0052668	1.40343976	
0.0052668	1.27709627	
0.0052668	1.27709627	
0.0052668	1.27709627	
0.0052668	1.27709627	
0.0052668	1.27709627	
0.0052668	1.83039927	
0.0052668	1.83039927	
0.0052668	1.83039927	
0.0052668	1.83039927	
0.0052668	1.83039927	
0.0052668	1.78841197	
0.0052668	1.78841197	
0.0052668	1.78841197	
0.0052668	1.78841197	
0.0052668	1.78841197	
0.0052668	1.7010293	
0.0052668	1.7010293	
0.0052668	1.7010293	
0.0052668	1.7010293	
0.0052668	1.7010293	
0.0052668	1.36471701	
0.0052668	1.36471701	
0.0052668	1.36471701	
0.0052668	1.36471701	
0.0052668	1.36471701	
0.0052668	1.21352899	
0.0052668	1.21352899	
0.0052668	1.21352899	
0.0052668	1.21352899	
0.0052668	1.21352899	
0.0052668	1.02778947	
0.0052668	1.02778947	
0.0052668	1.02778947	
0.0052668	1.02778947	
0.0052668	1.02778947	
0.0052668	1.09416568	
0.0052668	1.09416568	
0.0052668	1.09416568	
0.0052668	1.09416568	
0.0052668	1.09416568	
0.0052668	1.65861905	
0.0052668	1.65861905	
0.0052668	1.65861905	
0.0052668	1.65861905	
0.0052668	1.65861905	
0.0052668	1.49027169	
0.0052668	1.49027169	
0.0052668	1.49027169	
0.0052668	1.49027169	
0.0052668	1.49027169	
0.0052668	1.20173275	
0.0052668	1.20173275	
0.0052668	1.20173275	
0.0052668	1.20173275	
0.0052668	1.20173275	
0.0052668	1.57929909	
0.0052668	1.57929909	
0.0052668	1.57929909	
0.0052668	1.57929909	
0.0052668	1.57929909	
0.0052668	1.84486628	
0.0052668	1.84486628	
0.0052668	1.84486628	
0.0052668	1.84486628	
0.0052668	1.84486628	
0.0052668	1.45796752	
0.0052668	1.45796752	
0.0052668	1.45796752	
0.0052668	1.45796752	
0.0052668	1.45796752	
0.0052668	2.09364724	
0.0052668	2.09364724	
0.0052668	2.09364724	
0.0052668	2.09364724	
0.0052668	2.09364724	
0.0052668	1.53778327	
0.0052668	1.53778327	
0.0052668	1.53778327	
0.0052668	1.53778327	
0.0052668	1.53778327	
0.0052668	1.29110467	
0.0052668	1.29110467	
0.0052668	1.29110467	
0.0052668	1.29110467	
0.0052668	1.29110467	
0.0052668	1.07802117	
0.0052668	1.07802117	
0.0052668	1.07802117	
0.0052668	1.07802117	
0.0052668	1.07802117	
0.0052668	1.31160486	
0.0052668	1.31160486	
0.0052668	1.31160486	
0.0052668	1.31160486	
0.0052668	1.31160486	
0.0052668	1.27546465	
0.0052668	1.27546465	
0.0052668	1.27546465	
0.0052668	1.27546465	
0.0052668	1.27546465	
0.0052668	1.67518616	
0.0052668	1.67518616	
0.0052668	1.67518616	
0.0052668	1.67518616	
0.0052668	1.67518616	
0.0052668	1.23055828	
0.0052668	1.23055828	
0.0052668	1.23055828	
0.0052668	1.23055828	
0.0052668	1.23055828	
0.0052668	1.94030416	
0.0052668	1.94030416	
0.0052668	1.94030416	
0.0052668	1.94030416	
0.0052668	1.94030416	
0.0052668	2.20078993	
0.0052668	2.20078993	
0.0052668	2.20078993	
0.0052668	2.20078993	
0.0052668	2.20078993	
0.0052668	1.78782737	
0.0052668	1.78782737	
0.0052668	1.78782737	
0.0052668	1.78782737	
0.0052668	1.78782737	
0.0052668	1.72332287	
0.0052668	1.72332287	
0.0052668	1.72332287	
0.0052668	1.72332287	
0.0052668	1.72332287	
0.0052668	1.42409611	
0.0052668	1.42409611	
0.0052668	1.42409611	
0.0052668	1.42409611	
0.0052668	1.42409611	
0.0052668	1.49045992	
0.0052668	1.49045992	
0.0052668	1.49045992	
0.0052668	1.49045992	
0.0052668	1.49045992	
0.0052668	1.44675303	
0.0052668	1.44675303	
0.0052668	1.44675303	
0.0052668	1.44675303	
0.0052668	1.44675303	
0.0052668	1.33673143	
0.0052668	1.33673143	
0.0052668	1.33673143	
0.0052668	1.33673143	
0.0052668	1.33673143	
0.0052668	1.33673143	
0.0052668	1.02421105	
0.0052668	1.02421105	
0.0052668	1.02421105	
0.0052668	1.02421105	
0.0052668	1.02421105	
0.0052668	0.82825094	
0.0052668	0.82825094	
0.0052668	0.82825094	
0.0052668	0.82825094	
0.0052668	0.82825094	
0.0052668	0.80555862	
0.0052668	0.80555862	
0.0052668	0.80555862	
0.0052668	0.80555862	
0.0052668	0.80555862	
0.0052668	0.67787182	
0.0052668	0.67787182	
0.0052668	0.67787182	
0.0052668	0.67787182	
0.0052668	0.67787182	
0.0052668	0.50806248	
0.0052668	0.50806248	
0.0052668	0.50806248	
0.0052668	0.50806248	
0.0052668	0.50806248	
0.0052668	0.52712792	
0.0052668	0.52712792	
0.0052668	0.52712792	
0.0052668	0.52712792	
0.0052668	0.52712792	
0.0052668	0.64023662	
0.0052668	0.64023662	
0.0052668	0.64023662	
0.0052668	0.64023662	
0.0052668	0.64023662	
0.0052668	0.7745688	
0.0052668	0.7745688	
0.0052668	0.7745688	
0.0052668	0.7745688	
0.0052668	0.7745688	
0.0052668	1.00246489	
0.0052668	1.00246489	
0.0052668	1.00246489	
0.0052668	1.00246489	
0.0052668	1.00246489	
0.0052668	1.24512672	
0.0052668	1.24512672	
0.0052668	1.24512672	
0.0052668	1.24512672	
0.0052668	1.24512672	
0.0052668	1.08528364	
0.0052668	1.08528364	
0.0052668	1.08528364	
0.0052668	1.08528364	
0.0052668	1.08528364	
0.0052668	2.02657676	
0.0052668	2.02657676	
0.0052668	2.02657676	
0.0052668	2.02657676	
0.0052668	2.02657676	
0.0052668	1.74249935	
0.0052668	1.74249935	
0.0052668	1.74249935	
0.0052668	1.74249935	
0.0052668	1.74249935	
0.0052668	1.49255562	
0.0052668	1.49255562	
0.0052668	1.49255562	
0.0052668	1.49255562	
0.0052668	1.49255562	
0.0052668	2.35603333	
0.0052668	2.35603333	
0.0052668	2.35603333	
0.0052668	2.35603333	
0.0052668	2.35603333	
0.0052668	2.5900054	
0.0052668	2.5900054	
0.0052668	2.5900054	
0.0052668	2.5900054	
0.0052668	2.5900054	
0.0052668	2.36619306	
0.0052668	2.36619306	
0.0052668	2.36619306	
0.0052668	2.36619306	
0.0052668	2.36619306	
0.0052668	3.09768128	
0.0052668	3.09768128	
0.0052668	3.09768128	
0.0052668	3.09768128	
0.0052668	3.09768128	
0.0052668	3.75171685	
0.0052668	3.75171685	
0.0052668	3.75171685	
0.0052668	3.75171685	
0.0052668	3.75171685	
0.0052668	4.04610443	
0.0052668	4.04610443	
0.0052668	4.04610443	
0.0052668	4.04610443	
0.0052668	4.04610443	
0.0052668	3.8672781	
0.0052668	3.8672781	
0.0052668	3.8672781	
0.0052668	3.8672781	
0.0052668	3.8672781	
0.0052668	5.99140882	
0.0052668	5.99140882	
0.0052668	5.99140882	
0.0052668	5.99140882	
0.0052668	5.99140882	
0.0052668	6.42596531	
0.0052668	6.42596531	
0.0052668	6.42596531	
0.0052668	6.42596531	
0.0052668	6.42596531	
0.0052668	7.33979654	
0.0052668	7.33979654	
0.0052668	7.33979654	
0.0052668	7.33979654	
0.0052668	7.33979654	
0.0052668	8.27739429	
0.0052668	8.27739429	
0.0052668	8.27739429	
0.0052668	8.27739429	
0.0052668	8.27739429	
0.0052668	9.38935471	
0.0052668	9.38935471	
0.0052668	9.38935471	
0.0052668	9.38935471	
0.0052668	9.38935471	
0.0052668	9.38935471	
0.0052668	10.83075142	
0.0052668	10.83075142	
0.0052668	10.83075142	
0.0052668	10.83075142	
0.0052668	10.83075142	
0.0052668	16.98466873	
0.0052668	16.98466873	
0.0052668	16.98466873	
0.0052668	16.98466873	
0.0052668	16.98466873	
0.0052668	15.50285912	
0.0052668	15.50285912	
0.0052668	15.50285912	
0.0052668	15.50285912	
0.0052668	15.50285912	
0.0052668	12.88001442	
0.0052668	12.88001442	
0.0052668	12.88001442	
0.0052668	12.88001442	
0.0052668	12.88001442	
0.0052668	11.78675842	
0.0052668	11.78675842	
0.0052668	11.78675842	
0.0052668	11.78675842	
0.0052668	11.78675842	
0.0052668	11.37416458	
0.0052668	11.37416458	
0.0052668	11.37416458	
0.0052668	11.37416458	
0.0052668	11.37416458	
0.0052668	11.60177612	
0.0052668	11.60177612	
0.0052668	11.60177612	
0.0052668	11.60177612	
0.0052668	11.60177612	
0.0052668	11.42234612	
0.0052668	11.42234612	
0.0052668	11.42234612	
0.0052668	11.42234612	
0.0052668	11.42234612	
0.0052668	7.43255377	
0.0052668	7.43255377	
0.0052668	7.43255377	
0.0052668	7.43255377	
0.0052668	7.43255377	
0.0052668	9.46998596	
0.0052668	9.46998596	
0.0052668	9.46998596	
0.0052668	9.46998596	
0.0052668	9.46998596	
0.0052668	10.32320309	
0.0052668	10.32320309	
0.0052668	10.32320309	
0.0052668	10.32320309	
0.0052668	10.32320309	
0.0052668	16.75981522	
0.0052668	16.75981522	
0.0052668	16.75981522	
0.0052668	16.75981522	
0.0052668	16.75981522	
0.0052668	14.46610069	
0.0052668	14.46610069	
0.0052668	14.46610069	
0.0052668	14.46610069	
0.0052668	14.46610069	
0.0052668	13.52065659	
0.0052668	13.52065659	
0.0052668	13.52065659	
0.0052668	13.52065659	
0.0052668	13.52065659	
0.0052668	13.70520592	
0.0052668	13.70520592	
0.0052668	13.70520592	
0.0052668	13.70520592	
0.0052668	13.70520592	
0.0052668	13.94663811	
0.0052668	13.94663811	
0.0052668	13.94663811	
0.0052668	13.94663811	
0.0052668	13.94663811	
0.0052668	14.51561928	
0.0052668	14.51561928	
0.0052668	14.51561928	
0.0052668	14.51561928	
0.0052668	14.51561928	
0.0052668	13.91988564	
0.0052668	13.91988564	
0.0052668	13.91988564	
0.0052668	13.91988564	
0.0052668	13.91988564	
0.0052668	13.51551819	
0.0052668	13.51551819	
0.0052668	13.51551819	
0.0052668	13.51551819	
0.0052668	13.51551819	
0.0052668	14.30365753	
0.0052668	14.30365753	
0.0052668	14.30365753	
0.0052668	14.30365753	
0.0052668	14.30365753	
0.0052668	13.19355583	
0.0052668	13.19355583	
0.0052668	13.19355583	
0.0052668	13.19355583	
0.0052668	13.19355583	
0.0052668	11.44887352	
0.0052668	11.44887352	
0.0052668	11.44887352	
0.0052668	11.44887352	
0.0052668	11.44887352	
0.0052668	12.07631111	
0.0052668	12.07631111	
0.0052668	12.07631111	
0.0052668	12.07631111	
0.0052668	12.07631111	
0.0052668	12.28126335	
0.0052668	12.28126335	
0.0052668	12.28126335	
0.0052668	12.28126335	
0.0052668	12.28126335	
0.0052668	12.52923965	
0.0052668	12.52923965	
0.0052668	12.52923965	
0.0052668	12.52923965	
0.0052668	12.52923965	
0.0052668	11.94583511	
0.0052668	11.94583511	
0.0052668	11.94583511	
0.0052668	11.94583511	
0.0052668	11.94583511	
0.0052668	13.16260529	
0.0052668	13.16260529	
0.0052668	13.16260529	
0.0052668	13.16260529	
0.0052668	13.16260529	
0.0052668	14.07200813	
0.0052668	14.07200813	
0.0052668	14.07200813	
0.0052668	14.07200813	
0.0052668	14.07200813	
0.0052668	13.17287636	
0.0052668	13.17287636	
0.0052668	13.17287636	
0.0052668	13.17287636	
0.0052668	13.17287636	
0.0052668	11.9462471	
0.0052668	11.9462471	
0.0052668	11.9462471	
0.0052668	11.9462471	
0.0052668	11.9462471	
0.0052668	12.10608864	
0.0052668	12.10608864	
0.0052668	12.10608864	
0.0052668	12.10608864	
0.0052668	12.10608864	
0.0052668	11.40693855	
0.0052668	11.40693855	
0.0052668	11.40693855	
0.0052668	11.40693855	
0.0052668	11.40693855	
0.0052668	11.60689926	
0.0052668	11.60689926	
0.0052668	11.60689926	
0.0052668	11.60689926	
0.0052668	11.60689926	
0.0052668	11.15235138	
0.0052668	11.15235138	
0.0052668	11.15235138	
0.0052668	11.15235138	
0.0052668	11.15235138	
0.0052668		
0.0052668		
0.0052668		
0.0052668		
0.0052668		
0.0052668		
0.0052668	14.55467415	
0.0052668	14.55467415	
0.0052668	14.55467415	
0.0052668	14.55467415	
0.0052668	14.55467415	
0.0052668	13.10723305	
0.0052668	13.10723305	
0.0052668	13.10723305	
0.0052668	13.10723305	
0.0052668	13.10723305	
0.0052668	12.00849152	
0.0052668	12.00849152	
0.0052668	12.00849152	
0.0052668	12.00849152	
0.0052668	12.00849152	
0.0052668	12.27174568	
0.0052668	12.27174568	
0.0052668	12.27174568	
0.0052668	12.27174568	
0.0052668	12.27174568	
0.0052668	12.27155113	
0.0052668	12.27155113	
0.0052668	12.27155113	
0.0052668	12.27155113	
0.0052668	12.27155113	
0.0052668	11.94553375	
0.0052668	11.94553375	
0.0052668	11.94553375	
0.0052668	11.94553375	
0.0052668	11.94553375	
0.0052668	10.75331879	
0.0052668	10.75331879	
0.0052668	10.75331879	
0.0052668	10.75331879	
0.0052668	10.75331879	
0.0052668	11.26058388	
0.0052668	11.26058388	
0.0052668	11.26058388	
0.0052668	11.26058388	
0.0052668	11.26058388	
0.0052668	10.06731415	
0.0052668	10.06731415	
0.0052668	10.06731415	
0.0052668	10.06731415	
0.0052668	10.06731415	
0.0052668	8.78568268	
0.0052668	8.78568268	
0.0052668	8.78568268	
0.0052668	8.78568268	
0.0052668	8.78568268	
0.0052668	10.61254597	
0.0052668	10.61254597	
0.0052668	10.61254597	
0.0052668	10.61254597	
0.0052668	10.61254597	
0.0052668	9.98026276	
0.0052668	9.98026276	
0.0052668	9.98026276	
0.0052668	9.98026276	
0.0052668	9.98026276	
0.0052668	9.30160809	
0.0052668	9.30160809	
0.0052668	9.30160809	
0.0052668	9.30160809	
0.0052668	9.30160809	
0.0052668	10.98840809	
0.0052668	10.98840809	
0.0052668	10.98840809	
0.0052668	10.98840809	
0.0052668	10.98840809	
0.0052668	13.9943161	
0.0052668	13.9943161	
0.0052668	13.9943161	
0.0052668	13.9943161	
0.0052668	13.9943161	
0.0052668	12.23373222	
0.0052668	12.23373222	
0.0052668	12.23373222	
0.0052668	12.23373222	
0.0052668	12.23373222	
0.0052668	12.05492401	
0.0052668	12.05492401	
0.0052668	12.05492401	
0.0052668	12.05492401	
0.0052668	12.05492401	
0.0052668	11.397192	
0.0052668	11.397192	
0.0052668	11.397192	
0.0052668	11.397192	
0.0052668	11.397192	
0.0052668	12.02523422	
0.0052668	12.02523422	
0.0052668	12.02523422	
0.0052668	12.02523422	
0.0052668	12.02523422	
0.0052668	13.25296402	
0.0052668	13.25296402	
0.0052668	13.25296402	
0.0052668	13.25296402	
0.0052668	13.25296402	
0.0052668	12.93391037	
0.0052668	12.93391037	
0.0052668	12.93391037	
0.0052668	12.93391037	
0.0052668	12.93391037	
0.0052668	11.27636147	
0.0052668	11.27636147	
0.0052668	11.27636147	
0.0052668	11.27636147	
0.0052668	11.27636147	
0.0052668	10.74045372	
0.0052668	10.74045372	
0.0052668	10.74045372	
0.0052668	10.74045372	
0.0052668	10.74045372	
0.0052668	11.57933998	
0.0052668	11.57933998	
0.0052668	11.57933998	
0.0052668	11.57933998	
0.0052668	11.57933998	
0.0052668	11.85655975	
0.0052668	11.85655975	
0.0052668	11.85655975	
0.0052668	11.85655975	
0.0052668	11.85655975	
0.0052668	11.04384995	
0.0052668	11.04384995	
0.0052668	11.04384995	
0.0052668	11.04384995	
0.0052668	11.04384995	
0.0052668	10.41737556	
0.0052668	10.41737556	
0.0052668	10.41737556	
0.0052668	10.41737556	
0.0052668	10.41737556	
0.0052668	14.31218338	
0.0052668	14.31218338	
0.0052668	14.31218338	
0.0052668	14.31218338	
0.0052668	14.31218338	
0.0052668	12.38763809	
0.0052668	12.38763809	
0.0052668	12.38763809	
0.0052668	12.38763809	
0.0052668	12.38763809	
0.0052668	11.61617279	
0.0052668	11.61617279	
0.0052668	11.61617279	
0.0052668	11.61617279	
0.0052668	11.61617279	
0.0052668	11.78814316	
0.0052668	11.78814316	
0.0052668	11.78814316	
0.0052668	11.78814316	
0.0052668	11.78814316	
0.0052668	11.74024963	
0.0052668	11.74024963	
0.0052668	11.74024963	
0.0052668	11.74024963	
0.0052668	11.74024963	
0.0052668	10.26380539	
0.0052668	10.26380539	
0.0052668	10.26380539	
0.0052668	10.26380539	
0.0052668	10.26380539	
0.0052668		
0.0052668		
0.0052668		
0.0052668		
0.0052668		
0.0052668	15.42877007	
0.0052668	15.42877007	
0.0052668	15.42877007	
0.0052668	15.42877007	
0.0052668	15.42877007	
0.0052668	14.2684803	
0.0052668	14.2684803	
0.0052668	14.2684803	
0.0052668	14.2684803	
0.0052668	14.2684803	
0.0052668	12.08134842	
0.0052668	12.08134842	
0.0052668	12.08134842	
0.0052668	12.08134842	
0.0052668	12.08134842	
0.0052668		
0.0052668		
0.0052668		
0.0052668		
0.0052668		
0.0052668	11.82912064	
0.0052668	11.82912064	
0.0052668	11.82912064	
0.0052668	11.82912064	
0.0052668	11.82912064	
0.0052668	11.82912064	
0.0052668	11.61016846	
0.0052668	11.61016846	
0.0052668	11.61016846	
0.0052668	11.61016846	
0.0052668	11.61016846	
0.0052668	10.7774868	
0.0052668	10.7774868	
0.0052668	10.7774868	
0.0052668	10.7774868	
0.0052668	10.7774868	
0.0052668	8.39690304	
0.0052668	8.39690304	
0.0052668	8.39690304	
0.0052668	8.39690304	
0.0052668	8.39690304	
0.0052668	9.11067963	
0.0052668	9.11067963	
0.0052668	9.11067963	
0.0052668	9.11067963	
0.0052668	9.11067963	
0.0052668	10.47951317	
0.0052668	10.47951317	
0.0052668	10.47951317	
0.0052668	10.47951317	
0.0052668	10.47951317	
0.0052668	9.73699379	
0.0052668	9.73699379	
0.0052668	9.73699379	
0.0052668	9.73699379	
0.0052668	9.73699379	
0.0052668	9.24835014	
0.0052668	9.24835014	
0.0052668	9.24835014	
0.0052668	9.24835014	
0.0052668	9.24835014	
0.0052668	10.81101513	
0.0052668	10.81101513	
0.0052668	10.81101513	
0.0052668	10.81101513	
0.0052668	10.81101513	
0.0052668	21.0787468	
0.0052668	21.0787468	
0.0052668	21.0787468	
0.0052668	21.0787468	
0.0052668	21.0787468	
0.0052668	16.79934883	
0.0052668	16.79934883	
0.0052668	16.79934883	
0.0052668	16.79934883	
0.0052668	16.79934883	
0.0052668	14.77642441	
0.0052668	14.77642441	
0.0052668	14.77642441	
0.0052668	14.77642441	
0.0052668	14.77642441	
0.0052668	13.62256622	
0.0052668	13.62256622	
0.0052668	13.62256622	
0.0052668	13.62256622	
0.0052668	13.62256622	
0.0052668	12.12597084	
0.0052668	12.12597084	
0.0052668	12.12597084	
0.0052668	12.12597084	
0.0052668	12.12597084	
0.0052668	10.86595154	
0.0052668	10.86595154	
0.0052668	10.86595154	
0.0052668	10.86595154	
0.0052668	10.86595154	
0.0052668		
0.0052668		
0.0052668		
0.0052668		
0.0052668		
0.0052668	18.93095398	
0.0052668	18.93095398	
0.0052668	18.93095398	
0.0052668	18.93095398	
0.0052668	18.93095398	
0.0052668	16.84738159	
0.0052668	16.84738159	
0.0052668	16.84738159	
0.0052668	16.84738159	
0.0052668	16.84738159	
0.0052668	14.77946091	
0.0052668	14.77946091	
0.0052668	14.77946091	
0.0052668	14.77946091	
0.0052668	14.77946091	
0.0052668	14.53462029	
0.0052668	14.53462029	
0.0052668	14.53462029	
0.0052668	14.53462029	
0.0052668	14.53462029	
0.0052668	13.83049774	
0.0052668	13.83049774	
0.0052668	13.83049774	
0.0052668	13.83049774	
0.0052668	13.83049774	
0.0052668	12.78800201	
0.0052668	12.78800201	
0.0052668	12.78800201	
0.0052668	12.78800201	
0.0052668	12.78800201	
0.0052668	12.0009079	
0.0052668	12.0009079	
0.0052668	12.0009079	
0.0052668	12.0009079	
0.0052668	12.0009079	
0.0052668	12.49565125	
0.0052668	12.49565125	
0.0052668	12.49565125	
0.0052668	12.49565125	
0.0052668	12.49565125	
0.0052668	11.30718994	
0.0052668	11.30718994	
0.0052668	11.30718994	
0.0052668	11.30718994	
0.0052668	11.30718994	
0.0052668	9.99845886	
0.0052668	9.99845886	
0.0052668	9.99845886	
0.0052668	9.99845886	
0.0052668	9.99845886	
0.0052668		
0.0052668		
0.0052668		
0.0052668		
0.0052668		
0.0052668	19.05957031	
0.0052668	19.05957031	
0.0052668	19.05957031	
0.0052668	19.05957031	
0.0052668	19.05957031	
0.0052668	17.65483475	
0.0052668	17.65483475	
0.0052668	17.65483475	
0.0052668	17.65483475	
0.0052668	17.65483475	
0.0052668	15.3207016	
0.0052668	15.3207016	
0.0052668	15.3207016	
0.0052668	15.3207016	
0.0052668	15.3207016	
0.0052668	14.79275894	
0.0052668	14.79275894	
0.0052668	14.79275894	
0.0052668	14.79275894	
0.0052668	14.79275894	
0.0052668	12.49118614	
0.0052668	12.49118614	
0.0052668	12.49118614	
0.0052668	12.49118614	
0.0052668	12.49118614	
0.0052668	12.28514862	
0.0052668	12.28514862	
0.0052668	12.28514862	
0.0052668	12.28514862	
0.0052668	12.28514862	
0.0052668	12.0088253	
0.0052668	12.0088253	
0.0052668	12.0088253	
0.0052668	12.0088253	
0.0052668	12.0088253	
0.0052668	9.8885479	
0.0052668	9.8885479	
0.0052668	9.8885479	
0.0052668	9.8885479	
0.0052668	9.8885479	
0.0052668	6.5404973	
0.0052668	6.5404973	
0.0052668	6.5404973	
0.0052668	6.5404973	
0.0052668	6.5404973	
0.0052668	8.4278717	
0.0052668	8.4278717	
0.0052668	8.4278717	
0.0052668	8.4278717	
0.0052668	8.4278717	
0.0052668	9.55537605	
0.0052668	9.55537605	
0.0052668	9.55537605	
0.0052668	9.55537605	
0.0052668	9.55537605	
0.0052668	10.14324856	
0.0052668	10.14324856	
0.0052668	10.14324856	
0.0052668	10.14324856	
0.0052668	10.14324856	
0.0052668	10.70079803	
0.0052668	10.70079803	
0.0052668	10.70079803	
0.0052668	10.70079803	
0.0052668	10.70079803	
0.0052668		
0.0052668		
0.0052668		
0.0052668		
0.0052668		
0.0052668	9.1633873	
0.0052668	9.1633873	
0.0052668	9.1633873	
0.0052668	9.1633873	
0.0052668	9.1633873	
0.0052668	6.0188942	
0.0052668	6.0188942	
0.0052668	6.0188942	
0.0052668	6.0188942	
0.0052668	6.0188942	
0.0052668	7.4119916	
0.0052668	7.4119916	
0.0052668	7.4119916	
0.0052668	7.4119916	
0.0052668	7.4119916	
0.0052668	9.09274006	
0.0052668	9.09274006	
0.0052668	9.09274006	
0.0052668	9.09274006	
0.0052668	9.09274006	
0.0052668	10.48034191	
0.0052668	10.48034191	
0.0052668	10.48034191	
0.0052668	10.48034191	
0.0052668	10.48034191	
0.0052668	21.59354019	
0.0052668	21.59354019	
0.0052668	21.59354019	
0.0052668	21.59354019	
0.0052668	21.59354019	
0.0052668	16.29320908	
0.0052668	16.29320908	
0.0052668	16.29320908	
0.0052668	16.29320908	
0.0052668	16.29320908	
0.0052668	13.81839943	
0.0052668	13.81839943	
0.0052668	13.81839943	
0.0052668	13.81839943	
0.0052668	13.81839943	
0.0052668	12.90677834	
0.0052668	12.90677834	
0.0052668	12.90677834	
0.0052668	12.90677834	
0.0052668	12.90677834	
0.0052668	10.2387886	
0.0052668	10.2387886	
0.0052668	10.2387886	
0.0052668	10.2387886	
0.0052668	10.2387886	
0.0052668	7.72900105	
0.0052668	7.72900105	
0.0052668	7.72900105	
0.0052668	7.72900105	
0.0052668	7.72900105	
0.0052668	9.6114378	
0.0052668	9.6114378	
0.0052668	9.6114378	
0.0052668	9.6114378	
0.0052668	9.6114378	
0.0052668	9.73978329	
0.0052668	9.73978329	
0.0052668	9.73978329	
0.0052668	9.73978329	
0.0052668	9.73978329	
0.0052668	10.50396061	
0.0052668	10.50396061	
0.0052668	10.50396061	
0.0052668	10.50396061	
0.0052668	10.50396061	
0.0052668	10.44086838	
0.0052668	10.44086838	
0.0052668	10.44086838	
0.0052668	10.44086838	
0.0052668	10.44086838	
0.0052668	10.44086838	
0.0052668	15.12805367	
0.0052668	15.12805367	
0.0052668	15.12805367	
0.0052668	15.12805367	
0.0052668	15.12805367	
0.0052668	11.30035973	
0.0052668	11.30035973	
0.0052668	11.30035973	
0.0052668	11.30035973	
0.0052668	11.30035973	
0.0052668	12.08006668	
0.0052668	12.08006668	
0.0052668	12.08006668	
0.0052668	12.08006668	
0.0052668	12.08006668	
0.0052668	12.51828766	
0.0052668	12.51828766	
0.0052668	12.51828766	
0.0052668	12.51828766	
0.0052668	12.51828766	
0.0052668	12.36682701	
0.0052668	12.36682701	
0.0052668	12.36682701	
0.0052668	12.36682701	
0.0052668	12.36682701	
0.0052668	11.80828285	
0.0052668	11.80828285	
0.0052668	11.80828285	
0.0052668	11.80828285	
0.0052668	11.80828285	
0.0052668	11.9400425	
0.0052668	11.9400425	
0.0052668	11.9400425	
0.0052668	11.9400425	
0.0052668	11.9400425	
0.0052668	11.38866234	
0.0052668	11.38866234	
0.0052668	11.38866234	
0.0052668	11.38866234	
0.0052668	11.38866234	
0.0052668	10.57485199	
0.0052668	10.57485199	
0.0052668	10.57485199	
0.0052668	10.57485199	
0.0052668	10.57485199	
0.0052668	11.33626366	
0.0052668	11.33626366	
0.0052668	11.33626366	
0.0052668	11.33626366	
0.0052668	11.33626366	
0.0052668	12.17439079	
0.0052668	12.17439079	
0.0052668	12.17439079	
0.0052668	12.17439079	
0.0052668	12.17439079	
0.0052668	12.50746536	
0.0052668	12.50746536	
0.0052668	12.50746536	
0.0052668	12.50746536	
0.0052668	12.50746536	
0.0052668	11.98713493	
0.0052668	11.98713493	
0.0052668	11.98713493	
0.0052668	11.98713493	
0.0052668	11.98713493	
0.0052668	12.69146347	
0.0052668	12.69146347	
0.0052668	12.69146347	
0.0052668	12.69146347	
0.0052668	12.69146347	
0.0052668	12.55288506	
0.0052668	12.55288506	
0.0052668	12.55288506	
0.0052668	12.55288506	
0.0052668	12.55288506	
0.0052668	13.26095009	
0.0052668	13.26095009	
0.0052668	13.26095009	
0.0052668	13.26095009	
0.0052668	13.26095009	
0.0052668	13.42616081	
0.0052668	13.42616081	
0.0052668	13.42616081	
0.0052668	13.42616081	
0.0052668	13.42616081	
0.0052668	11.58050919	
0.0052668	11.58050919	
0.0052668	11.58050919	
0.0052668	11.58050919	
0.0052668	11.58050919	
0.0052668		
0.0052668		
0.0052668		
0.0052668		
0.0052668		
0.0052668	6.74947119	
0.0052668	6.74947119	
0.0052668	6.74947119	
0.0052668	6.74947119	
0.0052668	6.74947119	
0.0052668	9.57241249	
0.0052668	9.57241249	
0.0052668	9.57241249	
0.0052668	9.57241249	
0.0052668	9.57241249	
0.0052668	9.56998634	
0.0052668	9.56998634	
0.0052668	9.56998634	
0.0052668	9.56998634	
0.0052668	9.56998634	
0.0052668	8.79765415	
0.0052668	8.79765415	
0.0052668	8.79765415	
0.0052668	8.79765415	
0.0052668	8.79765415	
0.0052668	10.56760979	
0.0052668	10.56760979	
0.0052668	10.56760979	
0.0052668	10.56760979	
0.0052668	10.56760979	
0.0052668		
0.0052668		
0.0052668		
0.0052668		
0.0052668		
0.0052668	16.3331871	
0.0052668	16.3331871	
0.0052668	16.3331871	
0.0052668	16.3331871	
0.0052668	16.3331871	
0.0052668	13.81095314	
0.0052668	13.81095314	
0.0052668	13.81095314	
0.0052668	13.81095314	
0.0052668	13.81095314	
0.0052668	12.93603706	
0.0052668	12.93603706	
0.0052668	12.93603706	
0.0052668	12.93603706	
0.0052668	12.93603706	
0.0052668	11.27973747	
0.0052668	11.27973747	
0.0052668	11.27973747	
0.0052668	11.27973747	
0.0052668	11.27973747	
0.0052668	11.20758057	
0.0052668	11.20758057	
0.0052668	11.20758057	
0.0052668	11.20758057	
0.0052668	11.20758057	
0.0052668		
0.0052668		
0.0052668		
0.0052668		
0.0052668		
0.0052668	9.56284714	
0.0052668	9.56284714	
0.0052668	9.56284714	
0.0052668	9.56284714	
0.0052668	9.56284714	
0.0052668	9.02779484	
0.0052668	9.02779484	
0.0052668	9.02779484	
0.0052668	9.02779484	
0.0052668	9.02779484	
0.0052668	8.48970032	
0.0052668	8.48970032	
0.0052668	8.48970032	
0.0052668	8.48970032	
0.0052668	8.48970032	
0.0052668	10.12529469	
0.0052668	10.12529469	
0.0052668	10.12529469	
0.0052668	10.12529469	
0.0052668	10.12529469	
0.0052668	9.74722385	
0.0052668	9.74722385	
0.0052668	9.74722385	
0.0052668	9.74722385	
0.0052668	9.74722385	
0.0052668	9.67952347	
0.0052668	9.67952347	
0.0052668	9.67952347	
0.0052668	9.67952347	
0.0052668	9.67952347	
0.0052668	10.06097603	
0.0052668	10.06097603	
0.0052668	10.06097603	
0.0052668	10.06097603	
0.0052668	10.06097603	
0.0052668	9.20819664	
0.0052668	9.20819664	
0.0052668	9.20819664	
0.0052668	9.20819664	
0.0052668	9.20819664	
0.0052668	9.11870289	
0.0052668	9.11870289	
0.0052668	9.11870289	
0.0052668	9.11870289	
0.0052668	9.11870289	
0.0052668	9.18496037	
0.0052668	9.18496037	
0.0052668	9.18496037	
0.0052668	9.18496037	
0.0052668	9.18496037	
0.0052668	8.60863972	
0.0052668	8.60863972	
0.0052668	8.60863972	
0.0052668	8.60863972	
0.0052668	8.60863972	
0.0052668	8.54330349	
0.0052668	8.54330349	
0.0052668	8.54330349	
0.0052668	8.54330349	
0.0052668	8.54330349	
0.0052668	10.33171463	
0.0052668	10.33171463	
0.0052668	10.33171463	
0.0052668	10.33171463	
0.0052668	10.33171463	
0.0052668	19.85087585	
0.0052668	19.85087585	
0.0052668	19.85087585	
0.0052668	19.85087585	
0.0052668	19.85087585	
0.0052668	15.2565918	
0.0052668	15.2565918	
0.0052668	15.2565918	
0.0052668	15.2565918	
0.0052668	15.2565918	
0.0052668	13.4441185	
0.0052668	13.4441185	
0.0052668	13.4441185	
0.0052668	13.4441185	
0.0052668	13.4441185	
0.0052668	10.44935417	
0.0052668	10.44935417	
0.0052668	10.44935417	
0.0052668	10.44935417	
0.0052668	10.44935417	
0.0052668	6.55121565	
0.0052668	6.55121565	
0.0052668	6.55121565	
0.0052668	6.55121565	
0.0052668	6.55121565	
0.0052668	7.48683262	
0.0052668	7.48683262	
0.0052668	7.48683262	
0.0052668	7.48683262	
0.0052668	7.48683262	
0.0052668	7.48683262	
0.0052668	8.44310188	
0.0052668	8.44310188	
0.0052668	8.44310188	
0.0052668	8.44310188	
0.0052668	8.44310188	
0.0052668	9.04071712	
0.0052668	9.04071712	
0.0052668	9.04071712	
0.0052668	9.04071712	
0.0052668	9.04071712	
0.0052668	9.80275059	
0.0052668	9.80275059	
0.0052668	9.80275059	
0.0052668	9.80275059	
0.0052668	9.80275059	
0.0052668		
0.0052668		
0.0052668		
0.0052668		
0.0052668		
0.0052668	13.5703907	
0.0052668	13.5703907	
0.0052668	13.5703907	
0.0052668	13.5703907	
0.0052668	13.5703907	
0.0052668	11.58759499	
0.0052668	11.58759499	
0.0052668	11.58759499	
0.0052668	11.58759499	
0.0052668	11.58759499	
0.0052668	12.04267693	
0.0052668	12.04267693	
0.0052668	12.04267693	
0.0052668	12.04267693	
0.0052668	12.04267693	
0.0052668	12.33294868	
0.0052668	12.33294868	
0.0052668	12.33294868	
0.0052668	12.33294868	
0.0052668	12.33294868	
0.0052668	11.91078377	
0.0052668	11.91078377	
0.0052668	11.91078377	
0.0052668	11.91078377	
0.0052668	11.91078377	
0.0052668	11.93055916	
0.0052668	11.93055916	
0.0052668	11.93055916	
0.0052668	11.93055916	
0.0052668	11.93055916	
0.0052668	11.63632965	
0.0052668	11.63632965	
0.0052668	11.63632965	
0.0052668	11.63632965	
0.0052668	11.63632965	
0.0052668	12.69609451	
0.0052668	12.69609451	
0.0052668	12.69609451	
0.0052668	12.69609451	
0.0052668	12.69609451	
0.0052668	11.0307579	
0.0052668	11.0307579	
0.0052668	11.0307579	
0.0052668	11.0307579	
0.0052668	11.0307579	
0.0052668	12.19673157	
0.0052668	12.19673157	
0.0052668	12.19673157	
0.0052668	12.19673157	
0.0052668	12.19673157	
0.0052668	12.3674202	
0.0052668	12.3674202	
0.0052668	12.3674202	
0.0052668	12.3674202	
0.0052668	12.3674202	
0.0052668	12.20483208	
0.0052668	12.20483208	
0.0052668	12.20483208	
0.0052668	12.20483208	
0.0052668	12.20483208	
0.0052668	12.60262489	
0.0052668	12.60262489	
0.0052668	12.60262489	
0.0052668	12.60262489	
0.0052668	12.60262489	
0.0052668	11.10966873	
0.0052668	11.10966873	
0.0052668	11.10966873	
0.0052668	11.10966873	
0.0052668	11.10966873	
0.0052668	11.85007286	
0.0052668	11.85007286	
0.0052668	11.85007286	
0.0052668	11.85007286	
0.0052668	11.85007286	
0.0052668	11.46052933	
0.0052668	11.46052933	
0.0052668	11.46052933	
0.0052668	11.46052933	
0.0052668	11.46052933	
0.0052668	12.1884613	
0.0052668	12.1884613	
0.0052668	12.1884613	
0.0052668	12.1884613	
0.0052668	12.1884613	
0.0052668	12.46146393	
0.0052668	12.46146393	
0.0052668	12.46146393	
0.0052668	12.46146393	
0.0052668	12.46146393	
0.0052668	12.58588791	
0.0052668	12.58588791	
0.0052668	12.58588791	
0.0052668	12.58588791	
0.0052668	12.58588791	
0.0052668	13.87802315	
0.0052668	13.87802315	
0.0052668	13.87802315	
0.0052668	13.87802315	
0.0052668	13.87802315	
0.0052668	12.87475204	
0.0052668	12.87475204	
0.0052668	12.87475204	
0.0052668	12.87475204	
0.0052668	12.87475204	
0.0052668	11.92926788	
0.0052668	11.92926788	
0.0052668	11.92926788	
0.0052668	11.92926788	
0.0052668	11.92926788	
0.0052668	11.10541725	
0.0052668	11.10541725	
0.0052668	11.10541725	
0.0052668	11.10541725	
0.0052668	11.10541725	
0.0052668	12.00084877	
0.0052668	12.00084877	
0.0052668	12.00084877	
0.0052668	12.00084877	
0.0052668	12.00084877	
0.0052668	12.40557861	
0.0052668	12.40557861	
0.0052668	12.40557861	
0.0052668	12.40557861	
0.0052668	12.40557861	
0.0052668	12.48722458	
0.0052668	12.48722458	
0.0052668	12.48722458	
0.0052668	12.48722458	
0.0052668	12.48722458	
0.0052668	11.77638626	
0.0052668	11.77638626	
0.0052668	11.77638626	
0.0052668	11.77638626	
0.0052668	11.77638626	
0.0052668	11.70943642	
0.0052668	11.70943642	
0.0052668	11.70943642	
0.0052668	11.70943642	
0.0052668	11.70943642	
0.0052668	11.36746597	
0.0052668	11.36746597	
0.0052668	11.36746597	
0.0052668	11.36746597	
0.0052668	11.36746597	
0.0052668	8.12247562	
0.0052668	8.12247562	
0.0052668	8.12247562	
0.0052668	8.12247562	
0.0052668	8.12247562	
0.0052668	8.6542654	
0.0052668	8.6542654	
0.0052668	8.6542654	
0.0052668	8.6542654	
0.0052668	8.6542654	
0.0052668	8.6542654	
0.0052668	9.7009201	
0.0052668	9.7009201	
0.0052668	9.7009201	
0.0052668	9.7009201	
0.0052668	9.7009201	
0.0052668	10.9363451	
0.0052668	10.9363451	
0.0052668	10.9363451	
0.0052668	10.9363451	
0.0052668	10.9363451	
0.0052668	6.76204252	
0.0052668	6.76204252	
0.0052668	6.76204252	
0.0052668	6.76204252	
0.0052668	6.76204252	
0.0052668	7.54637003	
0.0052668	7.54637003	
0.0052668	7.54637003	
0.0052668	7.54637003	
0.0052668	7.54637003	
0.0052668	8.25955677	
0.0052668	8.25955677	
0.0052668	8.25955677	
0.0052668	8.25955677	
0.0052668	8.25955677	
0.0052668	9.06132126	
0.0052668	9.06132126	
0.0052668	9.06132126	
0.0052668	9.06132126	
0.0052668	9.06132126	
0.0052668	8.51712704	
0.0052668	8.51712704	
0.0052668	8.51712704	
0.0052668	8.51712704	
0.0052668	8.51712704	
0.0052668	9.11194229	
0.0052668	9.11194229	
0.0052668	9.11194229	
0.0052668	9.11194229	
0.0052668	9.11194229	
0.0052668	9.10383415	
0.0052668	9.10383415	
0.0052668	9.10383415	
0.0052668	9.10383415	
0.0052668	9.10383415	
0.0052668	8.33556747	
0.0052668	8.33556747	
0.0052668	8.33556747	
0.0052668	8.33556747	
0.0052668	8.33556747	
0.0052668	9.67146301	
0.0052668	9.67146301	
0.0052668	9.67146301	
0.0052668	9.67146301	
0.0052668	9.67146301	
0.0052668	10.36172295	
0.0052668	10.36172295	
0.0052668	10.36172295	
0.0052668	10.36172295	
0.0052668	10.36172295	
0.0052668	9.73995113	
0.0052668	9.73995113	
0.0052668	9.73995113	
0.0052668	9.73995113	
0.0052668	9.73995113	
0.0052668	8.71673679	
0.0052668	8.71673679	
0.0052668	8.71673679	
0.0052668	8.71673679	
0.0052668	8.71673679	
0.0052668	10.26400661	
0.0052668	10.26400661	
0.0052668	10.26400661	
0.0052668	10.26400661	
0.0052668	10.26400661	
0.0052668	10.9402914	
0.0052668	10.9402914	
0.0052668	10.9402914	
0.0052668	10.9402914	
0.0052668	10.9402914	
0.0052668	14.35000992	
0.0052668	14.35000992	
0.0052668	14.35000992	
0.0052668	14.35000992	
0.0052668	14.35000992	
0.0052668	14.15809441	
0.0052668	14.15809441	
0.0052668	14.15809441	
0.0052668	14.15809441	
0.0052668	14.15809441	
0.0052668	12.3725071	
0.0052668	12.3725071	
0.0052668	12.3725071	
0.0052668	12.3725071	
0.0052668	12.3725071	
0.0052668	11.82540321	
0.0052668	11.82540321	
0.0052668	11.82540321	
0.0052668	11.82540321	
0.0052668	11.82540321	
0.0052668	12.33175468	
0.0052668	12.33175468	
0.0052668	12.33175468	
0.0052668	12.33175468	
0.0052668	12.33175468	
0.0052668	10.77686501	
0.0052668	10.77686501	
0.0052668	10.77686501	
0.0052668	10.77686501	
0.0052668	10.77686501	
0.0052668	11.21274567	
0.0052668	11.21274567	
0.0052668	11.21274567	
0.0052668	11.21274567	
0.0052668	11.21274567	
0.0052668	10.33725739	
0.0052668	10.33725739	
0.0052668	10.33725739	
0.0052668	10.33725739	
0.0052668	10.33725739	
0.0052668	8.84399986	
0.0052668	8.84399986	
0.0052668	8.84399986	
0.0052668	8.84399986	
0.0052668	8.84399986	
0.0052668	10.18031597	
0.0052668	10.18031597	
0.0052668	10.18031597	
0.0052668	10.18031597	
0.0052668	10.18031597	
0.0052668	10.07538509	
0.0052668	10.07538509	
0.0052668	10.07538509	
0.0052668	10.07538509	
0.0052668	10.07538509	
0.0052668	9.63371944	
0.0052668	9.63371944	
0.0052668	9.63371944	
0.0052668	9.63371944	
0.0052668	9.63371944	
0.0052668	10.14832401	
0.0052668	10.14832401	
0.0052668	10.14832401	
0.0052668	10.14832401	
0.0052668	10.14832401	
0.0052668	10.06473923	
0.0052668	10.06473923	
0.0052668	10.06473923	
0.0052668	10.06473923	
0.0052668	10.06473923	
0.0052668	18.07035255	
0.0052668	18.07035255	
0.0052668	18.07035255	
0.0052668	18.07035255	
0.0052668	18.07035255	
0.0052668	15.3758564	
0.0052668	15.3758564	
0.0052668	15.3758564	
0.0052668	15.3758564	
0.0052668	15.3758564	
0.0052668	11.35124397	
0.0052668	11.35124397	
0.0052668	11.35124397	
0.0052668	11.35124397	
0.0052668	11.35124397	
0.0052668	11.27409744	
0.0052668	11.27409744	
0.0052668	11.27409744	
0.0052668	11.27409744	
0.0052668	11.27409744	
0.0052668	12.34715843	
0.0052668	12.34715843	
0.0052668	12.34715843	
0.0052668	12.34715843	
0.0052668	12.34715843	
0.0052668	11.12640381	
0.0052668	11.12640381	
0.0052668	11.12640381	
0.0052668	11.12640381	
0.0052668	11.12640381	
0.0052668	10.63317871	
0.0052668	10.63317871	
0.0052668	10.63317871	
0.0052668	10.63317871	
0.0052668	10.63317871	
0.0052668	11.97927856	
0.0052668	11.97927856	
0.0052668	11.97927856	
0.0052668	11.97927856	
0.0052668	11.97927856	
0.0052668	9.11870098	
0.0052668	9.11870098	
0.0052668	9.11870098	
0.0052668	9.11870098	
0.0052668	9.11870098	
0.0052668	9.27051067	
0.0052668	9.27051067	
0.0052668	9.27051067	
0.0052668	9.27051067	
0.0052668	9.27051067	
0.0052668	10.50609207	
0.0052668	10.50609207	
0.0052668	10.50609207	
0.0052668	10.50609207	
0.0052668	10.50609207	
0.0052668	9.61218739	
0.0052668	9.61218739	
0.0052668	9.61218739	
0.0052668	9.61218739	
0.0052668	9.61218739	
0.0052668	9.61218739	
0.0052668	9.38749123	
0.0052668	9.38749123	
0.0052668	9.38749123	
0.0052668	9.38749123	
0.0052668	9.38749123	
0.0052668	9.80092239	
0.0052668	9.80092239	
0.0052668	9.80092239	
0.0052668	9.80092239	
0.0052668	9.80092239	
0.0052668	8.6512022	
0.0052668	8.6512022	
0.0052668	8.6512022	
0.0052668	8.6512022	
0.0052668	8.6512022	
0.0052668	10.60231018	
0.0052668	10.60231018	
0.0052668	10.60231018	
0.0052668	10.60231018	
0.0052668	10.60231018	
0.0052668	17.94680786	
0.0052668	17.94680786	
0.0052668	17.94680786	
0.0052668	17.94680786	
0.0052668	17.94680786	
0.0052668	14.0563221	
0.0052668	14.0563221	
0.0052668	14.0563221	
0.0052668	14.0563221	
0.0052668	14.0563221	
0.0052668	12.25794029	
0.0052668	12.25794029	
0.0052668	12.25794029	
0.0052668	12.25794029	
0.0052668	12.25794029	
0.0052668	12.63843536	
0.0052668	12.63843536	
0.0052668	12.63843536	
0.0052668	12.63843536	
0.0052668	12.63843536	
0.0052668	13.28607178	
0.0052668	13.28607178	
0.0052668	13.28607178	
0.0052668	13.28607178	
0.0052668	13.28607178	
0.0052668	12.83416557	
0.0052668	12.83416557	
0.0052668	12.83416557	
0.0052668	12.83416557	
0.0052668	12.83416557	
0.0052668	12.34718132	
0.0052668	12.34718132	
0.0052668	12.34718132	
0.0052668	12.34718132	
0.0052668	12.34718132	
0.0052668	11.42690849	
0.0052668	11.42690849	
0.0052668	11.42690849	
0.0052668	11.42690849	
0.0052668	11.42690849	
0.0052668	11.53380966	
0.0052668	11.53380966	
0.0052668	11.53380966	
0.0052668	11.53380966	
0.0052668	11.53380966	
0.0052668	10.41246986	
0.0052668	10.41246986	
0.0052668	10.41246986	
0.0052668	10.41246986	
0.0052668	10.41246986	
0.0052668	10.7719059	
0.0052668	10.7719059	
0.0052668	10.7719059	
0.0052668	10.7719059	
0.0052668	10.7719059	
0.0052668	11.23187256	
0.0052668	11.23187256	
0.0052668	11.23187256	
0.0052668	11.23187256	
0.0052668	11.23187256	
0.0052668	10.28643227	
0.0052668	10.28643227	
0.0052668	10.28643227	
0.0052668	10.28643227	
0.0052668	10.28643227	
0.0052668		
0.0052668		
0.0052668		
0.0052668		
0.0052668		
0.0052668	10.18861961	
0.0052668	10.18861961	
0.0052668	10.18861961	
0.0052668	10.18861961	
0.0052668	10.18861961	
0.0052668	7.57408142	
0.0052668	7.57408142	
0.0052668	7.57408142	
0.0052668	7.57408142	
0.0052668	7.57408142	
0.0052668	9.00912094	
0.0052668	9.00912094	
0.0052668	9.00912094	
0.0052668	9.00912094	
0.0052668	9.00912094	
0.0052668	9.2422905	
0.0052668	9.2422905	
0.0052668	9.2422905	
0.0052668	9.2422905	
0.0052668	9.2422905	
0.0052668	9.88664818	
0.0052668	9.88664818	
0.0052668	9.88664818	
0.0052668	9.88664818	
0.0052668	9.88664818	
0.0052668	9.20384693	
0.0052668	9.20384693	
0.0052668	9.20384693	
0.0052668	9.20384693	
0.0052668	9.20384693	
0.0052668	9.72253895	
0.0052668	9.72253895	
0.0052668	9.72253895	
0.0052668	9.72253895	
0.0052668	9.72253895	
0.0052668	8.75334167	
0.0052668	8.75334167	
0.0052668	8.75334167	
0.0052668	8.75334167	
0.0052668	8.75334167	
0.0052668	8.76495266	
0.0052668	8.76495266	
0.0052668	8.76495266	
0.0052668	8.76495266	
0.0052668	8.76495266	
0.0052668	10.43283367	
0.0052668	10.43283367	
0.0052668	10.43283367	
0.0052668	10.43283367	
0.0052668	10.43283367	
0.0052668	10.68033123	
0.0052668	10.68033123	
0.0052668	10.68033123	
0.0052668	10.68033123	
0.0052668	10.68033123	
0.0052668	9.83061314	
0.0052668	9.83061314	
0.0052668	9.83061314	
0.0052668	9.83061314	
0.0052668	9.83061314	
0.0052668	10.86001396	
0.0052668	10.86001396	
0.0052668	10.86001396	
0.0052668	10.86001396	
0.0052668	10.86001396	
0.0052668	15.07967567	
0.0052668	15.07967567	
0.0052668	15.07967567	
0.0052668	15.07967567	
0.0052668	15.07967567	
0.0052668	14.81386948	
0.0052668	14.13139915	
0.0052668	14.13139915	
0.0052668	14.13139915	
0.0052668	14.13139915	
0.0052668	14.13139915	
0.0052668	13.77547264	
0.0052668	13.77547264	
0.0052668	13.77547264	
0.0052668	13.77547264	
0.0052668	13.77547264	
0.0052668	12.5441227	
0.0052668	12.5441227	
0.0052668	12.5441227	
0.0052668	12.5441227	
0.0052668	12.5441227	
0.0052668	11.634161	
0.0052668	11.634161	
0.0052668	11.634161	
0.0052668	11.634161	
0.0052668	11.634161	
0.0052668	9.94777489	
0.0052668	9.94777489	
0.0052668	9.94777489	
0.0052668	9.94777489	
0.0052668	9.94777489	
0.0052668		
0.0052668		
0.0052668		
0.0052668		
0.0052668		
0.0052668	11.02533913	
0.0052668	11.02533913	
0.0052668	11.02533913	
0.0052668	11.02533913	
0.0052668	11.02533913	
0.0052668	10.51177597	
0.0052668	10.51177597	
0.0052668	10.51177597	
0.0052668	10.51177597	
0.0052668	10.51177597	
0.0052668	11.98264122	
0.0052668	11.98264122	
0.0052668	11.98264122	
0.0052668	11.98264122	
0.0052668	11.98264122	
0.0052668	14.1245327	
0.0052668	14.1245327	
0.0052668	14.1245327	
0.0052668	14.1245327	
0.0052668	14.1245327	
0.0052668	12.23399925	
0.0052668	12.23399925	
0.0052668	12.23399925	
0.0052668	12.23399925	
0.0052668	12.23399925	
0.0052668	12.23399925	
0.0052668	12.03613091	
0.0052668	12.03613091	
0.0052668	12.03613091	
0.0052668	12.03613091	
0.0052668	12.03613091	
0.0052668	10.08935356	
0.0052668	10.08935356	
0.0052668	10.08935356	
0.0052668	10.08935356	
0.0052668	10.08935356	
0.0052668	10.10831833	
0.0052668	10.10831833	
0.0052668	10.10831833	
0.0052668	10.10831833	
0.0052668	10.10831833	
0.0052668	9.48204994	
0.0052668	9.48204994	
0.0052668	9.48204994	
0.0052668	9.48204994	
0.0052668	9.48204994	
0.0052668	10.20432854	
0.0052668	10.20432854	
0.0052668	10.20432854	
0.0052668	10.20432854	
0.0052668	10.20432854	
0.0052668	9.56809235	
0.0052668	9.56809235	
0.0052668	9.56809235	
0.0052668	9.56809235	
0.0052668	9.56809235	
0.0052668	10.99291039	
0.0052668	10.99291039	
0.0052668	10.99291039	
0.0052668	10.99291039	
0.0052668	10.99291039	
0.0052668	15.74924088	
0.0052668	15.74924088	
0.0052668	15.74924088	
0.0052668	15.74924088	
0.0052668	15.74924088	
0.0052668	13.22690773	
0.0052668	13.22690773	
0.0052668	13.22690773	
0.0052668	13.22690773	
0.0052668	13.22690773	
0.0052668	11.21336174	
0.0052668	11.21336174	
0.0052668	11.21336174	
0.0052668	11.21336174	
0.0052668	11.21336174	
0.0052668	10.89126396	
0.0052668	10.89126396	
0.0052668	10.89126396	
0.0052668	10.89126396	
0.0052668	10.89126396	
0.0052668	10.89735794	
0.0052668	10.89735794	
0.0052668	10.89735794	
0.0052668	10.89735794	
0.0052668	10.89735794	
0.0052668	11.0869236	
0.0052668	11.0869236	
0.0052668	11.0869236	
0.0052668	11.0869236	
0.0052668	11.0869236	
0.0052668	10.80125427	
0.0052668	10.80125427	
0.0052668	10.80125427	
0.0052668	10.80125427	
0.0052668	10.80125427	
0.0052668	11.08365536	
0.0052668	11.08365536	
0.0052668	11.08365536	
0.0052668	11.08365536	
0.0052668	11.08365536	
0.0052668	15.07434464	
0.0052668	15.07434464	
0.0052668	15.07434464	
0.0052668	15.07434464	
0.0052668	15.07434464	
0.0052668	13.69728661	
0.0052668	13.69728661	
0.0052668	13.69728661	
0.0052668	13.69728661	
0.0052668	13.69728661	
0.0052668	15.03169823	
0.0052668	15.03169823	
0.0052668	15.03169823	
0.0052668	15.03169823	
0.0052668	15.03169823	
0.0052668	13.34043503	
0.0052668	13.34043503	
0.0052668	13.34043503	
0.0052668	13.34043503	
0.0052668	13.34043503	
0.0052668	13.86974525	
0.0052668	13.86974525	
0.0052668	13.86974525	
0.0052668	13.86974525	
0.0052668	13.86974525	
0.0052668	13.63368034	
0.0052668	13.63368034	
0.0052668	13.63368034	
0.0052668	13.63368034	
0.0052668	13.63368034	
0.0052668	11.77684784	
0.0052668	11.77684784	
0.0052668	11.77684784	
0.0052668	11.77684784	
0.0052668	11.77684784	
0.0052668	11.24666405	
0.0052668	11.24666405	
0.0052668	11.24666405	
0.0052668	11.24666405	
0.0052668	11.24666405	
0.0052668	10.89616203	
0.0052668	10.89616203	
0.0052668	10.89616203	
0.0052668	10.89616203	
0.0052668	10.89616203	
0.0052668	10.90690422	
0.0052668	10.90690422	
0.0052668	10.90690422	
0.0052668	10.90690422	
0.0052668	10.90690422	
0.0052668	10.8983593	
0.0052668	10.8983593	
0.0052668	10.8983593	
0.0052668	10.8983593	
0.0052668	10.8983593	
0.0052668	11.08435631	
0.0052668	11.08435631	
0.0052668	11.08435631	
0.0052668	11.08435631	
0.0052668	11.08435631	
0.0052668	10.2629528	
0.0052668	10.2629528	
0.0052668	10.2629528	
0.0052668	10.2629528	
0.0052668	10.2629528	
0.0052668	5.53155422	
0.0052668	5.53155422	
0.0052668	5.53155422	
0.0052668	5.53155422	
0.0052668	5.53155422	
0.0052668	7.05631781	
0.0052668	7.05631781	
0.0052668	7.05631781	
0.0052668	7.05631781	
0.0052668	7.05631781	
0.0052668	8.78992939	
0.0052668	8.78992939	
0.0052668	8.78992939	
0.0052668	8.78992939	
0.0052668	8.78992939	
0.0052668	10.52910995	
0.0052668	10.52910995	
0.0052668	10.52910995	
0.0052668	10.52910995	
0.0052668	10.52910995	
0.0052668	10.52910995	
0.0052668	10.17078304	
0.0052668	10.17078304	
0.0052668	10.17078304	
0.0052668	10.17078304	
0.0052668	10.17078304	
0.0052668	9.24185467	
0.0052668	9.24185467	
0.0052668	9.24185467	
0.0052668	9.24185467	
0.0052668	9.24185467	
0.0052668	8.86057949	
0.0052668	8.86057949	
0.0052668	8.86057949	
0.0052668	8.86057949	
0.0052668	8.86057949	
0.0052668	10.32706547	
0.0052668	10.32706547	
0.0052668	10.32706547	
0.0052668	10.32706547	
0.0052668	10.32706547	
0.0052668	18.56360245	
0.0052668	18.56360245	
0.0052668	18.56360245	
0.0052668	18.56360245	
0.0052668	18.56360245	
0.0052668	15.53746414	
0.0052668	15.53746414	
0.0052668	15.53746414	
0.0052668	15.53746414	
0.0052668	15.53746414	
0.0052668	14.06648636	
0.0052668	14.06648636	
0.0052668	14.06648636	
0.0052668	14.06648636	
0.0052668	14.06648636	
0.0052668	14.14078522	
0.0052668	14.14078522	
0.0052668	14.14078522	
0.0052668	14.14078522	
0.0052668	14.14078522	
0.0052668	15.08569336	
0.0052668	15.08569336	
0.0052668	15.08569336	
0.0052668	15.08569336	
0.0052668	15.08569336	
0.0052668	15.80154228	
0.0052668	15.80154228	
0.0052668	15.80154228	
0.0052668	15.80154228	
0.0052668	15.80154228	
0.0052668	15.21229553	
0.0052668	15.21229553	
0.0052668	15.21229553	
0.0052668	15.21229553	
0.0052668	15.21229553	
0.0052668	14.97954369	
0.0052668	14.97954369	
0.0052668	14.97954369	
0.0052668	14.97954369	
0.0052668	14.97954369	
0.0052668	14.31772232	
0.0052668	14.31772232	
0.0052668	14.31772232	
0.0052668	14.31772232	
0.0052668	14.31772232	
0.0052668	13.74230003	
0.0052668	13.74230003	
0.0052668	13.74230003	
0.0052668	13.74230003	
0.0052668	13.74230003	
0.0052668	12.92889977	
0.0052668	12.92889977	
0.0052668	12.92889977	
0.0052668	12.92889977	
0.0052668	12.92889977	
0.0052668	13.82211685	
0.0052668	13.82211685	
0.0052668	13.82211685	
0.0052668	13.82211685	
0.0052668	13.82211685	
0.0052668	14.012743	
0.0052668	14.012743	
0.0052668	14.012743	
0.0052668	14.012743	
0.0052668	14.012743	
0.0052668	13.42229271	
0.0052668	13.42229271	
0.0052668	13.42229271	
0.0052668	13.42229271	
0.0052668	13.42229271	
0.0052668	12.31594086	
0.0052668	12.31594086	
0.0052668	12.31594086	
0.0052668	12.31594086	
0.0052668	12.31594086	
0.0052668	12.40739441	
0.0052668	12.40739441	
0.0052668	12.40739441	
0.0052668	12.40739441	
0.0052668	12.40739441	
0.0052668	12.67312241	
0.0052668	12.67312241	
0.0052668	12.67312241	
0.0052668	12.67312241	
0.0052668	12.67312241	
0.0052668	11.61369133	
0.0052668	11.61369133	
0.0052668	11.61369133	
0.0052668	11.61369133	
0.0052668	11.61369133	
0.0052668	11.36090279	
0.0052668	11.36090279	
0.0052668	11.36090279	
0.0052668	11.36090279	
0.0052668	11.36090279	
0.0052668	11.00863266	
0.0052668	11.00863266	
0.0052668	11.00863266	
0.0052668	11.00863266	
0.0052668	11.00863266	
0.0052668	10.39253998	
0.0052668	10.39253998	
0.0052668	10.39253998	
0.0052668	10.39253998	
0.0052668	10.39253998	
0.0052668	9.24382305	
0.0052668	9.24382305	
0.0052668	9.24382305	
0.0052668	9.24382305	
0.0052668	9.24382305	
0.0052668	9.26477814	
0.0052668	9.26477814	
0.0052668	9.26477814	
0.0052668	9.26477814	
0.0052668	9.26477814	
0.0052668	9.22073269	
0.0052668	9.22073269	
0.0052668	9.22073269	
0.0052668	9.22073269	
0.0052668	9.22073269	
0.0052668	8.87694263	
0.0052668	8.87694263	
0.0052668	8.87694263	
0.0052668	8.87694263	
0.0052668	8.87694263	
0.0052668	8.30977058	
0.0052668	8.30977058	
0.0052668	8.30977058	
0.0052668	8.30977058	
0.0052668	8.30977058	
0.0052668	8.24117756	
0.0052668	8.24117756	
0.0052668	8.24117756	
0.0052668	8.24117756	
0.0052668	8.24117756	
0.0052668	8.10031128	
0.0052668	8.10031128	
0.0052668	8.10031128	
0.0052668	8.10031128	
0.0052668	8.10031128	
0.0052668	7.22454643	
0.0052668	7.22454643	
0.0052668	7.22454643	
0.0052668	7.22454643	
0.0052668	7.22454643	
0.0052668	6.90526485	
0.0052668	6.90526485	
0.0052668	6.90526485	
0.0052668	6.90526485	
0.0052668	6.90526485	
0.0052668	6.39824152	
0.0052668	6.39824152	
0.0052668	6.39824152	
0.0052668	6.39824152	
0.0052668	6.39824152	
0.0052668	6.02385855	
0.0052668	6.02385855	
0.0052668	6.02385855	
0.0052668	6.02385855	
0.0052668	6.02385855	
0.0052668	5.26090765	
0.0052668	5.26090765	
0.0052668	5.26090765	
0.0052668	5.26090765	
0.0052668	5.26090765	
0.0052668	4.77005672	
0.0052668	4.77005672	
0.0052668	4.77005672	
0.0052668	4.77005672	
0.0052668	4.77005672	
0.0052668	4.48220396	
0.0052668	4.48220396	
0.0052668	4.48220396	
0.0052668	4.48220396	
0.0052668	4.48220396	
0.0052668	4.48224401	
0.0052668	4.48224401	
0.0052668	4.48224401	
0.0052668	4.48224401	
0.0052668	4.48224401	
0.0052668	3.75273132	
0.0052668	3.75273132	
0.0052668	3.75273132	
0.0052668	3.75273132	
0.0052668	3.75273132	
0.0052668	3.4904983	
0.0052668	3.4904983	
0.0052668	3.4904983	
0.0052668	3.4904983	
0.0052668	3.4904983	
0.0052668	3.09609938	
0.0052668	3.09609938	
0.0052668	3.09609938	
0.0052668	3.09609938	
0.0052668	3.09609938	
0.0052668	2.83239174	
0.0052668	2.83239174	
0.0052668	2.83239174	
0.0052668	2.83239174	
0.0052668	2.83239174	
0.0052668	2.52289081	
0.0052668	2.52289081	
0.0052668	2.52289081	
0.0052668	2.52289081	
0.0052668	2.52289081	
0.0052668	2.35858107	
0.0052668	2.35858107	
0.0052668	2.35858107	
0.0052668	2.35858107	
0.0052668	2.35858107	
0.0052668	2.35858107	
0.0052668	2.14961624	
0.0052668	2.14961624	
0.0052668	2.14961624	
0.0052668	2.14961624	
0.0052668	2.14961624	
0.0052668	2.61243105	
0.0052668	2.61243105	
0.0052668	2.61243105	
0.0052668	2.61243105	
0.0052668	2.61243105	
0.0052668	2.58889151	
0.0052668	2.58889151	
0.0052668	2.58889151	
0.0052668	2.58889151	
0.0052668	2.58889151	
0.0052668	2.46030569	
0.0052668	2.46030569	
0.0052668	2.46030569	
0.0052668	2.46030569	
0.0052668	2.46030569	
0.0052668	2.78647733	
0.0052668	2.78647733	
0.0052668	2.78647733	
0.0052668	2.78647733	
0.0052668	2.78647733	
0.0052668	4.24125671	
0.0052668	4.24125671	
0.0052668	4.24125671	
0.0052668	4.24125671	
0.0052668	4.24125671	
0.0052668	3.20160055	
0.0052668	3.20160055	
0.0052668	3.20160055	
0.0052668	3.20160055	
0.0052668	3.20160055	
0.0052668	2.4723525	
0.0052668	2.4723525	
0.0052668	2.4723525	
0.0052668	2.4723525	
0.0052668	2.4723525	
0.0052668	1.93852448	
0.0052668	1.93852448	
0.0052668	1.93852448	
0.0052668	1.93852448	
0.0052668	1.93852448	
0.0052668	2.46326756	
0.0052668	2.46326756	
0.0052668	2.46326756	
0.0052668	2.46326756	
0.0052668	2.46326756	
0.0052668	2.32938075	
0.0052668	2.32938075	
0.0052668	2.32938075	
0.0052668	2.32938075	
0.0052668	2.32938075	
0.0052668	2.13919139	
0.0052668	2.13919139	
0.0052668	2.13919139	
0.0052668	2.13919139	
0.0052668	2.13919139	
0.0052668	1.99296212	
0.0052668	1.99296212	
0.0052668	1.99296212	
0.0052668	1.99296212	
0.0052668	1.99296212	
0.0052668	1.37210727	
0.0052668	1.37210727	
0.0052668	1.37210727	
0.0052668	1.37210727	
0.0052668	1.37210727	
0.0052668	1.46025312	
0.0052668	1.46025312	
0.0052668	1.46025312	
0.0052668	1.46025312	
0.0052668	1.46025312	
0.0052668	1.25705087	
0.0052668	1.25705087	
0.0052668	1.25705087	
0.0052668	1.25705087	
0.0052668	1.25705087	
0.0052668	1.12867582	
0.0052668	1.12867582	
0.0052668	1.12867582	
0.0052668	1.12867582	
0.0052668	1.12867582	
0.0052668	1.19634724	
0.0052668	1.19634724	
0.0052668	1.19634724	
0.0052668	1.19634724	
0.0052668	1.19634724	
0.0052668	0.96269101	
0.0052668	0.96269101	
0.0052668	0.96269101	
0.0052668	0.96269101	
0.0052668	0.96269101	
0.0052668	1.19581568	
0.0052668	1.19581568	
0.0052668	1.19581568	
0.0052668	1.19581568	
0.0052668	1.19581568	
0.0052668	0.88050967	
0.0052668	0.88050967	
0.0052668	0.88050967	
0.0052668	0.88050967	
0.0052668	0.88050967	
0.0052668	0.75590354	
0.0052668	0.75590354	
0.0052668	0.75590354	
0.0052668	0.75590354	
0.0052668	0.75590354	
0.0052668	0.86051971	
0.0052668	0.86051971	
0.0052668	0.86051971	
0.0052668	0.86051971	
0.0052668	0.86051971	
0.0052668	0.90463543	
0.0052668	0.90463543	
0.0052668	0.90463543	
0.0052668	0.90463543	
0.0052668	0.90463543	
0.0052668	0.63254929	
0.0052668	0.63254929	
0.0052668	0.63254929	
0.0052668	0.63254929	
0.0052668	0.63254929	
0.0052668	0.76666921	
0.0052668	0.76666921	
0.0052668	0.76666921	
0.0052668	0.76666921	
0.0052668	0.76666921	
0.0052668	0.81909859	
0.0052668	0.81909859	
0.0052668	0.81909859	
0.0052668	0.81909859	
0.0052668	0.81909859	
0.0052668	0.62467879	
0.0052668	0.62467879	
0.0052668	0.62467879	
0.0052668	0.62467879	
0.0052668	0.62467879	
0.0052668	0.6350975	
0.0052668	0.6350975	
0.0052668	0.6350975	
0.0052668	0.6350975	
0.0052668	0.6350975	
0.0052668	0.6249007	
0.0052668	0.6249007	
0.0052668	0.6249007	
0.0052668	0.6249007	
0.0052668	0.6249007	
0.0052668	0.57747108	
0.0052668	0.57747108	
0.0052668	0.57747108	
0.0052668	0.57747108	
0.0052668	0.57747108	
0.0052668	0.45679718	
0.0052668	0.45679718	
0.0052668	0.45679718	
0.0052668	0.45679718	
0.0052668	0.45679718	
0.0052668	0.4110058	
0.0052668	0.4110058	
0.0052668	0.4110058	
0.0052668	0.4110058	
0.0052668	0.4110058	
0.0052668	0.37460044	
0.0052668	0.37460044	
0.0052668	0.37460044	
0.0052668	0.37460044	
0.0052668	0.37460044	
0.0052668	0.32483524	
0.0052668	0.32483524	
0.0052668	0.32483524	
0.0052668	0.32483524	
0.0052668	0.32483524	
0.0052668	0.30835912	
0.0052668	0.30835912	
0.0052668	0.30835912	
0.0052668	0.30835912	
0.0052668	0.30835912	
0.0052668	0.29083675	
0.0052668	0.29083675	
0.0052668	0.29083675	
0.0052668	0.29083675	
0.0052668	0.29083675	
0.0052668	0.23441266	
0.0052668	0.23441266	
0.0052668	0.23441266	
0.0052668	0.23441266	
0.0052668	0.23441266	
0.0052668	0.19621345	
0.0052668	0.19621345	
0.0052668	0.19621345	
0.0052668	0.19621345	
0.0052668	0.19621345	
0.0052668	0.22275187	
0.0052668	0.22275187	
0.0052668	0.22275187	
0.0052668	0.22275187	
0.0052668	0.22275187	
0.0052668	0.39011404	
0.0052668	0.39011404	
0.0052668	0.39011404	
0.0052668	0.39011404	
0.0052668	0.39011404	
0.0052668	0.48502603	
0.0052668	0.48502603	
0.0052668	0.48502603	
0.0052668	0.48502603	
0.0052668	0.48502603	
0.0052668	0.46205264	
0.0052668	0.46205264	
0.0052668	0.46205264	
0.0052668	0.46205264	
0.0052668	0.46205264	
0.0052668	0.46205264	
0.0052668	0.4608047	
0.0052668	0.4608047	
0.0052668	0.4608047	
0.0052668	0.4608047	
0.0052668	0.4608047	
0.0052668	0.39344662	
0.0052668	0.39344662	
0.0052668	0.39344662	
0.0052668	0.39344662	
0.0052668	0.39344662	
0.0052668	0.41636738	
0.0052668	0.41636738	
0.0052668	0.41636738	
0.0052668	0.41636738	
0.0052668	0.41636738	
0.0052668	0.63684338	
0.0052668	0.63684338	
0.0052668	0.63684338	
0.0052668	0.63684338	
0.0052668	0.63684338	
0.0052668	0.50091088	
0.0052668	0.50091088	
0.0052668	0.50091088	
0.0052668	0.50091088	
0.0052668	0.50091088	
0.0052668	0.4985089	
0.0052668	0.4985089	
0.0052668	0.4985089	
0.0052668	0.4985089	
0.0052668	0.4985089	
0.0052668	0.55300814	
0.0052668	0.55300814	
0.0052668	0.55300814	
0.0052668	0.55300814	
0.0052668	0.55300814	
0.0052668	0.70031416	
0.0052668	0.70031416	
0.0052668	0.70031416	
0.0052668	0.70031416	
0.0052668	0.70031416	
0.0052668	0.66132152	
0.0052668	0.66132152	
0.0052668	0.66132152	
0.0052668	0.66132152	
0.0052668	0.66132152	
0.0052668	1.70276976	
0.0052668	1.70276976	
0.0052668	1.70276976	
0.0052668	1.70276976	
0.0052668	1.70276976	
0.0052668	1.58077621	
0.0052668	1.58077621	
0.0052668	1.58077621	
0.0052668	1.58077621	
0.0052668	1.58077621	
0.0052668	1.13310015	
0.0052668	1.13310015	
0.0052668	1.13310015	
0.0052668	1.13310015	
0.0052668	1.13310015	
0.0052668	0.7854324	
0.0052668	0.7854324	
0.0052668	0.7854324	
0.0052668	0.7854324	
0.0052668	0.7854324	
0.0052668	0.53081554	
0.0052668	0.53081554	
0.0052668	0.53081554	
0.0052668	0.53081554	
0.0052668	0.53081554	
0.0052668	0.43528378	
0.0052668	0.43528378	
0.0052668	0.43528378	
0.0052668	0.43528378	
0.0052668	0.43528378	
0.0052668	0.34709424	
0.0052668	0.34709424	
0.0052668	0.34709424	
0.0052668	0.34709424	
0.0052668	0.34709424	
0.0052668	0.38485026	
0.0052668	0.38485026	
0.0052668	0.38485026	
0.0052668	0.38485026	
0.0052668	0.38485026	
0.0052668	0.3144362	
0.0052668	0.3144362	
0.0052668	0.3144362	
0.0052668	0.3144362	
0.0052668	0.3144362	
0.0052668	0.30385697	
0.0052668	0.30385697	
0.0052668	0.30385697	
0.0052668	0.30385697	
0.0052668	0.30385697	
0.0052668	0.23599242	
0.0052668	0.23599242	
0.0052668	0.23599242	
0.0052668	0.23599242	
0.0052668	0.23599242	
0.0052668	0.21530312	
0.0052668	0.21530312	
0.0052668	0.21530312	
0.0052668	0.21530312	
0.0052668	0.21530312	
0.0052668	0.19528611	
0.0052668	0.19528611	
0.0052668	0.19528611	
0.0052668	0.19528611	
0.0052668	0.19528611	
0.0052668	0.52068537	
0.0052668	0.52068537	
0.0052668	0.52068537	
0.0052668	0.52068537	
0.0052668	0.52068537	
0.0052668	0.41269523	
0.0052668	0.41269523	
0.0052668	0.41269523	
0.0052668	0.41269523	
0.0052668	0.41269523	
0.0052668	0.32657811	
0.0052668	0.32657811	
0.0052668	0.32657811	
0.0052668	0.32657811	
0.0052668	0.32657811	
0.0052668	0.56484491	
0.0052668	0.56484491	
0.0052668	0.56484491	
0.0052668	0.56484491	
0.0052668	0.56484491	
0.0052668	0.42490187	
0.0052668	0.42490187	
0.0052668	0.42490187	
0.0052668	0.42490187	
0.0052668	0.42490187	
0.0052668	0.49814197	
0.0052668	0.49814197	
0.0052668	0.49814197	
0.0052668	0.49814197	
0.0052668	0.49814197	
0.0052668	0.60544246	
0.0052668	0.60544246	
0.0052668	0.60544246	
0.0052668	0.60544246	
0.0052668	0.60544246	
0.0052668	3.52271199	
0.0052668	3.52271199	
0.0052668	3.52271199	
0.0052668	3.52271199	
0.0052668	3.52271199	
0.0052668	3.92769051	
0.0052668	3.92769051	
0.0052668	3.92769051	
0.0052668	3.92769051	
0.0052668	3.92769051	
0.0052668	6.82736015	
0.0052668	6.82736015	
0.0052668	6.82736015	
0.0052668	6.82736015	
0.0052668	6.82736015	
0.0052668	8.94022369	
0.0052668	8.94022369	
0.0052668	8.94022369	
0.0052668	8.94022369	
0.0052668	8.94022369	
0.0052668	7.95027781	
0.0052668	7.95027781	
0.0052668	7.95027781	
0.0052668	7.95027781	
0.0052668	7.95027781	
0.0052668	7.78209066	
0.0052668	7.78209066	
0.0052668	7.78209066	
0.0052668	7.78209066	
0.0052668	7.78209066	
0.0052668	6.83002186	
0.0052668	6.83002186	
0.0052668	6.83002186	
0.0052668	6.83002186	
0.0052668	6.83002186	
0.0052668	7.25071526	
0.0052668	7.25071526	
0.0052668	7.25071526	
0.0052668	7.25071526	
0.0052668	7.25071526	
0.0052668	7.46397638	
0.0052668	7.46397638	
0.0052668	7.46397638	
0.0052668	7.46397638	
0.0052668	7.46397638	
0.0052668	6.67503881	
0.0052668	6.67503881	
0.0052668	6.67503881	
0.0052668	6.67503881	
0.0052668	6.67503881	
0.0052668	6.48387861	
0.0052668	6.48387861	
0.0052668	6.48387861	
0.0052668	6.48387861	
0.0052668	6.48387861	
0.0052668	6.84033394	
0.0052668	6.84033394	
0.0052668	6.84033394	
0.0052668	6.84033394	
0.0052668	6.84033394	
0.0052668	6.10533857	
0.0052668	6.10533857	
0.0052668	6.10533857	
0.0052668	6.10533857	
0.0052668	6.10533857	
0.0052668	6.46816063	
0.0052668	6.46816063	
0.0052668	6.46816063	
0.0052668	6.46816063	
0.0052668	6.46816063	
0.0052668	5.16857338	
0.0052668	5.16857338	
0.0052668	5.16857338	
0.0052668	5.16857338	
0.0052668	5.16857338	
0.0052668	5.2776413	
0.0052668	5.2776413	
0.0052668	5.2776413	
0.0052668	5.2776413	
0.0052668	5.2776413	
0.0052668	4.96832418	
0.0052668	4.96832418	
0.0052668	4.96832418	
0.0052668	4.96832418	
0.0052668	4.96832418	
0.0052668	5.42644596	
0.0052668	5.42644596	
0.0052668	5.42644596	
0.0052668	5.42644596	
0.0052668	5.42644596	
0.0052668	5.36058998	