Day fraction since midnight on 7/15/2019	Fluoride Probe (volts)	Fluoride Concentration (mg/L)	pH (volts)	Turbidity (1)	Time (sec)
Started experiment
0.43507466	0.12105724	0.921403735	0.07316099	0.15000001	0
0.43513251	0.12175095	0.893121231	0.07458361	0.15000001	4.99824
0.4351904	0.12194922	0.885198479	0.07170428	0.15000001	9.999936
0.43524825	0.12202371	0.882240098	0.07303418	0.14	14.998176
0.43530613	0.12259882	0.859729889	0.06941377	0.14	19.999008
0.435364	0.12247793	0.864413435	0.06839141	0.14	24.998976
0.43542185	0.12242126	0.866617731	0.06522062	0.13	29.997216
0.43547973	0.12224033	0.873693068	0.06876791	0.13	34.998048
0.43553759	0.12247781	0.864418097	0.06423454	0.13	39.997152
0.43559546	0.12275027	0.853898174	0.06190802	0.12	44.99712
0.43565332	0.12258423	0.860293788	0.06309651	0.12	49.996224
0.43571119	0.12305553	0.842263813	0.05563271	0.11	54.996192
0.43576907	0.12313405	0.839296902	0.03054936	0.11	59.997024
0.43582693	0.12249254	0.863846058	-0.06319012	0.11	64.996128
0.4358848	0.12262331	0.858784188	-0.09797931	0.11	69.996096
0.43594267	0.12312236	0.83973795	-0.10660445	0.11	74.996064
0.43600054	0.1240503	0.805438932	-0.10635173	0.11	79.996032
0.4360584	0.12390994	0.810535626	-0.10313205	0.11	84.995136
0.43611626	0.12441196	0.792453673	-0.09767604	0.11	89.99424
0.43617413	0.12467484	0.783146652	-0.09265151	0.11	94.994208
0.436232	0.12418157	0.800701317	-0.08924813	0.11	99.994176
0.43628986	0.12454452	0.787746767	-0.08475266	0.11	104.99328
0.43634774	0.1245646	0.787036214	-0.0875624	0.11	109.994112
0.43640561	0.12462825	0.784788121	-0.08810692	0.11	114.99408
0.43646347	0.12447716	0.790135064	-0.0878003	0.11	119.993184
0.43652134	0.12452429	0.788463277	-0.09127872	0.11	124.993152
0.43657921	0.12439385	0.793098898	-0.1270164	0.11	129.99312
0.43663706	0.12456695	0.786953098	-0.16251941	0.11	134.99136
0.43669494	0.12423802	0.798672579	-0.17472115	0.11	139.992192
0.4367528	0.1247874	0.779195067	-0.18772911	0.11	144.991296
0.43681068	0.12519401	0.765085802	-0.18014665	0.11	149.992128
0.43686853	0.12620488	0.731106063	-0.18234897	0.11	154.990368
0.4369264	0.12678373	0.712332275	-0.18045875	0.11	159.990336
0.43698427	0.12685965	0.709905999	-0.18333466	0.11	164.990304
0.43704214	0.12638627	0.725170432	-0.18702729	0.11	169.990272
0.43709997	0.12615874	0.732623639	-0.18787427	0.11	174.986784
0.43715788	0.12610269	0.7344714	-0.18591097	0.11	179.990208
0.43721574	0.1265121	0.721081226	-0.18841921	0.11	184.989312
0.43727361	0.12699245	0.705681787	-0.18868418	0.11	189.98928
0.43733148	0.12710524	0.702113815	-0.18646559	0.11	194.989248
0.43738935	0.12677442	0.712630378	-0.18794204	0.11	199.989216
0.4374472	0.127664	0.684702422	-0.1853729	0.11	204.987456
0.43750507	0.12819175	0.668654005	-0.1888392	0.11	209.987424
0.43756294	0.12868175	0.654090476	-0.18664351	0.11	214.987392
0.43762082	0.12898548	0.645222858	-0.18328492	0.12	219.988224
0.43767867	0.12828176	0.665954673	-0.18602107	0.12	224.986464
0.43773655	0.12837781	0.663086224	-0.18729103	0.12	229.987296
0.43779441	0.12894335	0.646445656	-0.18443918	0.13	234.9864
0.43785228	0.12834044	0.664200775	-0.18298508	0.13	239.986368
0.43791015	0.12870564	0.653388596	-0.1840378	0.13	244.986336
0.43796802	0.12898225	0.645316525	-0.18283272	0.14	249.986304
0.43802589	0.12907739	0.642563248	-0.18460327	0.14	254.986272
0.43808373	0.12846918	0.660369007	-0.18309891	0.14	259.983648
0.43814161	0.12916538	0.640027343	-0.18123171	0.14	264.98448
0.43819949	0.12913913	0.640782829	-0.18174025	0.15000001	269.985312
0.43825733	0.12904772	0.643420612	-0.18101281	0.14	274.982688
0.4383152	0.12866063	0.654711603	-0.18142037	0.17	279.982656
0.43837309	0.12903	0.643933206	-0.18308719	0.16	284.984352
0.43843096	0.12948956	0.630770411	-0.18121022	0.16	289.98432
0.4384888	0.13021034	0.610665544	-0.18226512	0.16	294.981696
0.43854669	0.12985991	0.620358831	-0.18265703	0.17	299.983392
0.43860456	0.12976703	0.622953692	-0.18337181	0.17	304.98336
0.43866242	0.12943678	0.632268363	-0.18197589	0.16	309.982464
0.43872029	0.13052019	0.602220989	-0.18386877	0.17	314.982432
0.43877814	0.13017419	0.611658447	-0.18377027	0.17	319.980672
0.43883603	0.13021167	0.610629045	-0.18287063	0.18000001	324.982368
0.43889389	0.12984928	0.620655261	-0.18297943	0.17	329.981472
0.43895174	0.13007459	0.614402438	-0.18296885	0.18000001	334.979712
0.43900963	0.13054037	0.601675077	-0.18220694	0.18000001	339.981408
0.43906747	0.1304279	0.604723947	-0.18375792	0.17	344.978784
0.43912534	0.12988697	0.61960487	-0.18151206	0.17	349.978752
0.43918321	0.13059105	0.600306258	-0.18018994	0.17	354.97872
0.4392411	0.13029176	0.608435146	-0.18054509	0.18000001	359.980416
0.43929894	0.13043875	0.60442915	-0.18155362	0.19	364.977792
0.43935681	0.13113198	0.585888825	-0.18261535	0.19	369.97776
0.43941468	0.13064662	0.598808942	-0.18310459	0.19	374.977728
0.43947254	0.13088572	0.592408961	-0.1828845	0.19	379.976832
0.43953041	0.13035162	0.606800555	-0.18343244	0.19	384.9768
0.43958829	0.13087142	0.592789798	-0.18214981	0.2	389.977632
0.43964617	0.13076322	0.595679323	-0.18151741	0.2	394.978464
0.43970402	0.13069807	0.597425969	-0.18253611	0.19	399.976704
0.43976189	0.13021763	0.610465511	-0.18061481	0.18000001	404.976672
0.43981975	0.13096966	0.590178401	-0.18239938	0.2	409.975776
0.43987759	0.13050435	0.602649841	-0.18413754	0.20999999	414.973152
0.43993549	0.13007107	0.61449964	-0.18196899	0.20999999	419.975712
0.43999336	0.13086198	0.593041338	-0.18184036	0.2	424.97568
0.44005123	0.13078198	0.595177322	-0.18393436	0.20999999	429.975648
0.44010907	0.13054535	0.601540434	-0.18269233	0.2	434.973024
0.44016696	0.13084804	0.593412981	-0.18264757	0.19	439.97472
0.44022483	0.13119617	0.584201113	-0.18259138	0.19	444.974688
0.44028269	0.13098219	0.589846159	-0.18132843	0.2	449.973792
0.44034056	0.13106821	0.587570323	-0.1835359	0.2	454.97376
0.44039842	0.1309578	0.59049305	-0.18483055	0.2	459.972864
0.44045629	0.13098583	0.589749677	-0.18263522	0.2	464.972832
0.44051415	0.13117228	0.584828671	-0.18185143	0.23	469.971936
0.44057203	0.13150246	0.5762147	-0.18611436	0.22	474.972768
0.4406299	0.13094531	0.590824594	-0.1838944	0.2	479.972736
0.44068776	0.13081716	0.594237077	-0.1856685	0.19	484.97184
0.44074562	0.130714	0.59699842	-0.18434031	0.2	489.970944
0.44080349	0.13071175	0.597058789	-0.18356188	0.20999999	494.970912
0.44086137	0.13088758	0.592359443	-0.18552482	0.2	499.971744
0.44091923	0.13118762	0.584425632	-0.18520562	0.2	504.970848
0.44097709	0.1313487	0.580210201	-0.18914904	0.19	509.969952
0.44103496	0.13111109	0.586439125	-0.18444888	0.19	514.96992
0.44109282	0.13190934	0.565774035	-0.19164196	0.19	519.969024
0.44115069	0.13235563	0.55453952	-0.19520287	0.19	524.968992
0.44120857	0.13270046	0.546012076	-0.19918755	0.19	529.969824
0.44126644	0.13224246	0.557367074	-0.19976959	0.2	534.969792
0.4413243	0.13245818	0.551989698	-0.19632047	0.19	539.968896
0.44138216	0.13083038	0.593884134	-0.19162455	0.2	544.968
0.44144003	0.13124658	0.582879119	-0.18863222	0.2	549.967968
Floc weir: 8 cm		212.4207106			#VALUE!
0.44149789	0.13147457	0.576937382	-0.18767303	0.2	554.967072
0.44155577	0.13139348	0.579043728	-0.18451941	0.19	559.967904
0.44161364	0.13072644	0.596664752	-0.18653989	0.19	564.967872
0.44167151	0.13107437	0.587407684	-0.1893889	0.2	569.96784
0.44172936	0.13157819	0.574256958	-0.18632257	0.2	574.96608
0.44178722	0.13070922	0.597126679	-0.1846257	0.20999999	579.965184
0.44184511	0.13084836	0.593404447	-0.18641387	0.20999999	584.96688
0.44190297	0.13077489	0.595366994	-0.18639161	0.20999999	589.965984
0.44196085	0.13077316	0.595413285	-0.18515317	0.20999999	594.966816
0.44201874	0.1307966	0.594786397	-0.18530749	0.20999999	599.968512
0.44207659	0.13088226	0.592501085	-0.18333079	0.20999999	604.966752
0.44213447	0.13145421	0.57746552	-0.18532185	0.20999999	609.967584
0.44219234	0.13107824	0.58730553	-0.18556786	0.20999999	614.967552
0.44225023	0.13121811	0.583625372	-0.1870624	0.20999999	619.969248
0.44230808	0.13127121	0.58223429	-0.18653193	0.2	624.967488
0.44236596	0.1321419	0.559891661	-0.18625708	0.2	629.96832
0.44242385	0.13150531	0.576140903	-0.18680035	0.20999999	634.970016
0.44248171	0.13123029	0.583305994	-0.18625335	0.20999999	639.96912
0.44253959	0.13181178	0.568260082	-0.18456493	0.20999999	644.969952
0.44259748	0.13159636	0.573788224	-0.1847285	0.2	649.971648
0.44265534	0.13194893	0.564768298	-0.18524234	0.19	654.970752
0.44271317	0.13159689	0.573774558	-0.18463096	0.22	659.967264
0.44277108	0.13108717	0.587069879	-0.18558475	0.20999999	664.970688
0.44282895	0.13179204	0.568764428	-0.18592077	0.2	669.970656
0.44288682	0.13213621	0.560034851	-0.18679135	0.20999999	674.970624
0.4429447	0.1316825	0.571571262	-0.1855855	0.20999999	679.971456
0.44300257	0.13194592	0.564844701	-0.18533778	0.2	684.971424
0.44306044	0.13201281	0.563149271	-0.18555366	0.19	689.971392
0.4431183	0.13165483	0.572282462	-0.18513522	0.19	694.970496
0.44317619	0.1317447	0.569975765	-0.18640077	0.19	699.972192
0.44323406	0.13236122	0.554400226	-0.18322317	0.20999999	704.97216
0.44329193	0.13199759	0.563534597	-0.18298344	0.2	709.972128
0.4433498	0.13232057	0.555413958	-0.18212605	0.2	714.972096
0.44340767	0.13234742	0.554744164	-0.18605396	0.19	719.972064
0.44346556	0.13247783	0.551502457	-0.1846509	0.19	724.97376
0.44352341	0.13260819	0.548280925	-0.18510495	0.19	729.972
0.44358129	0.13260108	0.548456146	-0.18664479	0.2	734.972832
0.44363917	0.13251434	0.550598297	-0.18675292	0.2	739.973664
0.44369704	0.1332107	0.533634117	-0.18806386	0.2	744.973632
0.44375492	0.1327495	0.544810043	-0.18719946	0.19	749.974464
0.44381279	0.13279964	0.543583784	-0.18962909	0.19	754.974432
0.44387067	0.1329653	0.539551876	-0.18922792	0.19	759.975264
0.44392852	0.13255797	0.549519757	-0.18793616	0.19	764.973504
0.44398641	0.13273655	0.545127207	-0.18934834	0.19	769.9752
0.44404429	0.13270569	0.545883756	-0.18831882	0.18000001	774.976032
0.44410216	0.13266256	0.54694287	-0.18862265	0.19	779.976
0.44416002	0.13272148	0.545496525	-0.18870756	0.19	784.975104
0.4442179	0.13243966	0.552449314	-0.18767613	0.19	789.975936
0.44427577	0.13258108	0.54894933	-0.18626238	0.19	794.975904
0.44433363	0.13310967	0.536062529	-0.18690047	0.19	799.975008
0.4443915	0.13262746	0.547806313	-0.18966679	0.18000001	804.974976
0.44444939	0.13252397	0.55036006	-0.1835245	0.19	809.976672
0.44450727	0.1330194	0.538241654	-0.18315236	0.19	814.977504
0.44456513	0.13260408	0.548382206	-0.18512234	0.18000001	819.976608
0.444623	0.13239816	0.55348062	-0.18234944	0.18000001	824.976576
0.44468089	0.13324572	0.532794927	-0.18215868	0.18000001	829.978272
0.44473875	0.13282652	0.542927524	-0.18494071	0.18000001	834.977376
0.44479663	0.13292143	0.540616683	-0.18472172	0.18000001	839.978208
0.4448545	0.13311517	0.535930044	-0.18515316	0.18000001	844.978176
0.44491237	0.1332093	0.533667693	-0.18649845	0.18000001	849.978144
0.44497021	0.13337366	0.529740283	-0.18729992	0.19	854.97552
0.44502812	0.13239002	0.553683131	-0.18220648	0.18000001	859.978944
0.445086	0.13266934	0.546776242	-0.18555517	0.18000001	864.979776
0.44514385	0.13266653	0.546845295	-0.19096278	0.18000001	869.978016
0.44520173	0.13210778	0.560750849	-0.19124971	0.18000001	874.978848
0.44525961	0.13215144	0.559651666	-0.1906226	0.18000001	879.97968
0.44531748	0.13277237	0.544250376	-0.19119824	0.17	884.979648
0.44537532	0.1321411	0.559911791	-0.1907672	0.18000001	889.977024
0.44543323	0.13251004	0.550704708	-0.1885681	0.18000001	894.980448
0.44549111	0.13244043	0.552430197	-0.18841389	0.18000001	899.98128
0.44554896	0.13281076	0.543312199	-0.19192009	0.17	904.97952
0.44560684	0.13250481	0.550834162	-0.19330963	0.18000001	909.980352
0.44566472	0.13256016	0.549465675	-0.18794015	0.18000001	914.981184
0.44572259	0.13260542	0.548349183	-0.18873231	0.19	919.981152
0.44578047	0.13232937	0.555194346	-0.18988553	0.18000001	924.981984
0.44583833	0.13220067	0.558414838	-0.1867144	0.18000001	929.981088
0.44589622	0.13222864	0.557713353	-0.18867764	0.17	934.982784
0.44595407	0.13204336	0.562376628	-0.18927546	0.17	939.981024
0.44601196	0.13233438	0.555069356	-0.18726562	0.17	944.98272
0.44606983	0.13174321	0.570013933	-0.1921376	0.17	949.982688
0.4461277	0.13162011	0.57317612	-0.18956202	0.17	954.982656
0.44618558	0.13236374	0.554337443	-0.19212681	0.17	959.983488
0.44624344	0.13201308	0.563142438	-0.19267535	0.17	964.982592
0.44630133	0.13151973	0.575767656	-0.19204305	0.16	969.984288
0.44635918	0.13226512	0.556799761	-0.19211747	0.16	974.982528
0.44641706	0.13267498	0.54663767	-0.19188035	0.16	979.98336
0.44647495	0.13186201	0.566978748	-0.19534411	0.16	984.985056
0.44653281	0.13093005	0.59122992	-0.19715793	0.17	989.98416
0.44659069	0.13119899	0.58412708	-0.19802547	0.17	994.984992
0.44664856	0.13102035	0.588835472	-0.19524775	0.16	999.98496
0.44670642	0.13103752	0.588381281	-0.19717887	0.16	1004.984064
0.4467643	0.13056646	0.600970021	-0.19742703	0.16	1009.984896
0.44682218	0.13061428	0.599679878	-0.19851619	0.16	1014.985728
0.44688005	0.13014996	0.612324856	-0.19962005	0.17	1019.985696
0.44693793	0.1310389	0.588344791	-0.2013347	0.17	1024.986528
0.4469958	0.13093349	0.591138524	-0.20583066	0.17	1029.986496
0.44705366	0.1308049	0.594564577	-0.21007845	0.17	1034.9856
0.44711154	0.13076441	0.595647467	-0.2088367	0.17	1039.986432
0.44716941	0.12982917	0.62121644	-0.2044863	0.17	1044.9864
Floc weir: 23.5 cm		212.4207106			#VALUE!
0.44722728	0.13035586	0.606684941	-0.20618328	0.17	1049.986368
0.44728517	0.12972102	0.624243126	-0.20386295	0.17	1054.988064
0.44734304	0.12929177	0.636402239	-0.2058768	0.16	1059.988032
0.4474009	0.1292098	0.638750946	-0.20556282	0.16	1064.987136
0.44745877	0.12868039	0.654130455	-0.20451327	0.16	1069.987104
0.44751666	0.12840399	0.662306526	-0.20618588	0.16	1074.9888
0.44757451	0.12867619	0.654253935	-0.20883118	0.15000001	1079.98704
0.44763239	0.1279438	0.676146554	-0.20865867	0.16	1084.987872
0.44769027	0.1275553	0.688055431	-0.20833136	0.16	1089.988704
0.44774815	0.12747036	0.690686953	-0.21163014	0.16	1094.989536
0.44780602	0.12786287	0.678610224	-0.21123965	0.16	1099.989504
0.44786388	0.12835936	0.663636257	-0.21334958	0.16	1104.988608
0.44792177	0.12782724	0.679697716	-0.21411198	0.16	1109.990304
0.44797962	0.12712455	0.701504779	-0.21770231	0.16	1114.988544
0.44803748	0.1272907	0.696286194	-0.21745095	0.16	1119.987648
0.44809535	0.12735242	0.694357543	-0.21506079	0.16	1124.987616
0.44815326	0.1269097	0.708311006	-0.2175945	0.17	1129.99104
0.44821112	0.12642483	0.723914856	-0.21861072	0.16	1134.990144
0.448269	0.12644252	0.723339569	-0.21853837	0.15000001	1139.990976
0.44832687	0.12636928	0.725724345	-0.21672076	0.15000001	1144.990944
0.44838473	0.12570825	0.747607091	-0.21905012	0.16	1149.990048
0.44844261	0.12628643	0.728431512	-0.22022721	0.15000001	1154.99088
0.44850049	0.12613489	0.733409317	-0.22231802	0.15000001	1159.991712
0.44855836	0.12581128	0.744153474	-0.22174589	0.15000001	1164.99168
0.44861624	0.12598114	0.73849448	-0.22348069	0.15000001	1169.992512
0.44867411	0.12609117	0.734851749	-0.22490147	0.15000001	1174.99248
0.44873199	0.1253686	0.759106246	-0.22679709	0.15000001	1179.993312
0.44878984	0.12560613	0.75104602	-0.22649409	0.15000001	1184.991552
0.44884773	0.12591009	0.740856302	-0.22844605	0.15000001	1189.993248
0.4489056	0.12527794	0.762205416	-0.22937736	0.15000001	1194.993216
0.44896348	0.12548286	0.755218263	-0.22977434	0.15000001	1199.994048
0.44902134	0.12516911	0.765942435	-0.22891086	0.15000001	1204.993152
0.44907922	0.12480987	0.778408615	-0.23253769	0.16	1209.993984
0.4491371	0.12475521	0.780323105	-0.2300186	0.15000001	1214.994816
0.44919495	0.12499631	0.771913742	-0.2306993	0.15000001	1219.993056
0.44925284	0.12514263	0.766854477	-0.23141594	0.15000001	1224.994752
0.4493107	0.12460225	0.785705654	-0.23278646	0.15000001	1229.993856
0.44936859	0.12425254	0.798151582	-0.23242417	0.15000001	1234.995552
0.44942645	0.12446592	0.790534291	-0.23418307	0.15000001	1239.994656
0.44948432	0.12459745	0.785875162	-0.23355459	0.15000001	1244.994624
0.44954221	0.1247784	0.779510291	-0.23548749	0.15000001	1249.99632
0.44960007	0.12446421	0.790595045	-0.23679432	0.15000001	1254.995424
0.44965794	0.12428684	0.796922199	-0.23802896	0.14	1259.995392
0.44971583	0.12384436	0.812927982	-0.23765272	0.14	1264.997088
0.4497737	0.12400965	0.806911692	-0.23782848	0.14	1269.997056
0.44983156	0.12430115	0.79640986	-0.23626792	0.14	1274.99616
0.44988944	0.12354999	0.823753872	-0.23948845	0.14	1279.996992
0.44994731	0.12330768	0.832773274	-0.23981258	0.14	1284.99696
0.45000517	0.12406351	0.804960909	-0.23802035	0.14	1289.996064
0.45006305	0.12298848	0.844805625	-0.2388646	0.14	1294.996896
0.45012092	0.12299141	0.844694391	-0.2404477	0.14	1299.996864
0.4501788	0.12343583	0.827990966	-0.24192412	0.14	1304.997696
0.45023667	0.1228193	0.851253253	-0.24236903	0.14	1309.997664
0.45029455	0.12378155	0.815225908	-0.24373809	0.14	1314.998496
0.45035243	0.12391428	0.810377552	-0.24668904	0.13	1319.999328
0.45041028	0.12321489	0.836253247	-0.24330531	0.14	1324.997568
Floc weir: 32 cm		212.4207106			#VALUE!
0.45046816	0.12262531	0.858707002	-0.24396209	0.13	1329.9984
0.45052605	0.12298085	0.845095358	-0.24287777	0.14	1335.000096
0.4505839	0.12247135	0.86466909	-0.24313027	0.14	1339.998336
0.45064178	0.12288614	0.848700051	-0.24494486	0.14	1344.999168
0.45069965	0.12238131	0.868175046	-0.24438116	0.13	1349.999136
0.45075754	0.12280014	0.851986556	-0.2451832	0.13	1355.000832
0.45081539	0.12255299	0.86150245	-0.24578504	0.13	1359.999072
0.45087328	0.12244555	0.865672234	-0.24591389	0.14	1365.000768
0.45093116	0.12226266	0.87281673	-0.24547179	0.14	1370.0016
0.45098901	0.12234852	0.869455343	-0.24770868	0.13	1374.99984
0.4510469	0.1226484	0.857816396	-0.24839227	0.13	1380.001536
0.45110477	0.12214454	0.87746233	-0.24712178	0.13	1385.001504
0.45116265	0.12195462	0.884983684	-0.24794134	0.13	1390.002336
0.4512205	0.1224467	0.865627496	-0.24880652	0.13	1395.000576
0.45127839	0.12202542	0.882172302	-0.24926001	0.13	1400.002272
0.45133627	0.1220089	0.882827491	-0.24789077	0.13	1405.003104
0.45139412	0.12201187	0.882709664	-0.24927916	0.13	1410.001344
0.451452	0.12175003	0.893158159	-0.24694082	0.13	1415.002176
0.45150987	0.12151567	0.902614934	-0.24888317	0.13	1420.002144
0.45156775	0.12153304	0.901910606	-0.24943703	0.13	1425.002976
0.45162561	0.12177794	0.892038571	-0.24887967	0.13	1430.00208
0.4516835	0.12178098	0.891916709	-0.2519874	0.13	1435.003776
0.45174138	0.12097307	0.92489571	-0.24892224	0.13	1440.004608
0.45179924	0.1215423	0.901535351	-0.2501168	0.13	1445.003712
0.45185712	0.12131296	0.910875304	-0.2518585	0.13	1450.004544
0.45191498	0.12076831	0.933445978	-0.24863334	0.13	1455.003648
0.45197286	0.12075509	0.934000721	-0.25053421	0.13	1460.00448
0.45203072	0.12143809	0.905767409	-0.25116056	0.13	1465.003584
0.4520886	0.12091642	0.927253405	-0.25074473	0.13	1470.004416
0.45214647	0.12114059	0.917958772	-0.25239402	0.13	1475.004384
0.45220435	0.12090486	0.927735255	-0.24986263	0.13	1480.005216
0.45226222	0.12037629	0.950036911	-0.25164315	0.12	1485.005184
0.4523201	0.12078156	0.932890307	-0.25144747	0.13	1490.006016
0.45237797	0.12098923	0.924224252	-0.2513212	0.13	1495.005984
0.45243584	0.12067548	0.937348325	-0.25264829	0.13	1500.005952
0.45249371	0.12028985	0.953734692	-0.25119808	0.12	1505.00592
0.45255158	0.1203896	0.949468803	-0.25130296	0.12	1510.005888
0.45260945	0.12000658	0.965953746	-0.25005716	0.12	1515.005856
0.45266733	0.12045706	0.946594643	-0.24922134	0.12	1520.006688
0.45272521	0.12046275	0.946352616	-0.25068974	0.12	1525.00752
0.45278308	0.1206068	0.940245961	-0.25107273	0.12	1530.007488
0.45284094	0.12083648	0.930590627	-0.25036317	0.12	1535.006592
0.45289883	0.12024783	0.955537443	-0.2508412	0.12	1540.008288
0.45295671	0.12027695	0.954287768	-0.25348961	0.12	1545.00912
0.45301456	0.12021542	0.956930232	-0.25097543	0.12	1550.00736
0.45307244	0.1200771	0.962897258	-0.25114968	0.12	1555.008192
0.45313031	0.12048549	0.945385978	-0.25297955	0.12	1560.00816
0.4531882	0.11962524	0.982650711	-0.2522189	0.12	1565.009856
0.45324605	0.12001295	0.965677258	-0.25151554	0.12	1570.008096
0.45330394	0.11966973	0.98068794	-0.25034705	0.12	1575.009792
0.45336182	0.11983931	0.973242443	-0.25362721	0.12	1580.010624
0.45341968	0.12007602	0.962943994	-0.25319096	0.12	1585.009728
0.45347756	0.11926787	0.998560029	-0.25117403	0.12	1590.01056
0.4535354	0.11943453	0.991108897	-0.25323284	0.12	1595.007936
0.45359331	0.12029713	0.953422709	-0.25243253	0.12	1600.01136
0.45365116	0.12001973	0.965383062	-0.25168926	0.12	1605.0096
0.45370905	0.11981283	0.974401326	-0.25416332	0.12	1610.011296
0.45376693	0.11990953	0.970175971	-0.25440416	0.12	1615.012128
0.45382478	0.1198925	0.970918774	-0.25587505	0.12	1620.010368
0.45388267	0.11967502	0.980454822	-0.25455403	0.12	1625.012064
0.45394054	0.11936554	0.994186574	-0.2558865	0.12	1630.012032
0.45399841	0.11951412	0.987570182	-0.25520906	0.12	1635.012
0.45405627	0.11943867	0.990924512	-0.2558876	0.12	1640.011104
0.45411415	0.11967391	0.980503733	-0.25419784	0.12	1645.011936
Floc weir: 42.5 cm		212.4207106			#VALUE!
0.45417202	0.11983077	0.973616041	-0.25624433	0.12	1650.011904
0.45422989	0.11972904	0.978077449	-0.25433937	0.12	1655.011872
0.45428778	0.11989386	0.970859434	-0.25482616	0.12	1660.013568
0.45434564	0.11975628	0.976880828	-0.25532576	0.12	1665.012672
0.45440352	0.11945137	0.990359104	-0.25403705	0.12	1670.013504
0.45446139	0.11936353	0.994276384	-0.25648823	0.12	1675.013472
0.45451927	0.11927977	0.998026145	-0.25447926	0.12	1680.014304
0.45457715	0.11961409	0.983143233	-0.25448054	0.12	1685.015136
0.45463501	0.1197691	0.976318168	-0.25444612	0.12	1690.01424
0.45469288	0.11948432	0.988893661	-0.25602698	0.12	1695.014208
0.45475075	0.11944516	0.990635535	-0.25525463	0.12	1700.014176
0.45480862	0.11968081	0.980199733	-0.25619024	0.12	1705.014144
0.45486649	0.11961076	0.983290374	-0.25540265	0.12	1710.014112
0.45492438	0.11953873	0.986478537	-0.25498629	0.12	1715.015808
0.45498224	0.11921793	1.000803664	-0.25530848	0.12	1720.014912
0.45504011	0.11914337	1.004162778	-0.25391278	0.12	1725.01488
0.45509799	0.11943873	0.99092184	-0.25497866	0.12	1730.015712
0.45515584	0.11910802	1.005759322	-0.25775397	0.12	1735.013952
0.45521374	0.11942876	0.991365934	-0.25687718	0.12	1740.016512
0.4552716	0.11903071	1.009259793	-0.25436062	0.12	1745.015616
0.45532947	0.11930969	0.996685068	-0.255606	0.12	1750.015584
0.45538735	0.11895678	1.012618619	-0.25512519	0.12	1755.016416
0.4554452	0.11933202	0.995685365	-0.25460514	0.12	1760.014656
0.45550307	0.11912676	1.004912635	-0.25627452	0.12	1765.014624
0.45556095	0.11931818	0.996304857	-0.25457281	0.12	1770.015456
0.45561882	0.11878066	1.020665295	-0.25434297	0.12	1775.015424
0.45567667	0.11922944	1.000286112	-0.25293839	0.12	1780.013664
0.45573454	0.11907469	1.007266959	-0.25365901	0.11	1785.013632
0.45579242	0.11924729	0.999484009	-0.25466397	0.11	1790.014464
0.45585027	0.1189185	1.014362165	-0.25764474	0.11	1795.012704
0.45590811	0.11948761	0.988747459	-0.25648192	0.11	1800.01008
0.45596602	0.11889082	1.015624782	-0.25593656	0.11	1805.013504
0.45602389	0.11910228	1.006018802	-0.2575919	0.11	1810.013472
0.45608174	0.11898422	1.011370648	-0.25847077	0.11	1815.011712
0.4561396	0.11889888	1.015256965	-0.2554141	0.11	1820.010816
0.45619748	0.11909501	1.006347542	-0.25644711	0.12	1825.011648
0.45625534	0.11884105	1.017898983	-0.25586253	0.11	1830.010752
0.45631322	0.11869396	1.024649952	-0.25637338	0.11	1835.011584
0.45637108	0.11919456	1.00185533	-0.25850165	0.11	1840.010688
0.45642895	0.11917113	1.002910806	-0.25734314	0.11	1845.010656
0.45648681	0.11928155	0.997946311	-0.25823587	0.11	1850.00976
0.45654468	0.1189391	1.01342352	-0.25793311	0.11	1855.009728
0.45660255	0.11846367	1.03530958	-0.25688198	0.11	1860.009696
0.45666041	0.11895149	1.012859385	-0.25665304	0.11	1865.0088
0.45671829	0.11914985	1.003870391	-0.25710073	0.11	1870.009632
0.45677616	0.11898426	1.01136883	-0.25676075	0.11	1875.0096
0.45683403	0.11893967	1.01339756	-0.25719255	0.11	1880.009568
0.45689188	0.11900311	1.010512425	-0.25651854	0.11	1885.007808
0.45694972	0.11889245	1.015550386	-0.25830951	0.11	1890.005184
0.45700763	0.11882409	1.018675119	-0.25795203	0.11	1895.008608
0.45706549	0.11912628	1.004934312	-0.25710496	0.11	1900.007712
0.45712336	0.11853452	1.032018329	-0.25859204	0.11	1905.00768
0.45718122	0.11884458	1.017737514	-0.25700712	0.11	1910.006784
0.4572391	0.11866996	1.025755718	-0.25699294	0.11	1915.007616
0.45729695	0.11852692	1.032370876	-0.25917372	0.11	1920.005856
0.45735483	0.11865397	1.026493097	-0.25917456	0.11	1925.006688
0.45741269	0.11918069	1.002480012	-0.25909024	0.11	1930.005792
0.45747054	0.11899859	1.010717714	-0.25966796	0.11	1935.004032
0.45752843	0.11886422	1.016839615	-0.26042873	0.11	1940.005728
0.4575863	0.11874661	1.022228353	-0.25874266	0.11	1945.005696
0.45764417	0.11879749	1.019893601	-0.25850478	0.11	1950.005664
Floc weir: 50 cm		212.4207106			#VALUE!
0.45770201	0.11876889	1.021205324	-0.25764656	0.11	1955.00304
0.45775989	0.11887018	1.016567293	-0.25493443	0.11	1960.003872
0.45781777	0.11883933	1.017977668	-0.25859961	0.11	1965.004704
0.45787561	0.118499	1.033667057	-0.25776389	0.11	1970.00208
0.45793348	0.11845727	1.0356074	-0.25785601	0.11	1975.002048
0.45799137	0.11880124	1.019721734	-0.25967756	0.11	1980.003744
0.45804924	0.11843481	1.036653243	-0.25873208	0.11	1985.003712
0.45810706	0.11859439	1.029245298	-0.25800729	0.11	1989.99936
0.45816495	0.11868081	1.025255672	-0.25665912	0.11	1995.001056
0.45822284	0.1185797	1.029925012	-0.25926498	0.11	2000.002752
0.45828068	0.11821789	1.046808567	-0.25843763	0.11	2005.000128
0.45833857	0.11868943	1.024858574	-0.25913274	0.11	2010.001824
0.45839642	0.11864429	1.026939747	-0.25826523	0.11	2015.000064
0.45845431	0.11843072	1.036843806	-0.25839379	0.11	2020.00176
0.45851217	0.11854791	1.031397489	-0.25772411	0.11	2025.000864
0.45857002	0.11862767	1.027707074	-0.25925696	0.11	2029.999104
0.45862789	0.11823271	1.046111599	-0.25773889	0.11	2034.999072
0.45868575	0.11866622	1.025928141	-0.25685024	0.11	2039.998176
0.45874362	0.1178996	1.061889987	-0.25732756	0.11	2044.998144
0.45880149	0.11843759	1.036523735	-0.25640875	0.11	2049.998112
0.45885938	0.11851852	1.032760674	-0.25619882	0.11	2054.999808
0.45891723	0.11858878	1.029504823	-0.2560271	0.11	2059.998048
0.4589751	0.11883134	1.018343267	-0.2563912	0.11	2064.998016
0.45903298	0.11856219	1.030735795	-0.25782886	0.11	2069.998848
0.45909082	0.1183104	1.04246551	-0.25882062	0.11	2074.996224
0.45914869	0.11859878	1.029042258	-0.2557801	0.11	2079.996192
0.45920657	0.11880972	1.019333193	-0.25731742	0.11	2084.997024
0.45926445	0.11824751	1.045416035	-0.25852373	0.11	2089.997856
0.4593223	0.1182107	1.047146873	-0.25749287	0.11	2094.996096
0.45938016	0.11850859	1.03322166	-0.25721818	0.11	2099.9952
0.45943804	0.11863463	1.027385669	-0.25807098	0.11	2104.996032
0.45949589	0.11852385	1.032513321	-0.25808755	0.11	2109.994272
0.45955377	0.11822385	1.046528219	-0.25846681	0.11	2114.995104
0.45961164	0.11795886	1.059065724	-0.25810835	0.11	2119.995072
0.4596695	0.11839302	1.038601991	-0.25986227	0.11	2124.994176
0.45972736	0.11832817	1.041633329	-0.25788382	0.11	2129.99328
0.45978524	0.11833999	1.041080158	-0.25944248	0.11	2134.994112
0.45984311	0.11844241	1.036299233	-0.26049545	0.11	2139.99408
0.45990096	0.11874092	1.022489784	-0.26005054	0.11	2144.99232
0.45995883	0.11834882	1.04066711	-0.25992829	0.11	2149.992288
0.4600167	0.11853489	1.032001168	-0.25907552	0.11	2154.992256
0.46007457	0.11814386	1.050297076	-0.26107129	0.11	2159.992224
0.46013243	0.11852058	1.032665067	-0.25850058	0.11	2164.991328
0.46019031	0.11813887	1.050532637	-0.2581678	0.11	2169.99216
0.46024817	0.11849324	1.033934667	-0.25983354	0.11	2174.991264
0.46030603	0.11850421	1.03342506	-0.25998241	0.11	2179.990368
0.4603639	0.11867127	1.025695331	-0.25966546	0.11	2184.990336
0.46042178	0.1182021	1.047551665	-0.25984073	0.11	2189.991168
0.46047965	0.11878701	1.020374065	-0.25958613	0.11	2194.991136
0.4605375	0.11800244	1.056993546	-0.25988343	0.11	2199.989376
0.46059537	0.11817555	1.04880233	-0.25909525	0.11	2204.989344
0.46065324	0.11831404	1.042294992	-0.26014167	0.11	2209.989312
0.4607111	0.11848009	1.034545875	-0.25981817	0.11	2214.988416
0.46076897	0.11836392	1.039961144	-0.26017183	0.11	2219.988384
0.46082685	0.11872645	1.023154921	-0.25939175	0.11	2224.989216
0.46088471	0.11810572	1.052098879	-0.25919589	0.11	2229.98832
0.46094257	0.11840771	1.037916551	-0.26249081	0.11	2234.987424
0.46100045	0.11828823	1.043504678	-0.26311174	0.11	2239.988256
0.46105831	0.11853103	1.032180207	-0.26397571	0.11	2244.98736
0.46111618	0.11878929	1.020269517	-0.26313823	0.11	2249.987328
0.46117405	0.11871661	1.023607479	-0.26289368	0.11	2254.987296
0.46123192	0.11806837	1.053866356	-0.26151094	0.11	2259.987264
0.46128978	0.11847618	1.034727681	-0.26143312	0.11	2264.986368
Floc weir: 56.5 cm		212.4207106			#VALUE!
0.46134765	0.11884238	1.017838143	-0.26054442	0.11	2269.986336
0.46140552	0.11800417	1.05691137	-0.26093072	0.11	2274.986304
0.46146339	0.11844011	1.036406355	-0.26265174	0.11	2279.986272
0.46152124	0.11846044	1.035459875	-0.26227772	0.11	2284.984512
0.46157912	0.11868127	1.025234477	-0.2602213	0.11	2289.985344
0.46163698	0.11809478	1.052616274	-0.26230815	0.11	2294.984448
0.46169485	0.11851638	1.032860003	-0.26114872	0.11	2299.984416
0.46175272	0.11839563	1.038480175	-0.26166359	0.11	2304.984384
0.46181059	0.11830246	1.04283756	-0.26105532	0.11	2309.984352
0.46186846	0.11849782	1.033721874	-0.25937983	0.11	2314.98432
0.46192631	0.11864632	1.026846064	-0.26042217	0.11	2319.98256
0.46198418	0.11814091	1.050436329	-0.25893253	0.11	2324.982528
0.46204205	0.11814988	1.050012962	-0.26017666	0.11	2329.982496
0.46209992	0.11835282	1.040480052	-0.26104963	0.11	2334.982464
0.46215779	0.11832959	1.041566858	-0.26019928	0.11	2339.982432
0.46221565	0.11770213	1.071355655	-0.2603285	0.11	2344.981536
0.46227353	0.11767672	1.072579787	-0.25851741	0.11	2349.982368
0.46233139	0.11854029	1.031750752	-0.2593911	0.11	2354.981472
0.46238926	0.11845624	1.035655339	-0.26145336	0.11	2359.98144
0.46244712	0.11827523	1.044114505	-0.26110268	0.11	2364.980544
0.46250499	0.11887265	1.016454456	-0.25891718	0.11	2369.980512
0.46256286	0.11813892	1.050530276	-0.26035854	0.12	2374.98048
0.46262073	0.11855754	1.030951216	-0.26115894	0.12	2379.980448
0.4626786	0.11803259	1.055562322	-0.25992304	0.12	2384.980416
0.46273645	0.11822323	1.04655738	-0.26136056	0.11	2389.978656
0.46279432	0.11839312	1.038597324	-0.26082292	0.11	2394.978624
0.46285219	0.1179911	1.057532359	-0.26096398	0.11	2399.978592
0.46291007	0.11841722	1.037473052	-0.26067743	0.11	2404.979424
0.46296793	0.11811525	1.051648375	-0.26046738	0.11	2409.978528
0.4630258	0.11797806	1.058152286	-0.25894493	0.11	2414.978496
0.46308366	0.11831009	1.042480033	-0.25968406	0.11	2419.9776
0.46314152	0.11857451	1.030165263	-0.26060194	0.11	2424.976704
0.46319939	0.11805788	1.054363298	-0.25994235	0.11	2429.976672
0.46325726	0.11795706	1.059151399	-0.26051897	0.11	2434.97664
0.46331513	0.11811853	1.051493367	-0.25990567	0.11	2439.976608
0.46337299	0.11840308	1.03813254	-0.260304	0.11	2444.975712
0.46343087	0.11823644	1.045936255	-0.26097834	0.11	2449.976544
0.46348873	0.11840748	1.037927279	-0.25955749	0.11	2454.975648
0.46354656	0.11845772	1.035586457	-0.26079524	0.11	2459.97216
0.46360447	0.11820307	1.047506	-0.2601895	0.11	2464.975584
0.46366233	0.11797407	1.058342045	-0.26061669	0.11	2469.974688
0.46372021	0.11841495	1.037578897	-0.26007611	0.11	2474.97552
0.46377806	0.11829662	1.043111294	-0.26071131	0.11	2479.97376
0.46383593	0.1184343	1.036677003	-0.25833124	0.11	2484.973728
0.46389381	0.11884381	1.017772733	-0.26080644	0.11	2489.97456
0.46395166	0.11805458	1.054519677	-0.25993025	0.12	2494.9728
0.46400954	0.11834667	1.040767667	-0.25956908	0.11	2499.973632
0.4640674	0.11823117	1.046184002	-0.25979546	0.11	2504.972736
0.46412528	0.11833499	1.04131412	-0.26070052	0.11	2509.973568
0.4641831	0.1185184	1.032766243	-0.26026416	0.11	2514.969216
0.46424101	0.11824513	1.045527858	-0.25895032	0.11	2519.97264
0.46429887	0.11819684	1.047799324	-0.25962025	0.11	2524.971744
0.46435673	0.1183746	1.039462115	-0.26027313	0.11	2529.970848
0.4644146	0.11881372	1.019149971	-0.26102367	0.11	2534.970816
0.46447248	0.11871587	1.023641521	-0.26423475	0.11	2539.971648
0.46453034	0.1184591	1.035522233	-0.26184574	0.11	2544.970752
0.46458821	0.11834004	1.041077819	-0.26397389	0.11	2549.97072
0.46464608	0.11773063	1.069984323	-0.26293668	0.11	2554.970688
0.46470394	0.11826654	1.04452235	-0.26232171	0.11	2559.969792
Floc weir: 61 cm		212.4207106			#VALUE!
0.46476181	0.11848248	1.034434762	-0.25996888	0.11	2564.96976
0.46481967	0.11831134	1.042421472	-0.26101148	0.11	2569.968864
0.46487755	0.1180573	1.054390781	-0.26077867	0.11	2574.969696
0.46493542	0.11825352	1.045133711	-0.26077449	0.11	2579.969664
0.46499326	0.11887167	1.016499224	-0.25999707	0.11	2584.96704
0.46505114	0.11825141	1.045232821	-0.257806	0.11	2589.967872
0.46510901	0.11829332	1.043266004	-0.25970012	0.11	2594.96784
0.46516688	0.11848919	1.034122871	-0.25984809	0.11	2599.967808
0.46522475	0.11830097	1.042907393	-0.26037002	0.11	2604.967776
0.4652826	0.11859023	1.029437738	-0.25956807	0.11	2609.966016
0.46534048	0.11818101	1.048545009	-0.26186296	0.11	2614.966848
0.46539833	0.11815719	1.049668071	-0.26101601	0.11	2619.965088
0.46545622	0.1176012	1.076226243	-0.26057702	0.11	2624.966784
0.46551407	0.11794378	1.059783706	-0.25972277	0.11	2629.965024
0.46557195	0.11872854	1.023058824	-0.25715837	0.11	2634.965856
0.4656298	0.11819234	1.048011246	-0.26082185	0.11	2639.964096
0.46568769	0.11818855	1.048189765	-0.26083893	0.11	2644.965792
0.46574556	0.11835855	1.040212151	-0.26166615	0.11	2649.96576
0.46580339	0.11842132	1.037281907	-0.26104191	0.11	2654.962272
0.46586127	0.1182678	1.044463205	-0.25990415	0.11	2659.963104
0.46591916	0.11832546	1.041760197	-0.25996363	0.11	2664.9648
0.465977	0.11831644	1.042182578	-0.26150998	0.11	2669.962176
0.46603487	0.11848492	1.034321336	-0.26076928	0.11	2674.962144
0.46609274	0.11777156	1.068017968	-0.25993609	0.11	2679.962112
0.46615063	0.11801384	1.056452159	-0.26039681	0.11	2684.963808
0.46620848	0.11901293	1.010066564	-0.26033148	0.1	2689.962048
0.46626635	0.11871514	1.023675104	-0.25980967	0.1	2694.962016
0.46632423	0.1184657	1.035215132	-0.26039284	0.1	2699.962848
0.46638207	0.11820446	1.047440567	-0.25944301	0.1	2704.960224
0.46643994	0.11821093	1.047136049	-0.25850815	0.1	2709.960192
0.46649782	0.11830515	1.042711498	-0.25817522	0.1	2714.961024
0.46655571	0.1185884	1.029522404	-0.2585364	0.1	2719.96272
0.46661356	0.11856265	1.030714487	-0.2580336	0.1	2724.96096
0.46667145	0.11870988	1.023917119	-0.25600156	0.1	2729.962656
0.46672931	0.11823857	1.045836138	-0.25699466	0.1	2734.96176
0.46678718	0.11874175	1.022451645	-0.25856322	0.1	2739.961728
0.46684506	0.11840881	1.037865243	-0.25697902	0.1	2744.96256
0.46690294	0.11878662	1.020391949	-0.25576097	0.1	2749.963392
0.46696082	0.11826373	1.044654265	-0.25965202	0.1	2754.964224
0.46701867	0.11824192	1.045678697	-0.26116908	0.1	2759.962464
0.46707656	0.11815789	1.04963505	-0.26075137	0.11	2764.96416
0.46713442	0.11844058	1.036384464	-0.25890198	0.11	2769.963264
0.4671923	0.11843102	1.036829827	-0.26069957	0.11	2774.964096
0.46725016	0.1181208	1.051386103	-0.26095769	0.1	2779.9632
0.46730805	0.11828189	1.043802042	-0.26154175	0.1	2784.964896
0.46736591	0.11841357	1.037643248	-0.2603924	0.1	2789.964
0.46742378	0.11818455	1.048378209	-0.26126635	0.1	2794.963968
0.46748163	0.11783248	1.065097945	-0.26103649	0.1	2799.962208
0.46753954	0.11801573	1.056362429	-0.26052448	0.1	2804.965632
0.4675974	0.11808494	1.053081864	-0.25992721	0.1	2809.964736
0.46765527	0.1184709	1.034973238	-0.2609866	0.1	2814.964704
0.46771315	0.11785164	1.064181218	-0.26113182	0.1	2819.965536
0.46777102	0.11848887	1.034137743	-0.26003945	0.1	2824.965504
0.46782889	0.11801855	1.056228561	-0.26117128	0.1	2829.965472
0.46788677	0.11845569	1.035680938	-0.26160052	0.1	2834.966304
0.46794464	0.11884441	1.01774529	-0.26205954	0.1	2839.966272
0.46800251	0.11800661	1.05679548	-0.26211151	0.1	2844.96624
0.46806038	0.11882968	1.01841924	-0.26356378	0.1	2849.966208
0.46811826	0.11778045	1.067591353	-0.26320717	0.1	2854.96704
0.46817615	0.11833858	1.04114613	-0.26243663	0.1	2859.968736
Floc weir: 67 cm		212.4207106			#VALUE!
0.468234	0.11769038	1.07192154	-0.26211321	0.1	2864.966976
0.46829189	0.11802483	1.055930505	-0.26008075	0.1	2869.968672
0.46834975	0.11807099	1.053742275	-0.26151526	0.1	2874.967776
0.46840763	0.11822992	1.046242774	-0.26126567	0.11	2879.968608
0.4684655	0.11853775	1.031868533	-0.26076072	0.11	2884.968576
0.46852337	0.11799092	1.057540914	-0.26078966	0.11	2889.968544
0.46858126	0.11842182	1.037258599	-0.26442	0.11	2894.97024
0.46863911	0.11851633	1.032862323	-0.26188016	0.1	2899.96848
0.46869699	0.11838705	1.038880683	-0.26181117	0.1	2904.969312
0.46875486	0.1180817	1.053235213	-0.26211831	0.1	2909.96928
0.46881274	0.11806425	1.054061504	-0.26119304	0.1	2914.970112
0.46887061	0.11825168	1.045220138	-0.2620402	0.1	2919.97008
0.46892848	0.11819877	1.047708446	-0.26149958	0.1	2924.970048
0.46898637	0.11812214	1.051322789	-0.26192662	0.11	2929.971744
0.46904422	0.11851429	1.03295702	-0.26141879	0.11	2934.969984
0.46910208	0.11811613	1.051606785	-0.26197007	0.11	2939.969088
0.46915998	0.11787762	1.062939442	-0.26267818	0.1	2944.971648
0.46921785	0.11799512	1.05734132	-0.26118949	0.1	2949.971616
0.46927571	0.11826917	1.0443989	-0.26093251	0.1	2954.97072
0.46933359	0.11807811	1.053405153	-0.26214215	0.11	2959.971552
0.46939148	0.11819564	1.047855832	-0.26164833	0.1	2964.973248
0.46944933	0.11830251	1.042835217	-0.26094192	0.1	2969.971488
0.46950721	0.11845752	1.035595765	-0.26107696	0.1	2974.97232
0.46956508	0.1188518	1.017407339	-0.26334956	0.1	2979.972288
0.46962295	0.11783101	1.065168312	-0.26239303	0.11	2984.972256
0.46968083	0.1183065	1.042648238	-0.2604523	0.11	2989.973088
0.4697387	0.11808037	1.053298168	-0.26134157	0.1	2994.973056
0.46979657	0.11845871	1.035540383	-0.26217699	0.1	2999.973024
0.46985444	0.11887267	1.016453542	-0.26110464	0.1	3004.972992
0.46991233	0.11781063	1.066144342	-0.26266354	0.1	3009.974688
0.46997019	0.1183916	1.038668273	-0.2607404	0.11	3014.973792
0.47002806	0.11795911	1.059053825	-0.26132992	0.11	3019.97376
0.47008594	0.11823396	1.046052834	-0.26225501	0.1	3024.974592
0.47014381	0.11801738	1.0562841	-0.26194066	0.1	3029.97456
0.4702017	0.11840983	1.037817668	-0.2619237	0.1	3034.976256
0.47025956	0.1187874	1.020356181	-0.26304537	0.1	3039.97536
0.47031744	0.11780232	1.066542578	-0.26341802	0.11	3044.976192
0.47037531	0.11868388	1.025114229	-0.26198092	0.11	3049.97616
0.47043317	0.11835178	1.040528684	-0.26119733	0.11	3054.975264
0.47049104	0.1180224	1.056045826	-0.26261279	0.1	3059.975232
0.47054892	0.11862972	1.027612397	-0.261307	0.1	3064.976064
0.47060681	0.11824384	1.045588473	-0.26202446	0.1	3069.97776
0.47066466	0.11810985	1.051903621	-0.26286095	0.1	3074.976
0.47072255	0.11815792	1.049633635	-0.26313627	0.1	3079.977696
0.47078041	0.11852203	1.032597776	-0.26199836	0.1	3084.9768
0.47083828	0.1181667	1.049219551	-0.2619729	0.1	3089.976768
0.47089615	0.1185329	1.032093467	-0.26120114	0.1	3094.976736
0.47095404	0.11827362	1.044190055	-0.26285627	0.11	3099.978432
0.47101192	0.11832855	1.04161554	-0.26231834	0.1	3104.979264
0.47106978	0.11833727	1.041207427	-0.26109171	0.11	3109.978368
0.47112766	0.11781377	1.065993904	-0.26208887	0.1	3114.9792
0.47118552	0.11832317	1.041867415	-0.26332194	0.1	3119.978304
0.4712434	0.11877377	1.020981386	-0.26106662	0.13	3124.979136
0.47130125	0.1180407	1.05517767	-0.26296103	0.15000001	3129.977376
0.47135911	0.11828177	1.043807671	-0.26185158	0.13	3134.97648
0.47141701	0.11804778	1.054841985	-0.2609455	0.12	3139.97904
0.47147489	0.11823171	1.046158614	-0.26163352	0.11	3144.979872
0.47153277	0.11809219	1.052738803	-0.26490688	0.11	3149.980704
0.47159064	0.11835662	1.040302379	-0.26425999	0.11	3154.980672
0.4716485	0.11820593	1.047371372	-0.26393813	0.1	3159.979776
0.47170638	0.11820489	1.047420325	-0.26499102	0.1	3164.980608
0.47176425	0.11850336	1.033464538	-0.26205921	0.11	3169.980576
0.47182212	0.11831778	1.042119819	-0.26241639	0.11	3174.980544
0.47187999	0.1179112	1.061336552	-0.26271951	0.11	3179.980512
0.47193786	0.11814153	1.050407061	-0.26055387	0.11	3184.98048
Floc weir: 70.5 cm		212.4207106			#VALUE!
0.47199575	0.1177938	1.066951032	-0.26201519	0.11	3189.982176
0.47205361	0.11817329	1.048908859	-0.26175886	0.1	3194.98128
0.47211149	0.11785493	1.064023884	-0.26032332	0.1	3199.982112
0.47216937	0.11838651	1.038905895	-0.25977227	0.1	3204.982944
0.47222725	0.11819785	1.047751765	-0.26036739	0.1	3209.983776
0.4722851	0.11771548	1.070713075	-0.26061353	0.11	3214.982016
0.47234299	0.11772117	1.070439314	-0.26350954	0.1	3219.983712
0.47240085	0.11863492	1.027372279	-0.26045966	0.1	3224.982816
0.47245873	0.11795022	1.059477028	-0.26166895	0.1	3229.983648
0.4725166	0.11791931	1.060949796	-0.26241195	0.1	3234.983616
0.47257448	0.11799568	1.05731471	-0.26407066	0.1	3239.984448
0.47263234	0.11798132	1.05799727	-0.26095679	0.1	3244.983552
0.47269021	0.11783257	1.065093638	-0.25927341	0.1	3249.98352
0.4727481	0.11758208	1.07715141	-0.26007074	0.1	3254.985216
0.47280597	0.11835021	1.040602104	-0.26071864	0.1	3259.985184
0.47286384	0.11820367	1.047477755	-0.25887707	0.1	3264.985152
0.4729217	0.11835505	1.040375782	-0.25860202	0.1	3269.984256
0.47297958	0.11785837	1.063859402	-0.26018789	0.1	3274.985088
0.47303745	0.11785382	1.064076964	-0.26095855	0.1	3279.985056
0.47309527	0.11790222	1.061764962	-0.25920349	0.1	3284.980704
0.47315319	0.11772172	1.070412856	-0.26006618	0.1	3289.984992
0.47321107	0.11771459	1.070755902	-0.25888693	0.1	3294.985824
0.47326894	0.11821577	1.046908307	-0.25918463	0.1	3299.985792
0.47332681	0.11802017	1.056151666	-0.26078773	0.1	3304.98576
0.47338469	0.11775944	1.068599859	-0.26027849	0.1	3309.986592
0.47344258	0.11801072	1.0566003	-0.25857809	0.1	3314.988288
0.47350044	0.11770191	1.071366247	-0.26105091	0.1	3319.987392
0.4735583	0.11720904	1.095361822	-0.2616671	0.1	3324.986496
0.47361618	0.11810838	1.051973115	-0.26288763	0.1	3329.987328
0.47367406	0.11753184	1.079586185	-0.26117614	0.1	3334.98816
0.47373192	0.118153	1.049865744	-0.26248854	0.1	3339.987264
0.4737898	0.1181393	1.050512336	-0.26263741	0.11	3344.988096
0.47384767	0.11771855	1.070565361	-0.26165652	0.1	3349.988064
0.47390554	0.11801326	1.056479696	-0.26411676	0.11	3354.988032
0.47396341	0.11730255	1.090768303	-0.2621111	0.11	3359.988
0.47402129	0.11780227	1.066544974	-0.25941294	0.1	3364.988832
0.47407916	0.11755592	1.078418513	-0.26231769	0.1	3369.9888
0.47413701	0.11797821	1.058145153	-0.26160923	0.11	3374.98704
0.4741949	0.11799903	1.057155541	-0.26090622	0.11	3379.988736
0.4742528	0.11773488	1.069779977	-0.26076913	0.11	3384.991296
0.47431065	0.1178794	1.062854416	-0.2623682	0.11	3389.989536
0.47436854	0.11775332	1.068893806	-0.26204476	0.1	3394.991232
0.47442641	0.11723773	1.093950422	-0.26058587	0.11	3399.9912
0.47448427	0.11766529	1.073130886	-0.26100934	0.11	3404.990304
0.47454215	0.1178029	1.066514778	-0.25986648	0.1	3409.991136
0.47460002	0.11770326	1.071301249	-0.26424673	0.1	3414.991104
0.47465789	0.11807548	1.053529668	-0.2611548	0.1	3419.991072
0.47471576	0.11788377	1.0626457	-0.26115873	0.11	3424.99104
0.47477363	0.11770111	1.071404767	-0.26015383	0.1	3429.991008
0.47483151	0.1176709	1.072860364	-0.26110485	0.1	3434.99184
0.47488938	0.11776346	1.06840682	-0.26223686	0.1	3439.991808
0.47494726	0.11785215	1.064156827	-0.26193962	0.1	3444.99264
0.47500514	0.11734492	1.088693296	-0.26237318	0.1	3449.993472
0.475063	0.11791769	1.061027041	-0.26224741	0.1	3454.992576
0.47512087	0.11741553	1.085244043	-0.26222399	0.1	3459.992544
0.47517876	0.11776569	1.068299752	-0.26343361	0.1	3464.99424
0.47523662	0.11749019	1.081608836	-0.26394954	0.1	3469.993344
0.47529449	0.11805261	1.054613041	-0.26386595	0.11	3474.993312
0.47535237	0.11774059	1.069505493	-0.26515859	0.11	3479.994144
0.47541024	0.11706451	1.102499697	-0.26521447	0.1	3484.994112
Floc weir: 73 cm		212.4207106			#VALUE!
0.47546813	0.11781473	1.065947915	-0.2616967	0.1	3489.995808
0.47552598	0.11734151	1.088860149	-0.26354989	0.1	3494.994048
0.47558385	0.11801063	1.056604574	-0.26346776	0.1	3499.994016
0.47564174	0.11796684	1.058685981	-0.26383254	0.1	3504.995712
0.47569961	0.11694091	1.108640792	-0.26187307	0.1	3509.99568
0.47575746	0.11817961	1.048610983	-0.2624636	0.1	3514.99392
0.47581535	0.11715626	1.097963086	-0.263423	0.11	3519.995616
0.47587324	0.11781374	1.065995342	-0.26203746	0.11	3524.997312
0.4759311	0.11739244	1.08637077	-0.26241803	0.11	3529.996416
0.47598898	0.11727814	1.091965541	-0.26014811	0.11	3534.997248
0.47604685	0.11831193	1.042393833	-0.26345497	0.1	3539.997216
0.47610471	0.11671119	1.120145498	-0.26246521	0.1	3544.99632
0.47616258	0.1180439	1.055025935	-0.26184824	0.1	3549.996288
0.47622047	0.11760017	1.076276061	-0.2628068	0.1	3554.997984
0.47627835	0.1172986	1.09096195	-0.26187557	0.1	3559.998816
0.47633621	0.11868427	1.025096262	-0.26157632	0.1	3564.99792
0.47639409	0.11723762	1.09395583	-0.2635664	0.1	3569.998752
0.47645195	0.11742793	1.08463944	-0.26057422	0.1	3574.997856
0.47650982	0.1176101	1.075795866	-0.26154092	0.1	3579.997824
0.47656769	0.11749824	1.081217608	-0.2609596	0.1	3584.997792
0.47662557	0.11846702	1.035153723	-0.26177293	0.1	3589.998624
0.47668346	0.11719093	1.096253679	-0.26273665	0.1	3595.00032
0.47674131	0.11717834	1.096874122	-0.26202431	0.1	3599.99856
0.4767992	0.11734352	1.088761795	-0.26034555	0.1	3605.000256
0.47685707	0.11771341	1.070812686	-0.25965464	0.1	3610.000224
0.47691493	0.11806826	1.053871566	-0.26295665	0.1	3614.999328
0.4769728	0.11725646	1.093029983	-0.26143289	0.1	3619.999296
0.47703068	0.1173078	1.090510978	-0.26257068	0.1	3625.000128
0.47708857	0.11772375	1.070315206	-0.2604695	0.1	3630.001824
0.47714642	0.11741121	1.085454758	-0.26317394	0.11	3635.000064
0.47720431	0.11720603	1.095510004	-0.26101372	0.11	3640.00176
0.47726217	0.11809546	1.052584107	-0.261031	0.1	3645.000864
0.47732003	0.1175431	1.079040015	-0.26104257	0.1	3649.999968
0.47737791	0.11744566	1.083775541	-0.26207459	0.1	3655.0008
0.47743579	0.11700837	1.105284798	-0.26234242	0.1	3660.001632
0.47749366	0.11698188	1.106601407	-0.26180616	0.1	3665.0016
0.47755153	0.11748175	1.08201917	-0.26118246	0.1	3670.001568
0.47760942	0.11750051	1.081107313	-0.26247865	0.1	3675.003264
0.47766729	0.11733446	1.089205191	-0.26255918	0.1	3680.003232
0.47772514	0.11786007	1.063778127	-0.26168555	0.1	3685.001472
0.47778302	0.11750913	1.080688583	-0.26061076	0.1	3690.002304
0.4778409	0.1177055	1.071193409	-0.26144433	0.1	3695.003136
0.47789878	0.11652009	1.129806974	-0.26173109	0.11	3700.003968
0.47795664	0.11735191	1.08835135	-0.25859308	0.11	3705.003072
0.47801451	0.1173344	1.089208128	-0.25814256	0.11	3710.00304
0.47807239	0.11752183	1.080071956	-0.25746816	0.11	3715.003872
0.47813025	0.11754987	1.078711767	-0.25859001	0.1	3720.002976
0.47818814	0.11818036	1.04857564	-0.26024649	0.1	3725.004672
0.47824602	0.11729136	1.091316976	-0.25949642	0.1	3730.005504
0.47830389	0.11703543	1.103941477	-0.26108906	0.11	3735.005472
0.47836175	0.1174952	1.081365335	-0.25892618	0.11	3740.004576
0.47841964	0.11818748	1.048240171	-0.2578119	0.11	3745.006272
0.4784775	0.11750943	1.080674013	-0.25946113	0.1	3750.005376
0.47853536	0.11764038	1.074332906	-0.26051882	0.1	3755.00448
0.47859324	0.11762691	1.074983455	-0.26363644	0.1	3760.005312
0.47865113	0.11808491	1.053083284	-0.26116714	0.1	3765.007008
0.478709	0.11710673	1.100409791	-0.26439118	0.1	3770.006976
0.47876686	0.11796255	1.058890111	-0.26498258	0.1	3775.00608
0.47882475	0.11797176	1.058451921	-0.26553756	0.1	3780.007776
0.47888262	0.11742361	1.084850038	-0.2647754	0.1	3785.007744
0.47894049	0.11835104	1.040563289	-0.26578277	0.11	3790.007712
0.47899835	0.11776745	1.068215257	-0.26614663	0.12	3795.006816
0.47905624	0.11781201	1.066078224	-0.26573077	0.11	3800.008512
0.47911411	0.11744654	1.08373268	-0.26244557	0.11	3805.00848
Floc weir: 77 cm		212.4207106			#VALUE!
0.47917198	0.11678644	1.116363782	-0.26368988	0.11	3810.008448
0.47922984	0.11687656	1.111851566	-0.26583692	0.11	3815.007552
0.47928773	0.11868449	1.025086127	-0.26431176	0.11	3820.009248
0.47934558	0.11734328	1.088773539	-0.26476514	0.11	3825.007488
0.47940347	0.11704012	1.10370882	-0.26546359	0.1	3830.009184
0.47946135	0.11764584	1.074069321	-0.26581362	0.1	3835.010016
0.47951922	0.11923839	0.999883857	-0.26246631	0.1	3840.009984
0.47957708	0.11742041	1.085006062	-0.26446682	0.1	3845.009088
0.47963497	0.11658555	1.126488154	-0.26391184	0.1	3850.010784
0.47969283	0.11743341	1.084372352	-0.26347393	0.1	3855.009888
0.47975069	0.11837022	1.039666744	-0.26463753	0.12	3860.008992
0.47980858	0.11796496	1.058775432	-0.26293945	0.11	3865.010688
0.47986646	0.11684466	1.113446677	-0.26280406	0.11	3870.01152
0.47992432	0.11729174	1.09129834	-0.26356438	0.1	3875.010624
0.4799822	0.11772434	1.070286827	-0.26384491	0.1	3880.011456
0.48004006	0.11721458	1.095089141	-0.26315343	0.1	3885.01056
0.48009794	0.1177078	1.071082692	-0.26235837	0.11	3890.011392
0.4801558	0.1171266	1.099427589	-0.26338953	0.11	3895.010496
0.48021368	0.11713006	1.099256646	-0.26474893	0.11	3900.011328
0.48027155	0.11787695	1.062971448	-0.26413882	0.11	3905.011296
0.48032944	0.11806851	1.053859725	-0.26313907	0.1	3910.012992
0.4803873	0.11615625	1.148432661	-0.2624853	0.1	3915.012096
0.48044519	0.11752121	1.080102051	-0.26500109	0.1	3920.013792
0.48050305	0.11795867	1.059074767	-0.26461715	0.1	3925.012896
0.48056093	0.11739509	1.086241398	-0.26351336	0.1	3930.013728
0.48061879	0.11731411	1.090201777	-0.26508048	0.1	3935.012832
0.48067668	0.11712366	1.099572862	-0.26479515	0.1	3940.014528
0.48073454	0.11773539	1.069755458	-0.26493794	0.1	3945.013632
0.48079241	0.11675917	1.117732768	-0.26451701	0.1	3950.0136
0.4808503	0.11754163	1.079111302	-0.26452166	0.1	3955.015296
0.48090816	0.11856446	1.030630649	-0.26375028	0.1	3960.0144
0.48096604	0.11599518	1.156775908	-0.26471141	0.1	3965.015232
0.4810239	0.11929376	0.997398859	-0.26395473	0.1	3970.014336
0.48108177	0.1161462	1.148951475	-0.26293746	0.11	3975.014304
0.48113964	0.11698224	1.106583504	-0.26269618	0.11	3980.014272
0.48119752	0.11708394	1.101537412	-0.26265857	0.11	3985.015104
0.48125541	0.1183803	1.039195877	-0.26214638	0.11	3990.0168
0.48131327	0.11698096	1.106647162	-0.26384416	0.11	3995.015904
0.48137113	0.11699647	1.10587606	-0.26327682	0.11	4000.015008
0.48142902	0.11685323	1.113017922	-0.26402247	0.11	4005.016704
0.48148689	0.11590325	1.161564921	-0.26520306	0.1	4010.016672
0.48154475	0.1187859	1.020424967	-0.26218626	0.12	4015.015776
0.48160264	0.11615483	1.148505951	-0.26422703	0.11	4020.017472
0.48166052	0.11833628	1.041253753	-0.26351053	0.11	4025.018304
0.48171839	0.11692833	1.109267747	-0.26621884	0.11	4030.018272
0.48177624	0.11739913	1.086044197	-0.26475441	0.11	4035.016512
0.48183413	0.11701402	1.105004184	-0.26383314	0.1	4040.018208
0.481892	0.11845471	1.035726552	-0.26594365	0.11	4045.018176
0.48194987	0.11836088	1.040103234	-0.26697898	0.1	4050.018144
0.48200774	0.11486263	1.217177439	-0.26792234	0.11	4055.018112
0.48206561	0.11641986	1.134907589	-0.26661411	0.11	4060.01808
0.4821235	0.11862654	1.027759266	-0.26824594	0.1	4065.019776
0.48218135	0.11928134	0.997955729	-0.26783794	0.1	4070.018016
0.48223923	0.11980865	0.974584387	-0.26983237	0.1	4075.018848
0.48229711	0.11973144	0.977971961	-0.2701073	0.1	4080.01968
0.48235497	0.11774328	1.069376207	-0.26965231	0.1	4085.018784
0.48241285	0.11604041	1.154426942	-0.27202353	0.1	4090.019616
0.48247074	0.11491933	1.214079835	-0.27011073	0.1	4095.021312
0.4825286	0.11747904	1.082150957	-0.2674135	0.1	4100.020416
0.48258646	0.1199364	0.96900513	-0.26830885	0.11	4105.01952
0.48264434	0.11846098	1.035434747	-0.26615205	0.11	4110.020352
0.48270223	0.11566204	1.174225016	-0.26668268	0.12	4115.022048
0.48276009	0.11865465	1.026461728	-0.26735234	0.11	4120.021152
0.48281797	0.11530045	1.193462281	-0.26778951	0.11	4125.021984
0.48287583	0.1178906	1.062319575	-0.26593035	0.11	4130.021088
0.48293371	0.11852326	1.032540698	-0.26692086	0.11	4135.02192
0.48299159	0.11570592	1.171911716	-0.26703733	0.11	4140.022752
0.48304946	0.11849506	1.033850102	-0.26569453	0.12	4145.02272
0.48310732	0.12028144	0.954095227	-0.26754367	0.12	4150.021824
0.48316519	0.11937313	0.993847513	-0.26769489	0.11	4155.021792
0.48322307	0.11942562	0.99150584	-0.26520446	0.11	4160.022624
0.48328094	0.11983465	0.973446285	-0.26446784	0.13	4165.022592
0.48333883	0.11901107	1.010150999	-0.26674944	0.12	4170.024288
0.48339668	0.11597144	1.158010728	-0.26604682	0.13	4175.022528
0.48345456	0.11624271	1.143978976	-0.26667306	0.14	4180.02336
0.48351244	0.1187971	1.019911477	-0.26857984	0.12	4185.024192
0.4835703	0.12063473	0.939066505	-0.2688767	0.12	4190.023296
0.48362819	0.11698551	1.106420896	-0.26385683	0.12	4195.024992
0.48368607	0.11718943	1.096327581	-0.26113537	0.14	4200.025824
0.48374393	0.1198447	0.973006721	-0.2501488	0.13	4205.024928
0.48380179	0.11811445	1.051686185	-0.24311432	0.14	4210.024032
0.48385968	0.11857545	1.030121745	-0.24685286	0.16	4215.025728
0.48391756	0.11657371	1.127087718	-0.25314862	0.15000001	4220.02656
0.48397542	0.11681242	1.115061114	-0.25160521	0.14	4225.025664
0.48403329	0.12090438	0.927755268	-0.24808395	0.14	4230.025632
0.48409117	0.11982413	0.973906619	-0.24331339	0.15000001	4235.026464
0.48414904	0.11694755	1.108310015	-0.23461558	0.15000001	4240.026432
0.48420692	0.11746829	1.082673887	-0.22940162	0.14	4245.027264
0.48426479	0.11522796	1.197356645	-0.23015702	0.15000001	4250.027232
0.48432267	0.11823437	1.04603356	-0.22719666	0.16	4255.028064
0.48438052	0.11792218	1.060812963	-0.22591497	0.16	4260.026304
0.48443841	0.1171036	1.100564591	-0.22375824	0.15000001	4265.028
0.48449628	0.11611364	1.15063394	-0.22174929	0.14	4270.027968
0.48455415	0.11687026	1.112166406	-0.21998517	0.15000001	4275.027936
0.48461201	0.11759975	1.076296377	-0.21722153	0.15000001	4280.02704
0.4846699	0.11618087	1.147162685	-0.21460262	0.15000001	4285.028736
0.48472777	0.11681436	1.114963901	-0.20760618	0.15000001	4290.028704
0.48478564	0.1170405	1.103689972	-0.22290246	0.16	4295.028672
0.48484351	0.11657837	1.126851703	-0.22758329	0.16	4300.02864
0.48490139	0.11685932	1.112713342	-0.21307497	0.15000001	4305.029472
0.48495927	0.11698065	1.106662579	-0.19670972	0.14	4310.030304
0.48501712	0.11702245	1.10458563	-0.20255466	0.13	4315.028544
0.48507501	0.11734825	1.088530381	-0.20009497	0.13	4320.03024
0.48513289	0.116819	1.114731427	-0.2036995	0.15000001	4325.031072
0.48519075	0.1169968	1.105859659	-0.20150994	0.13	4330.030176
0.48524862	0.11761436	1.075589926	-0.20020136	0.13	4335.030144
0.48530649	0.1174931	1.081467395	-0.20102185	0.13	4340.030112
0.48536438	0.11693502	1.108934291	-0.20173407	0.14	4345.031808
0.48542223	0.11660341	1.125584346	-0.20368014	0.15000001	4350.030048
0.48548012	0.11742855	1.084609219	-0.20442002	0.14	4355.031744
0.48553799	0.11694633	1.108370783	-0.20420991	0.13	4360.031712
0.48559585	0.11758561	1.076980542	-0.20347419	0.13	4365.030816
0.48565373	0.11692432	1.10946767	-0.20015387	0.14	4370.031648
0.4857116	0.11740303	1.085853863	-0.20206159	0.13	4375.031616
0.48576949	0.11726335	1.092691587	-0.201958	0.14	4380.033312
0.48582734	0.1179378	1.060068558	-0.20271543	0.15000001	4385.031552
0.48588521	0.11697413	1.106986895	-0.20020814	0.14	4390.03152
0.48594311	0.11716213	1.097673477	-0.20280789	0.14	4395.03408
0.48600096	0.11623046	1.144608941	-0.20010367	0.14	4400.03232
0.48605885	0.11707586	1.101937478	-0.19917195	0.14	4405.034016
0.48611671	0.11688201	1.111579275	-0.19353901	0.15000001	4410.03312
0.48617459	0.11747367	1.082412147	-0.19162703	0.14	4415.033952
0.48623245	0.11670776	1.120318178	-0.19686207	0.13	4420.033056
0.48629033	0.11701231	1.105089106	-0.21833871	0.13	4425.033888
0.48634822	0.11828397	1.043704475	-0.23887756	0.14	4430.035584
0.48640608	0.11724458	1.093613706	-0.2405252	0.13	4435.034688
0.48646396	0.11793198	1.060345861	-0.246131	0.12	4440.03552
0.48652183	0.11726827	1.092450009	-0.25122839	0.12	4445.035488
0.48657971	0.11791745	1.061038485	-0.25247321	0.13	4450.03632
0.48663756	0.11729044	1.091362099	-0.25356999	0.12	4455.03456
0.48669545	0.11763031	1.074819211	-0.25520954	0.11	4460.036256
0.48675333	0.11739157	1.086413247	-0.2563571	0.12	4465.037088
0.48681118	0.11728235	1.09175896	-0.25696656	0.11	4470.035328
0.48686903	0.117277	1.092021487	-0.25807932	0.11	4475.033568
0.48692694	0.11727982	1.0918831	-0.2581605	0.11	4480.036992
0.48698482	0.11756182	1.078132606	-0.25825301	0.11	4485.037824
0.48704267	0.11713221	1.099150438	-0.2598885	0.11	4490.036064
0.48710055	0.11724517	1.093584709	-0.26046091	0.11	4495.036896
0.48715844	0.11737313	1.087313942	-0.25906256	0.1	4500.038592
0.48721629	0.11728779	1.09149208	-0.260867	0.1	4505.036832
0.48727417	0.11732022	1.089902461	-0.26072463	0.1	4510.037664
0.48733205	0.11692688	1.109340034	-0.26043424	0.1	4515.038496
0.48738992	0.11770989	1.070982094	-0.26122573	0.1	4520.038464
0.48744778	0.11756925	1.077772666	-0.26041162	0.1	4525.037568
0.48750567	0.11759637	1.076459879	-0.25976035	0.1	4530.039264
0.48756355	0.11717514	1.097031876	-0.26157165	0.1	4535.040096
0.4876214	0.11697182	1.107101821	-0.2617335	0.11	4540.038336
0.48767929	0.1172796	1.091893896	-0.26319361	0.11	4545.040032
0.48773715	0.11708847	1.101313181	-0.26212132	0.11	4550.039136
0.48779503	0.11726817	1.092454918	-0.25967154	0.11	4555.039968
0.48785289	0.11731618	1.090100363	-0.26127601	0.11	4560.039072
0.48791078	0.1172087	1.09537856	-0.26190728	0.11	4565.040768
0.48796866	0.11743698	1.08419839	-0.26317713	0.11	4570.0416
0.48802651	0.1177667	1.068251262	-0.26217943	0.11	4575.03984
0.48808438	0.11712689	1.099413261	-0.26207384	0.11	4580.039808
0.48814225	0.1180379	1.055310457	-0.2615191	0.12	4585.039776
0.48820015	0.11729259	1.091256653	-0.26350236	0.12	4590.042336
0.48825802	0.11761259	1.075675488	-0.26129773	0.11	4595.042304
0.48831588	0.11740948	1.085539153	-0.26313484	0.11	4600.041408
0.48837377	0.11719553	1.096027076	-0.26210943	0.11	4605.043104
0.48843163	0.11743587	1.084252476	-0.2613585	0.12	4610.042208
0.48848951	0.11729561	1.091108556	-0.26241168	0.12	4615.04304
0.48854738	0.11781903	1.065741945	-0.26413372	0.11	4620.043008
0.48860526	0.11774899	1.069101826	-0.26378784	0.11	4625.04384
0.48866311	0.11742784	1.084643827	-0.26316994	0.11	4630.04208
0.48872099	0.11749399	1.08142414	-0.26384276	0.11	4635.042912
0.48877887	0.11707775	1.101843885	-0.26089665	0.11	4640.043744
0.48883673	0.11737685	1.08713218	-0.2622681	0.11	4645.042848
0.48889462	0.11694581	1.108396685	-0.2629582	0.11	4650.044544
0.48895248	0.11719248	1.096177318	-0.26279292	0.11	4655.043648
0.48901037	0.11723609	1.094031052	-0.26292506	0.11	4660.045344
0.48906822	0.11733291	1.089281066	-0.26306495	0.11	4665.043584
0.48912611	0.11771942	1.070523504	-0.26310763	0.11	4670.04528
0.48918399	0.11762367	1.075139993	-0.26349336	0.11	4675.046112
0.48924185	0.11785103	1.064210392	-0.26349562	0.12	4680.045216
0.48929973	0.11719444	1.096080766	-0.26402047	0.12	4685.046048
0.4893576	0.11700257	1.105572937	-0.26286134	0.12	4690.046016
0.48941547	0.1171077	1.100361822	-0.26341963	0.11	4695.045984
0.48947333	0.11759797	1.076382478	-0.26373836	0.11	4700.045088
0.48953122	0.11665628	1.122913102	-0.26374009	0.12	4705.046784
0.4895891	0.11667356	1.122041409	-0.26070815	0.11	4710.047616
0.48964695	0.11716761	1.09740318	-0.26466873	0.11	4715.045856
0.48970484	0.11691195	1.110084616	-0.25958019	0.12	4720.047552
0.4897627	0.11700854	1.105276354	-0.25642487	0.12	4725.046656
0.48982058	0.11717112	1.097230086	-0.25974625	0.12	4730.047488
0.48987844	0.1176801	1.072416874	-0.26332623	0.12	4735.046592
0.48993632	0.11721624	1.095007448	-0.26344946	0.12	4740.047424
0.4899942	0.11695637	1.107870791	-0.26211923	0.12	4745.048256
0.49005207	0.11687633	1.111863058	-0.26293495	0.12	4750.048224
0.49010994	0.11659928	1.125793281	-0.26362726	0.12	4755.048192
0.49016782	0.11658286	1.126624344	-0.26179597	0.13	4760.049024
0.4902257	0.1170825	1.1016087	-0.26476228	0.13	4765.049856
0.49028355	0.1169533	1.108023653	-0.26216099	0.12	4770.048096
0.49034144	0.11684703	1.11332809	-0.26176846	0.13	4775.049792
0.49039932	0.11648664	1.131506661	-0.26435715	0.14	4780.050624
0.49045717	0.11641702	1.135052449	-0.26277742	0.13	4785.048864
0.49051505	0.11671291	1.120058916	-0.26251727	0.13	4790.049696
0.49057293	0.11678122	1.116625702	-0.2630437	0.13	4795.050528
0.49063081	0.11715148	1.098198973	-0.26398733	0.13	4800.05136
0.49068867	0.11661988	1.124751523	-0.26425716	0.16	4805.050464
0.49074654	0.11655623	1.12797347	-0.26216972	0.15000001	4810.050432
0.49080443	0.11708266	1.101600779	-0.26317737	0.14	4815.052128
0.49086228	0.1170124	1.105084636	-0.26348272	0.13	4820.050368
0.49092013	0.11688856	1.111252115	-0.26319352	0.13	4825.048608
0.49097802	0.11700571	1.105416935	-0.26324591	0.13	4830.050304
0.49103591	0.11690488	1.110437382	-0.2629731	0.13	4835.052
0.49109377	0.11663675	1.123899111	-0.26308557	0.13	4840.051104
0.49115166	0.11715045	1.098249809	-0.26236573	0.13	4845.0528
0.49120953	0.1165881	1.126359066	-0.26248056	0.12	4850.052768
0.49126739	0.11706506	1.102472447	-0.26370403	0.13	4855.051872
0.49132528	0.11653539	1.12903039	-0.2636193	0.12	4860.053568
0.49138314	0.11659424	1.126048305	-0.26364443	0.12	4865.052672
0.49144102	0.11671075	1.120167648	-0.26353732	0.12	4870.053504
0.49149888	0.11684521	1.113419156	-0.26422518	0.12	4875.052608
0.49155676	0.1127755	1.336871497	-0.2592299	0.13	4880.05344
0.49161465	0.11359628	1.288457232	-0.25945967	0.13	4885.055136
0.4916725	0.11282922	1.333647879	-0.25808185	0.13	4890.053376
0.49173039	0.11285575	1.332058741	-0.25576276	0.13	4895.055072
0.49178823	0.11265726	1.343994295	-0.25237426	0.13	4900.052448
0.49184613	0.11378802	1.277402327	-0.24666394	0.12	4905.055008
0.491904	0.11110915	1.440830251	-0.2321745	0.12	4910.054976
0.49196188	0.11148532	1.416677128	-0.22562985	0.12	4915.055808
0.49201976	0.11532069	1.192377196	-0.22920127	0.12	4920.05664
0.49207761	0.11819359	1.047952375	-0.16201696	0.13	4925.05488
0.49213549	0.12697947	0.706093555	0.30722606	0.16	4930.055712
0.49219337	0.12856153	0.65763396	0.27721363	0.19	4935.056544
0.49225123	0.12972589	0.624106518	0.12622461	0.23999999	4940.055648
0.4923091	0.12867369	0.654327446	0.1510933	0.22	4945.055616
0.49236698	0.12986955	0.620090131	0.05618424	0.19	4950.056448
0.49242487	0.129462	0.63155215	0.02773864	0.20999999	4955.058144
0.49248273	0.12801254	0.674060998	-0.00776098	0.28	4960.057248
0.4925406	0.12784182	0.679252498	-0.04750197	1.15999997	4965.057216
0.49259847	0.12822543	0.667642689	-0.0917282	3.1400001	4970.057184
0.49265636	0.12818532	0.668847254	-0.0825116	5.03999996	4975.05888
0.49271421	0.12814826	0.669962155	-0.0829465	6.32999992	4980.05712
0.4927721	0.1283329	0.664425881	-0.07856901	7.13999987	4985.058816
0.49282997	0.12912083	0.641310038	-0.07849906	7.84000015	4990.058784
0.49288783	0.1287151	0.653110873	-0.08780587	8.63000011	4995.057888
0.49294572	0.12818016	0.669002374	-0.09280714	8.56000042	5000.059584
0.49300358	0.12746321	0.690908925	-0.09650221	7.80000019	5005.058688
0.49306146	0.12807067	0.672302368	-0.08865023	6.86000013	5010.05952
0.49311932	0.12791665	0.676972056	-0.08114614	5.80999994	5015.058624
0.49317721	0.12779336	0.680733412	-0.07982318	4.78999996	5020.06032
0.49323509	0.12777765	0.681214194	-0.07445194	3.8599999	5025.061152
0.49329295	0.12776698	0.681540928	-0.07230856	3.02999997	5030.060256
0.49335082	0.12747654	0.690495152	-0.06993479	2.36999989	5035.060224
0.4934087	0.12688139	0.709212748	-0.06705337	1.90999997	5040.061056
0.49346655	0.12652665	0.720609872	-0.05920954	1.52999997	5045.059296
0.49352443	0.12635241	0.726274764	-0.05690123	1.26999998	5050.060128
0.49358231	0.12511191	0.767913916	-0.05339511	1.03999996	5055.06096
0.4936402	0.12518045	0.765552187	-0.0483681	0.87	5060.062656
0.49369806	0.12468051	0.78294712	-0.04515944	0.81	5065.06176
0.49375593	0.12438687	0.793347722	-0.04236515	0.69	5070.061728
0.4938138	0.12423711	0.798705243	-0.03659548	0.62	5075.061696
0.49387169	0.12389996	0.810899242	-0.03305616	0.60000002	5080.063392
0.49392955	0.12504859	0.77010225	-0.03201903	0.56999999	5085.062496
0.49398743	0.12324706	0.835045107	-0.0289074	0.55000001	5090.063328
0.49404531	0.125581	0.751894705	-0.02705883	0.52999997	5095.06416
0.49410317	0.12343641	0.827969384	-0.02097283	0.49000001	5100.063264
0.49416104	0.12413255	0.80246721	-0.01953444	0.44999999	5105.063232
0.49421891	0.1243084	0.796150414	-0.0195215	0.41	5110.0632
0.49427679	0.12708221	0.702840872	-0.01695383	0.38	5115.064032
0.49433465	0.12696365	0.706595741	-0.01925671	0.38999999	5120.063136
0.49439254	0.12725392	0.697438057	-0.01406637	0.38	5125.064832
0.49445041	0.12806086	0.672598832	-0.01574103	0.36000001	5130.0648
0.49450827	0.12858489	0.656943924	-0.0138527	0.33000001	5135.063904
0.49456615	0.12916556	0.640022166	-0.0124	0.28999999	5140.064736
0.49462402	0.12938339	0.633787247	-0.05988256	0.27000001	5145.064704
0.49468191	0.12886091	0.648845135	-0.16841219	0.23999999	5150.0664
0.49473976	0.13080494	0.594563509	-0.16541383	0.22	5155.06464
0.49479765	0.13221821	0.557974833	-0.16251521	0.2	5160.066336
0.49485552	0.1307188	0.596869651	-0.16527423	0.2	5165.066304
0.49491338	0.13052079	0.60220475	-0.1638788	0.20999999	5170.065408
0.49497127	0.12910417	0.641790377	-0.17245758	0.22	5175.067104
0.49502914	0.13006392	0.614697127	-0.16904831	0.2	5180.067072
0.49508701	0.12674405	0.71360368	-0.06697987	0.19	5185.06704
0.49514487	0.12392118	0.810126299	0.02445927	0.19	5190.066144
0.49520276	0.12572531	0.747034126	0.0073835	0.17	5195.06784
0.49526063	0.12522411	0.764051553	0.01925864	0.17	5200.067808
0.49531849	0.12550795	0.754367183	0.02962677	0.16	5205.066912
0.49537638	0.12242856	0.866333468	-0.14620332	0.17	5210.068608
0.49543425	0.12319478	0.837009363	-0.21723445	0.15000001	5215.068576
0.49549212	0.12207414	0.880242879	-0.20675255	0.16	5220.068544
0.49554998	0.12243917	0.865920478	-0.19205064	0.15000001	5225.067648
0.49560786	0.12188662	0.887692316	-0.18029945	0.15000001	5230.06848
0.49566574	0.12175539	0.892943038	-0.166327	0.15000001	5235.069312
0.4957236	0.12097385	0.924863289	-0.15506154	0.15000001	5240.068416
0.49578149	0.12107641	0.920610271	-0.14247437	0.15000001	5245.070112
0.49583935	0.12115728	0.917270502	-0.13771935	0.15000001	5250.069216
0.49589724	0.12111814	0.91888539	-0.12875849	0.14	5255.070912
0.49595509	0.12078743	0.93264424	-0.11356319	0.13	5260.069152
0.49601296	0.1213199	0.910591256	-0.1089082	0.13	5265.06912
0.49607086	0.12113127	0.918343339	-0.1091409	0.13	5270.07168
0.49612872	0.12131122	0.910946535	-0.09627635	0.13	5275.070784
0.49618659	0.12102389	0.922785752	-0.09287367	0.13	5280.070752
0.49624446	0.12053636	0.943227157	-0.08728702	0.14	5285.07072
0.49630235	0.1204007	0.948995284	-0.08173598	0.14	5290.072416
0.4963602	0.12056715	0.941922887	-0.07586441	0.13	5295.070656
0.49641808	0.12063476	0.939065238	-0.06113516	0.13	5300.071488
0.49647597	0.12105633	0.921441418	-0.02801545	0.13	5305.073184
0.49653383	0.12047775	0.945714881	-0.03454531	0.13	5310.072288
0.49659171	0.1205963	0.940689749	-0.04979851	0.13	5315.07312
0.49664958	0.12048998	0.945195233	-0.02440833	0.13	5320.073088
0.49670745	0.12063932	0.938872815	-0.02352533	0.13	5325.073056
0.49676532	0.12080909	0.931736826	-0.07178126	0.13	5330.073024
0.4968232	0.12113562	0.918163827	-0.04296121	0.13	5335.073856
0.49688108	0.12069105	0.936692664	-0.02461195	0.13	5340.074688
0.49693893	0.12089677	0.928072615	-0.0148046	0.13	5345.072928
0.49699682	0.12095305	0.925728229	-0.00477443	0.13	5350.074624
0.49705468	0.12071119	0.935845237	-0.00160642	0.13	5355.073728
0.49711256	0.12066671	0.937717837	0.00261868	0.13	5360.07456
0.49717042	0.12083846	0.930507824	0.0079184	0.13	5365.073664
0.49722831	0.12118265	0.916225271	0.01083652	0.14	5370.07536
0.49728619	0.12121499	0.914894606	0.01950331	0.14	5375.076192
0.49734405	0.12097228	0.924928547	0.02123454	0.13	5380.075296
0.49740192	0.12119836	0.915578624	0.02246661	0.14	5385.075264
0.49745979	0.12110131	0.919580658	0.02469047	0.14	5390.075232
0.49751768	0.12102392	0.922784508	0.02655531	0.13	5395.076928
0.49757553	0.12092015	0.927097983	0.02345589	0.14	5400.075168
0.4976334	0.12141594	0.906669497	0.02421582	0.14	5405.075136
0.49769125	0.12169531	0.895357288	0.02596684	0.13	5410.073376
0.49774911	0.12233658	0.869922014	0.02725084	0.13	5415.07248
0.49780697	0.12176385	0.892603605	0.02825901	0.13	5420.071584
0.49786483	0.12157941	0.900033061	0.02900485	0.14	5425.070688
0.4979227	0.12141467	0.906721247	0.02935615	0.14	5430.070656
0.49798056	0.12139679	0.90745013	0.03059454	0.14	5435.06976
0.49803841	0.12151549	0.902622236	0.03054457	0.13	5440.068
0.49809628	0.12203746	0.881695097	0.03266018	0.13	5445.067968
0.49815414	0.12173339	0.893826328	0.03259234	0.13	5450.067072
0.49821201	0.1220241	0.882224635	0.03398224	0.13	5455.06704
0.49826986	0.12231041	0.870945735	0.03538369	0.13	5460.06528
0.49832774	0.12193662	0.885699869	0.03575698	0.13	5465.066112
0.49838559	0.12222546	0.874277128	0.03501964	0.13	5470.064352
0.49844344	0.12236106	0.868965492	0.03536899	0.13	5475.062592
0.49850132	0.12229981	0.871360729	0.04083408	0.13	5480.063424
0.49855917	0.12285145	0.850024207	0.03961827	0.13	5485.061664
0.49861704	0.12239196	0.867759619	0.03696341	0.13	5490.061632
0.49867489	0.12247906	0.864369538	0.03797913	0.13	5495.059872
0.49873275	0.12289969	0.848183393	0.04068376	0.13	5500.058976
0.49879062	0.12270524	0.855627949	0.03991875	0.13	5505.058944
0.49884847	0.12326094	0.834524385	0.04007648	0.14	5510.057184
0.49890634	0.12295341	0.846138155	0.0418593	0.14	5515.057152
0.4989642	0.12300625	0.844131232	0.04274222	0.14	5520.056256
0.49902206	0.12269748	0.855926394	0.0423872	0.13	5525.05536
0.49907993	0.12324306	0.835195232	0.04079355	0.13	5530.055328
0.49913778	0.12381845	0.813875123	0.04291825	0.13	5535.053568
0.49919564	0.12325717	0.834665788	0.04251976	0.14	5540.052672
0.4992535	0.12342121	0.828535165	0.04243328	0.13	5545.051776
0.49931138	0.1239961	0.807403211	0.04766649	0.13	5550.052608
0.49936923	0.12415072	0.801812201	0.04743214	0.13	5555.050848
0.49942708	0.12346873	0.826767639	0.04472324	0.13	5560.049088
0.49948495	0.12384792	0.812797932	0.0475731	0.14	5565.049056
0.49954281	0.12386037	0.812343287	0.04653144	0.14	5570.04816
0.49960066	0.12441291	0.792419841	0.0468092	0.14	5575.0464
0.49965854	0.12407461	0.804559459	0.04384721	0.14	5580.047232
0.49971638	0.12437564	0.793748215	0.0451543	0.14	5585.044608
0.49977425	0.12485417	0.776860436	0.04819589	0.16	5590.044576
0.49983212	0.12401082	0.806869265	0.04797368	0.16	5595.044544
0.49988998	0.12421753	0.799408367	0.04531029	0.15000001	5600.043648
0.49994784	0.12472545	0.78136744	0.04819183	0.14	5605.042752
0.50000569	0.12523052	0.763831484	0.0492316	0.14	5610.040992
0.50006356	0.12417901	0.800793442	0.04846079	0.14	5615.04096
0.50012143	0.1246171	0.78518147	0.04830856	0.14	5620.040928
0.50017929	0.12449045	0.789663285	0.04631533	0.14	5625.040032
0.50023714	0.1249842	0.772333959	0.04845274	0.16	5630.038272
0.500295	0.12494408	0.773727756	0.04930926	0.16	5635.037376
0.50035288	0.12537085	0.759029491	0.04935376	0.15000001	5640.038208
0.50041073	0.12464941	0.784042181	0.04791027	0.14	5645.036448
0.5004686	0.12473543	0.781017067	0.04781413	0.14	5650.036416
0.50052646	0.12512992	0.767292629	0.05085582	0.14	5655.03552
0.5005843	0.12467484	0.783146652	0.05192531	0.14	5660.032896
0.50064217	0.12532246	0.760681943	0.05022087	0.14	5665.032864
0.50070003	0.12545668	0.756107341	0.04856997	0.13	5670.031968
0.5007579	0.12527752	0.762219803	0.05118479	0.13	5675.031936
0.50081576	0.12562379	0.750450184	0.05291823	0.13	5680.03104
0.50087362	0.12533587	0.76022365	0.05193308	0.13	5685.030144
0.50093148	0.12514067	0.766922027	0.0554562	0.13	5690.029248
0.50098933	0.12535538	0.75955738	0.05694193	0.13	5695.027488
0.5010472	0.12591968	0.740537073	0.05324854	0.13	5700.027456
0.50110507	0.12587634	0.741980853	0.05447546	0.13	5705.027424
0.50116294	0.12537029	0.759048594	0.05411198	0.13	5710.027392
0.50122079	0.12555093	0.752911483	0.05455191	0.13	5715.025632
0.50127864	0.12610313	0.734456877	0.05434615	0.13	5720.023872
0.50133653	0.12536195	0.759333144	0.05247003	0.13	5725.025568
0.50139438	0.12606697	0.735651387	0.05281027	0.13	5730.023808
0.50145227	0.12568031	0.748546413	0.05496477	0.14	5735.025504
0.50151014	0.12588054	0.741840816	0.05551996	0.14	5740.025472
0.50156801	0.12608171	0.735164231	0.05578305	0.15000001	5745.02544
0.50162585	0.12568872	0.748263551	0.0542294	0.14	5750.022816
0.50168374	0.12608939	0.734910536	0.05534114	0.14	5755.024512
0.50174161	0.12593231	0.740116861	0.0509056	0.15000001	5760.02448
0.50179945	0.12598246	0.738450673	0.0539076	0.14	5765.021856
0.50185734	0.1261785	0.731973334	0.05645891	0.14	5770.023552
0.50191521	0.12585473	0.742701795	0.05882601	0.14	5775.02352
0.50197308	0.12610568	0.734372713	0.05486407	0.15000001	5780.023488
0.50203092	0.12634338	0.726569558	0.05653695	0.15000001	5785.020864
0.50208881	0.12621941	0.730628813	0.05614326	0.15000001	5790.02256
0.50214666	0.12630604	0.727789834	0.05664384	0.14	5795.0208
0.50220452	0.12632711	0.727101012	0.05704268	0.14	5800.019904
0.50226241	0.1264298	0.723753183	0.05802662	0.14	5805.0216
0.50232028	0.12621041	0.730924389	0.05491133	0.15000001	5810.021568
0.50237813	0.12655073	0.719830466	0.05652988	0.16	5815.019808
0.50243599	0.12630409	0.727853617	0.05708781	0.17	5820.018912
0.50249388	0.12626609	0.729097675	0.05409832	0.18000001	5825.020608
0.50255175	0.12634945	0.726371383	0.05762998	0.16	5830.020576
0.5026096	0.12605232	0.736135888	0.04970923	0.15000001	5835.018816
0.50266746	0.12676752	0.712851393	0.05794734	0.14	5840.01792
0.50272535	0.12707807	0.702971652	0.0563105	0.14	5845.019616
0.50278322	0.12698585	0.70589113	0.06586117	0.14	5850.019584
0.50284106	0.12646434	0.722630602	0.05665809	0.15000001	5855.01696
0.50289893	0.12711197	0.701901491	0.05523644	0.15000001	5860.016928
0.5029568	0.12648943	0.721816246	0.05480779	0.15000001	5865.016896
0.50301465	0.12652932	0.720523409	0.0580988	0.15000001	5870.015136
0.50307253	0.12676705	0.71286645	0.05786002	0.15000001	5875.015968
0.50313041	0.12654711	0.719947582	0.05966464	0.16	5880.0168
0.50318829	0.12681125	0.711451826	0.05869694	0.17	5885.017632
0.50324613	0.1270677	0.703299339	0.06051531	0.16	5890.015008
0.50330401	0.12690207	0.708553927	0.06052809	0.15000001	5895.01584
0.50336188	0.12698345	0.705967271	0.06029594	0.15000001	5900.015808
0.50341973	0.12658542	0.718709123	0.06319666	0.14	5905.014048
0.50347761	0.12690717	0.708391546	0.06140488	0.14	5910.01488
0.50353548	0.1267893	0.712153986	0.05932458	0.14	5915.014848
0.50359335	0.12619677	0.731372579	0.0599633	0.14	5920.014816
0.5036512	0.12686855	0.709622112	0.05825501	0.14	5925.013056
0.50370907	0.12687169	0.709521981	0.06472889	0.15000001	5930.013024
0.50376694	0.12693202	0.707600869	0.06493042	0.14	5935.012992
0.50382481	0.12688281	0.709167491	0.06060652	0.14	5940.01296
0.50388268	0.12675764	0.713167981	0.06110648	0.14	5945.012928
0.50394054	0.12694603	0.707155488	0.06108142	0.14	5950.012032
0.50399842	0.12689471	0.708788331	0.06093907	0.14	5955.012864
0.50405627	0.12706436	0.703404914	0.06289629	0.14	5960.011104
0.50411414	0.12680253	0.711730687	0.06011119	0.13	5965.011072
0.50417201	0.12713219	0.701263959	0.0626986	0.14	5970.01104
0.50422987	0.12670255	0.714935827	0.06142932	0.14	5975.010144
0.50428775	0.12665278	0.716536721	0.06328505	0.15000001	5980.010976
0.50434562	0.12674592	0.713543711	0.06231228	0.15000001	5985.010944
0.50440349	0.12694992	0.707031873	0.0630055	0.15000001	5990.010912
0.50446134	0.12702541	0.704637267	0.06303249	0.15000001	5995.009152
0.50451922	0.12689872	0.70866061	0.06055543	0.15000001	6000.009984
0.50457708	0.12736432	0.693986302	0.063836	0.15000001	6005.009088
0.50463495	0.12703998	0.704176029	0.06445561	0.15000001	6010.009056
0.50469282	0.12673834	0.713786823	0.06347291	0.15000001	6015.009024
0.50475068	0.12701923	0.704832997	0.06535955	0.15000001	6020.008128
0.50480855	0.12712559	0.701471992	0.06286377	0.15000001	6025.008096
0.50486642	0.12746112	0.690973823	0.0636199	0.15000001	6030.008064
0.50492429	0.12698151	0.706028823	0.0654071	0.15000001	6035.008032
0.50498215	0.12690547	0.708445669	0.06181983	0.14	6040.007136
0.50504002	0.12711951	0.701663689	0.06324072	0.15000001	6045.007104
0.50509788	0.12689877	0.708659017	0.06536587	0.14	6050.006208
0.50515576	0.12692176	0.707927214	0.06582231	0.15000001	6055.00704
0.50521362	0.12695953	0.706726585	0.06558748	0.15000001	6060.006144
0.50527148	0.12723447	0.698047955	0.06523905	0.14	6065.005248
0.50532934	0.12660243	0.718159919	0.06532284	0.15000001	6070.004352
0.50538723	0.12669869	0.715059859	0.06451926	0.15000001	6075.006048
0.50544508	0.12691358	0.708187508	0.06498756	0.15000001	6080.004288
0.50550296	0.12690039	0.708607426	0.06434478	0.14	6085.00512
0.50556083	0.1269875	0.705838789	0.06361536	0.14	6090.005088
0.50561868	0.12683041	0.710839481	0.06426235	0.14	6095.003328
0.50567655	0.12705782	0.703611685	0.06448079	0.14	6100.003296
0.50573443	0.12731802	0.695431828	0.06543151	0.14	6105.004128
0.5057923	0.12716076	0.70036414	0.0649358	0.14	6110.004096
0.50585016	0.12690362	0.708504572	0.06327543	0.14	6115.0032
0.50590803	0.12707336	0.703120467	0.06432938	0.15000001	6120.003168
0.50596589	0.12725368	0.697445579	0.06633441	0.15000001	6125.002272
0.50602377	0.12670204	0.714952214	0.06424797	0.14	6130.003104
0.50608162	0.12702176	0.704752862	0.06619753	0.14	6135.001344
0.50613949	0.12683412	0.710720972	0.06541153	0.15000001	6140.001312
0.50619737	0.12739679	0.692974354	0.06382798	0.15000001	6145.002144
0.50625522	0.1271445	0.700876111	0.06634893	0.15000001	6150.000384
0.5063131	0.12688859	0.708983302	0.06446332	0.14	6155.001216
0.50637094	0.12697347	0.706283975	0.06437917	0.14	6159.998592
0.50642884	0.12714157	0.700968406	0.06555583	0.14	6165.001152
0.50648669	0.12719792	0.699195505	0.06446213	0.16	6169.999392
0.50654457	0.12785985	0.678702333	0.06690291	0.15000001	6175.000224
0.50660243	0.12756251	0.68783252	0.06319807	0.15000001	6179.999328
0.5066603	0.12719539	0.699275008	0.06483784	0.15000001	6184.999296
0.50671816	0.12765943	0.68484306	0.06490464	0.15000001	6189.9984
0.50677603	0.12742278	0.692165422	0.06366351	0.15000001	6194.998368
0.50683391	0.12760188	0.686616597	0.0666187	0.15000001	6199.9992
0.50689176	0.12748651	0.690185837	0.06555857	0.15000001	6204.99744
0.50694963	0.12747371	0.690582976	0.06780384	0.15000001	6209.997408
0.50700751	0.12705633	0.703658802	0.06614587	0.14	6214.99824
0.50706536	0.12697805	0.706138616	0.0655623	0.14	6219.99648
0.50712323	0.12712866	0.701375218	0.06566635	0.14	6224.996448
0.50718111	0.12740506	0.69271685	0.06649465	0.14	6229.99728
0.50723898	0.12754293	0.688438041	0.06437907	0.14	6234.997248
0.50729683	0.12730354	0.695884524	0.06583829	0.15000001	6239.995488
0.5073547	0.1273665	0.693918315	0.06469828	0.14	6244.995456
0.50741258	0.12708291	0.702818762	0.06283508	0.15000001	6249.996288
0.50747043	0.12742923	0.691964814	0.06329001	0.15000001	6254.994528
0.5075283	0.12742952	0.691955795	0.06452965	0.15000001	6259.994496
0.50758618	0.12767518	0.684358487	0.06693917	0.15000001	6264.995328
0.50764405	0.12726277	0.697160722	0.06239648	0.14	6269.995296
0.5077019	0.12732114	0.695334325	0.06346391	0.14	6274.993536
0.50775977	0.12794338	0.676159317	0.06444421	0.14	6279.993504
0.50781764	0.12710178	0.702222999	0.06442143	0.14	6284.993472
0.50787551	0.1278307	0.679592035	0.06433692	0.14	6289.99344
0.50793337	0.12706076	0.703518725	0.06454941	0.14	6294.992544
0.50799125	0.12803996	0.673230878	0.06878568	0.14	6299.993376
0.50804911	0.12736849	0.693856259	0.06725042	0.14	6304.99248
0.50810697	0.12767288	0.684429228	0.06317702	0.14	6309.991584
0.50816484	0.13185242	0.567223159	0.06122993	0.15000001	6314.991552
