Capture V Flow mL/s (mL/s),Turbidity (),Fluoride Probe (volts),Fluoride Conc,,Average Turbidity,0.1663464119
0.19120095,0.01883554,0.11106072,1.821439334,,Average Fluoride,2.086533239
0.19120095,0.01883554,0.11026631,1.895020097,,,
0.19120095,0.01883554,0.11074803,1.850054412,,,
0.19120095,0.01883554,0.10887727,2.030891715,,,
0.19120095,0.01883554,0.10907631,2.010840014,,,
0.19120095,0.01897069,0.10945845,1.972895689,,,
0.19120095,0.01897069,0.10978618,1.940924824,,,
0.19120095,0.01897069,0.10996103,1.924080256,,,
0.19120095,0.01897069,0.11095361,1.831191064,,,
0.19120095,0.01897069,0.11055532,1.867913261,,,
0.19120095,0.01802351,0.11038814,1.88354578,,,
0.19120095,0.01802351,0.1106462,1.859469838,,,
0.19120095,0.01802351,0.11012456,1.908458547,,,
0.19120095,0.01802351,0.10965064,1.954083773,,,
0.19120095,0.01802351,0.10995091,1.925051191,,,
0.19120095,0.01724352,0.10965943,1.953227694,,,
0.19120095,0.01724352,0.1105707,1.866481655,,,
0.19120095,0.01724352,0.10994823,1.925308398,,,
0.19120095,0.01724352,0.10967119,1.952082946,,,
0.19120095,0.01724352,0.11063781,1.860247729,,,
0.19120095,0.01635837,0.10903307,2.0151792,,,
0.19120095,0.01635837,0.10906362,2.012112501,,,
0.19120095,0.01635837,0.11022882,1.898565063,,,
0.19120095,0.01635837,0.10970941,1.948367147,,,
0.19120095,0.01635837,0.11018959,1.90228166,,,
0.19120095,0.02033358,0.10942663,1.976027718,,,
0.19120095,0.02033358,0.1097032,1.94897041,,,
0.19120095,0.02033358,0.10929989,1.988552102,,,
0.19120095,0.02033358,0.10937546,1.981074789,,,
0.19120095,0.02033358,0.10951483,1.967358416,,,
0.19120095,0.01944321,0.11007605,1.913079336,,,
0.19120095,0.01944321,0.1105193,1.871270385,,,
0.19120095,0.01944321,0.1110553,1.821931543,,,
0.19120095,0.01944321,0.10935451,1.983144876,,,
0.19120095,0.01944321,0.1101088,1.90995853,,,
0.19120095,0.01873302,0.11007488,1.913190922,,,
0.19120095,0.01873302,0.10935514,1.983082594,,,
0.19120095,0.01873302,0.10984081,1.935646141,,,
0.19120095,0.01873302,0.10985067,1.934694938,,,
0.19120095,0.01873302,0.10967909,1.951314317,,,
0.19120095,0.01760422,0.10917985,2.000487584,,,
0.19120095,0.01760422,0.10982251,1.937412797,,,
0.19120095,0.01760422,0.11017174,1.903975152,,,
0.19120095,0.01760422,0.10905371,2.013106784,,,
0.19120095,0.01760422,0.11047621,1.875294371,,,
0.19120095,0.01841657,0.11048202,1.874751296,,,
0.19120095,0.01841657,0.1099788,1.922376547,,,
0.19120095,0.01841657,0.11060108,1.863657038,,,
0.19120095,0.01841657,0.10890429,2.028157979,,,
0.19120095,0.01841657,0.10955704,1.963223002,,,
0.19120095,0.0180671,0.10967059,1.952141335,,,
0.19120095,0.0180671,0.10869786,2.049137137,,,
0.19120095,0.0180671,0.10930277,1.988266622,,,
0.19120095,0.0180671,0.1097099,1.948319555,,,
0.19120095,0.0180671,0.10991046,1.928936948,,,
0.19120095,0.01794974,0.10989333,1.930584874,,,
0.19120095,0.01794974,0.10975558,1.94388787,,,
0.19120095,0.01794974,0.11048234,1.87472139,,,
0.19120095,0.01794974,0.10938061,1.980566244,,,
0.19120095,0.01794974,0.10984642,1.935104882,,,
0.19120095,0.01677929,0.10971438,1.947884477,,,
0.19120095,0.01677929,0.10980053,1.939536847,,,
0.19120095,0.01677929,0.10949745,1.969063706,,,
0.19120095,0.01677929,0.11002629,1.917830818,,,
0.19120095,0.01677929,0.10952275,1.966581811,,,
0.19120095,0.01770131,0.11039169,1.883212474,,,
0.19120095,0.01770131,0.10945318,1.97341407,,,
0.19120095,0.01770131,0.11040611,1.881859201,,,
0.19120095,0.01770131,0.10835503,2.08445897,,,
0.19120095,0.01770131,0.1095595,1.962982259,,,
0.19120095,0.01769987,0.10897379,2.021143242,,,
0.19120095,0.01769987,0.11008134,1.912574898,,,
0.19120095,0.01769987,0.10956328,1.962612393,,,
0.19120095,0.01769987,0.10855211,2.064080049,,,
0.19120095,0.01769987,0.1094719,1.971573305,,,
0.19120095,0.01936933,0.10884708,2.033950533,,,
0.19120095,0.01936933,0.10951608,1.967235825,,,
0.19120095,0.01936933,0.10989118,1.930791806,,,
0.19120095,0.01936933,0.10994074,1.926027416,,,
0.19120095,0.01936933,0.10927937,1.990587331,,,
0.19120095,0.01876482,0.1104862,1.874360679,,,
0.19120095,0.01876482,0.10988731,1.93116434,,,
0.19120095,0.01876482,0.10902503,2.015987055,,,
0.19120095,0.01876482,0.10972658,1.94670016,,,
0.19120095,0.01876482,0.10906892,2.011580946,,,
0.19120095,0.01791234,0.10973908,1.945487468,,,
0.19120095,0.01791234,0.10905991,2.012484672,,,
0.19120095,0.01791234,0.11015911,1.905174315,,,
0.19120095,0.01791234,0.10891052,2.027528183,,,
0.19120095,0.01791234,0.1098088,1.938737398,,,
0.19120095,0.01817219,0.10962898,1.956194894,,,
0.19120095,0.01817219,0.10982292,1.937373199,,,
0.19120095,0.01817219,0.10956793,1.962157495,,,
0.19120095,0.01817219,0.10879564,2.039172994,,,
0.19120095,0.01817219,0.10923948,1.994549693,,,
0.19120095,0.01844512,0.10898709,2.019803621,,,
0.19120095,0.01844512,0.10964481,1.954651777,,,
0.19120095,0.01844512,0.10972042,1.947298053,,,
0.19120095,0.01844512,0.10975642,1.943806471,,,
0.19120095,0.01844512,0.10995873,1.92430088,,,
0.19120095,0.01924297,0.10964718,1.954420853,,,
0.19120095,0.01924297,0.10879206,2.039536954,,,
0.19120095,0.01924297,0.10914572,2.003894164,,,
0.19120095,0.01924297,0.10952109,1.966744559,,,
0.19120095,0.01924297,0.10985009,1.934750878,,,
0.19120095,0.01874282,0.10960998,1.958048632,,,
0.19120095,0.01874282,0.10947353,1.971413106,,,
0.19120095,0.01874282,0.10945881,1.972860283,,,
0.19120095,0.01874282,0.10980671,1.938939404,,,
0.19120095,0.01874282,0.10985257,1.934511697,,,
0.19120095,0.01874282,0.10985645,1.934137554,,,
0.19120095,0.01788603,0.11062724,1.861228205,,,
0.19120095,0.01788603,0.10945541,1.9731947,,,
0.19120095,0.01788603,0.10950635,1.968190272,,,
0.19120095,0.01788603,0.10855941,2.063329036,,,
0.19120095,0.01788603,0.10970744,1.9485585,,,
0.19120095,0.01693339,0.10906677,2.01179656,,,
0.19120095,0.01693339,0.11008545,1.912183072,,,
0.19120095,0.01693339,0.10946407,1.972343031,,,
0.19120095,0.01693339,0.10889917,2.02867571,,,
0.19120095,0.01693339,0.11009604,1.911173848,,,
0.19120095,0.01700252,0.10980815,1.938800221,,,
0.19120095,0.01700252,0.10954268,1.964628909,,,
0.19120095,0.01700252,0.10858453,2.060746817,,,
0.19120095,0.01700252,0.10969809,1.949466955,,,
0.19120095,0.01700252,0.11078148,1.846971966,,,
0.19120095,0.01622831,0.10953537,1.965344977,,,
0.19120095,0.01622831,0.10952253,1.96660338,,,
0.19120095,0.01622831,0.10910689,2.007776915,,,
0.19120095,0.01622831,0.10939236,1.97940646,,,
0.19120095,0.01622831,0.11016443,1.904669113,,,
0.19120095,0.01872197,0.10976691,1.942790242,,,
0.19120095,0.01872197,0.10864697,2.054342265,,,
0.19120095,0.01872197,0.11022431,1.898991965,,,
0.19120095,0.01872197,0.10972607,1.946749654,,,
0.19120095,0.01872197,0.11009179,1.911578808,,,
0.19120095,0.01846745,0.1094636,1.972389244,,,
0.19120095,0.01846745,0.10806912,2.1143815,,,
0.19120095,0.01846745,0.10948665,1.970124125,,,
0.19120095,0.01846745,0.10858824,2.06036572,,,
0.19120095,0.01846745,0.10938548,1.980085468,,,
0.19120095,0.01830068,0.10868787,2.050157893,,,
0.19120095,0.01830068,0.10940867,1.977797708,,,
0.19120095,0.01830068,0.10921599,1.996886695,,,
0.19120095,0.01830068,0.10881731,2.036971309,,,
0.19120095,0.01830068,0.10948492,1.970294041,,,
0.19120095,0.01839929,0.11055787,1.867675825,,,
0.19120095,0.01839929,0.10873274,2.045577163,,,
0.19120095,0.01839929,0.10952589,1.966274,,,
0.19120095,0.01839929,0.10900539,2.017961836,,,
0.19120095,0.01839929,0.1093505,1.983541354,,,
0.19120095,0.01944447,0.11017424,1.903737878,,,
0.19120095,0.01944447,0.10805924,2.115423156,,,
0.19120095,0.01944447,0.10992038,1.927983276,,,
0.19120095,0.01944447,0.10977219,1.942278937,,,
0.19120095,0.01944447,0.10945675,1.973062894,,,
0.19120095,0.01858721,0.10920119,1.998360542,,,
0.19120095,0.01858721,0.10950319,1.968500346,,,
0.19120095,0.01858721,0.10993481,1.92659687,,,
0.19120095,0.01858721,0.10925685,1.992823324,,,
0.19120095,0.01858721,0.10909728,2.008739014,,,
0.19120095,0.01706397,0.10981597,1.938044551,,,
0.19120095,0.01706397,0.10941281,1.977389563,,,
0.19120095,0.01706397,0.10923942,1.994555659,,,
0.19120095,0.01706397,0.10916096,2.002372315,,,
0.19120095,0.01706397,0.10945381,1.973352093,,,
0.19120095,0.01695226,0.11044278,1.878422212,,,
0.19120095,0.01695226,0.10883939,2.034730411,,,
0.19120095,0.01695226,0.10894325,2.024222695,,,
0.19120095,0.01695226,0.10998911,1.921388762,,,
0.19120095,0.01695226,0.10927677,1.990845355,,,
0.19120095,0.01686139,0.10945721,1.973017649,,,
0.19120095,0.01686139,0.10874062,2.044773759,,,
0.19120095,0.01686139,0.10971209,1.948106859,,,
0.19120095,0.01686139,0.10913543,2.004922366,,,
0.19120095,0.01686139,0.10937143,1.981472829,,,
0.19120095,0.01600362,0.10943992,1.974718985,,,
0.19120095,0.01600362,0.10847757,2.071764273,,,
0.19120095,0.01600362,0.10958477,1.960510961,,,
0.19120095,0.01600362,0.10998565,1.921720203,,,
0.19120095,0.01600362,0.1087905,2.039695571,,,
0.19120095,0.01532498,0.10987194,1.932644594,,,
0.19120095,0.01532498,0.1088694,2.031688651,,,
0.19120095,0.01532498,0.10905574,2.012903072,,,
0.19120095,0.01532498,0.10963064,1.956033019,,,
0.19120095,0.01532498,0.10879347,2.039393599,,,
0.19120095,0.0159415,0.10998989,1.921314052,,,
0.19120095,0.0159415,0.10904684,2.013796349,,,
0.19120095,0.0159415,0.10914676,2.003790274,,,
0.19120095,0.0159415,0.10995378,1.924775787,,,
0.19120095,0.0159415,0.10916314,2.002154717,,,
0.19120095,0.01616298,0.10964321,1.954807691,,,
0.19120095,0.01616298,0.109987,1.921590877,,,
0.19120095,0.01616298,0.1091278,2.005685115,,,
0.19120095,0.01616298,0.11010722,1.910108975,,,
0.19120095,0.01616298,0.1099029,1.929664056,,,
0.19120095,0.01855099,0.108913,2.027277533,,,
0.19120095,0.01855099,0.10978863,1.940687782,,,
0.19120095,0.01855099,0.11062287,1.861633719,,,
0.19120095,0.01855099,0.10902835,2.015653424,,,
0.19120095,0.01855099,0.10927129,1.991389299,,,
0.19120095,0.02397883,0.10973748,1.94564265,,,
0.19120095,0.02397883,0.10816872,2.103909204,,,
0.19120095,0.02397883,0.11029971,1.891867447,,,
0.19120095,0.02397883,0.10928185,1.990341247,,,
0.19120095,0.02397883,0.10887138,2.031488122,,,
0.19120095,0.02150867,0.10889809,2.028784935,,,
0.19120095,0.02150867,0.10984139,1.935590175,,,
0.19120095,0.02150867,0.10882261,2.036433187,,,
0.19120095,0.02150867,0.10914215,2.004250828,,,
0.19120095,0.02150867,0.10856968,2.062272937,,,
0.19120095,0.01868383,0.10940313,1.978344004,,,
0.19120095,0.01868383,0.11031365,1.890553192,,,
0.19120095,0.01868383,0.10948482,1.970303864,,,
0.19120095,0.01868383,0.11007251,1.913416974,,,
0.19120095,0.01868383,0.10919208,1.999268295,,,
0.19120095,0.01664732,0.10950082,1.968732933,,,
0.19120095,0.01664732,0.10860212,2.05894057,,,
0.19120095,0.01664732,0.10973988,1.945409881,,,
0.19120095,0.01664732,0.1104386,1.878813676,,,
0.19120095,0.01664732,0.10896056,2.022476693,,,
0.19120095,0.01662252,0.10963445,1.955661538,,,
0.19120095,0.01662252,0.11046377,1.876457697,,,
0.19120095,0.01662252,0.10967125,1.952077107,,,
0.19120095,0.01662252,0.1091008,2.008386558,,,
0.19120095,0.01662252,0.10975919,1.943538073,,,
0.19120095,0.11738584,0.10959029,1.959971543,,,
0.19120095,0.11738584,0.1098229,1.937375131,,,
0.19120095,0.11738584,0.10982848,1.936836285,,,
0.19120095,0.11738584,0.10956117,1.962818844,,,
0.19120095,0.11738584,0.10885431,2.033217578,,,
0.19120095,0.0860637,0.11000893,1.919491264,,,
0.19120095,0.0860637,0.11032367,1.889609077,,,
0.19120095,0.0860637,0.10838255,2.081601242,,,
0.19120095,0.0860637,0.10872646,2.046217665,,,
0.19120095,0.0860637,0.10901938,2.016554959,,,
0.19120095,0.05834547,0.10889485,2.029112648,,,
0.19120095,0.05834547,0.11027049,1.894625256,,,
0.19120095,0.05834547,0.10951137,1.967697786,,,
0.19120095,0.05834547,0.10960977,1.95806913,,,
0.19120095,0.05834547,0.10905784,2.012692356,,,
0.19120095,0.04237586,0.10936056,1.982546849,,,
0.19120095,0.04237586,0.1102538,1.896202276,,,
0.19120095,0.04237586,0.10917092,2.001378345,,,
0.19120095,0.04237586,0.11012864,1.908070418,,,
0.19120095,0.04237586,0.10990616,1.929350481,,,
0.19120095,0.03170966,0.10980777,1.938836949,,,
0.19120095,0.03170966,0.10984987,1.934772097,,,
0.19120095,0.03170966,0.10881701,2.037001773,,,
0.19120095,0.03170966,0.10981629,1.938013635,,,
0.19120095,0.03170966,0.10995686,1.924480275,,,
0.19120095,0.02465432,0.10888585,2.030023238,,,
0.19120095,0.02465432,0.10919282,1.999194543,,,
0.19120095,0.02465432,0.10956758,1.962191731,,,
0.19120095,0.02465432,0.10935889,1.982711906,,,
0.19120095,0.02465432,0.10932832,1.985735775,,,
0.19120095,0.02127672,0.10977066,1.942427085,,,
0.19120095,0.02127672,0.10877571,2.041199996,,,
0.19120095,0.02127672,0.10913694,2.004771451,,,
0.19120095,0.02127672,0.10915427,2.003040228,,,
0.19120095,0.02127672,0.10929627,1.988910992,,,
0.19120095,0.02489812,0.10881132,2.037579659,,,
0.19120095,0.02489812,0.10953061,1.965811393,,,
0.19120095,0.02489812,0.10934563,1.984022969,,,
0.19120095,0.02489812,0.1097983,1.939752475,,,
0.19120095,0.02489812,0.10958698,1.960294981,,,
0.19120095,0.02089866,0.10943715,1.974991689,,,
0.19120095,0.02089866,0.10972121,1.947221365,,,
0.19120095,0.02089866,0.1097963,1.939945883,,,
0.19120095,0.02089866,0.10916471,2.001998021,,,
0.19120095,0.02089866,0.11040833,1.881650947,,,
0.19120095,0.01834799,0.1092509,1.993414514,,,
0.19120095,0.01834799,0.10993061,1.927000295,,,
0.19120095,0.01834799,0.10943481,1.97522209,,,
0.19120095,0.01834799,0.10802425,2.119116306,,,
0.19120095,0.01834799,0.11014035,1.906956889,,,
0.19120095,0.01815325,0.10938157,1.980471462,,,
0.19120095,0.01815325,0.10832711,2.087362244,,,
0.19120095,0.01815325,0.1106182,1.862067169,,,
0.19120095,0.01815325,0.10934275,1.984307839,,,
0.19120095,0.01815325,0.11043559,1.879095618,,,
0.19120095,0.02570791,0.10970341,1.948950007,,,
0.19120095,0.02570791,0.10934079,1.984501733,,,
0.19120095,0.02570791,0.11020144,1.901158241,,,
0.19120095,0.02570791,0.10986814,1.93301074,,,
0.19120095,0.02570791,0.10970734,1.948568214,,,
0.19120095,0.02207085,0.10969239,1.95002098,,,
0.19120095,0.02207085,0.10918061,2.000411793,,,
0.19120095,0.02207085,0.11005242,1.915334248,,,
0.19120095,0.02207085,0.10898439,2.020075502,,,
0.19120095,0.02207085,0.11021758,1.899629182,,,
0.19120095,0.03843026,0.10850262,2.069178718,,,
0.19120095,0.03843026,0.10989522,1.930402985,,,
0.19120095,0.03843026,0.10944854,1.973870593,,,
0.19120095,0.03843026,0.10934142,1.984439408,,,
0.19120095,0.03843026,0.10923366,1.995128465,,,
0.19120095,0.02871723,0.10936412,1.982195036,,,
0.19120095,0.02871723,0.10995624,1.924539758,,,
0.19120095,0.02871723,0.10890927,2.027654531,,,
0.19120095,0.02871723,0.10955336,1.963583195,,,
0.19120095,0.02871723,0.11001693,1.918725903,,,
0.19120095,0.02310603,0.10907675,2.010795907,,,
0.19120095,0.02310603,0.10868339,2.050615814,,,
0.19120095,0.02310603,0.10972187,1.947157299,,,
0.19120095,0.02310603,0.10867374,2.051602532,,,
0.19120095,0.02310603,0.11046784,1.876077012,,,
0.19120095,0.0190528,0.10840024,2.079766349,,,
0.19120095,0.0190528,0.11040842,1.881642505,,,
0.19120095,0.0190528,0.11013023,1.907919184,,,
0.19120095,0.0190528,0.10951831,1.967017143,,,
0.19120095,0.0190528,0.10928869,1.98966269,,,
0.19120095,0.01726792,0.10858867,2.060321554,,,
0.19120095,0.01726792,0.11015709,1.905366176,,,
0.19120095,0.01726792,0.10898244,2.020271884,,,
0.19120095,0.01726792,0.10932166,1.986395168,,,
0.19120095,0.01726792,0.11064724,1.859373435,,,
0.19120095,0.01642569,0.10867903,2.051061567,,,
0.19120095,0.01642569,0.10986198,1.933604428,,,
0.19120095,0.01642569,0.10989574,1.930352944,,,
0.19120095,0.01642569,0.11040843,1.881641567,,,
0.19120095,0.01642569,0.10947261,1.971503523,,,
0.19120095,0.01807793,0.10953946,1.964944299,,,
0.19120095,0.01807793,0.10868593,2.050356176,,,
0.19120095,0.01807793,0.11032469,1.889512996,,,
0.19120095,0.01807793,0.10931047,1.987503561,,,
0.19120095,0.01807793,0.10960185,1.958842373,,,
0.19120095,0.01626916,0.10981431,1.938204937,,,
0.19120095,0.01626916,0.10973049,1.946320749,,,
0.19120095,0.01626916,0.10963865,1.955252113,,,
0.19120095,0.01626916,0.11020777,1.900558408,,,
0.19120095,0.01626916,0.10924462,1.994038683,,,
0.19120095,0.01626916,0.10950477,1.968345303,,,
0.19120095,0.01583218,0.11061385,1.862471008,,,
0.19120095,0.01583218,0.10948128,1.970651601,,,
0.19120095,0.01583218,0.10903068,2.015419312,,,
0.19120095,0.01583218,0.10922298,1.996190979,,,
0.19120095,0.01583218,0.11001252,1.919147771,,,
0.19120095,0.01449603,0.11028004,1.893723477,,,
0.19120095,0.01449603,0.10981313,1.938318954,,,
0.19120095,0.01449603,0.10884423,2.03423953,,,
0.19120095,0.01449603,0.11040592,1.881877025,,,
0.19120095,0.01449603,0.10919107,1.99936896,,,
0.19120095,0.02502292,0.11000089,1.92026076,,,
0.19120095,0.02502292,0.10982012,1.937643644,,,
0.19120095,0.02502292,0.10951297,1.967540845,,,
0.19120095,0.02502292,0.10969902,1.949376576,,,
0.19120095,0.02502292,0.10932692,1.985874368,,,
0.19120095,0.01979815,0.11068251,1.856107051,,,
0.19120095,0.01979815,0.10919353,1.999123784,,,
0.19120095,0.01979815,0.10932838,1.985729835,,,
0.19120095,0.01979815,0.11009327,1.911437777,,,
0.19120095,0.01979815,0.10916327,2.002141742,,,
0.19120095,0.02207605,0.10995223,1.924924519,,,
0.19120095,0.02207605,0.10922794,1.995697457,,,
0.19120095,0.02207605,0.10864416,2.054630063,,,
0.19120095,0.02207605,0.10945839,1.97290159,,,
0.19120095,0.02207605,0.10994531,1.925588677,,,
0.19120095,0.02206345,0.1088049,2.038231881,,,
0.19120095,0.02206345,0.10902379,2.016111679,,,
0.19120095,0.02206345,0.10937033,1.981581489,,,
0.19120095,0.02206345,0.1088572,2.032924673,,,
0.19120095,0.02206345,0.11007555,1.913127022,,,
0.19120095,0.01874253,0.1088721,2.031415207,,,
0.19120095,0.01874253,0.10976519,1.942956832,,,
0.19120095,0.01874253,0.1087712,2.04165897,,,
0.19120095,0.01874253,0.1094056,1.97810042,,,
0.19120095,0.01874253,0.10957584,1.961383921,,,
0.19120095,0.01570437,0.10903917,2.014566491,,,
0.19120095,0.01570437,0.10995317,1.924834319,,,
0.19120095,0.01570437,0.10879416,2.03932345,,,
0.19120095,0.01570437,0.10887836,2.030781363,,,
0.19120095,0.01570437,0.10918885,1.999590243,,,
0.19120095,0.01683353,0.10912945,2.005520145,,,
0.19120095,0.01683353,0.10930472,1.988073352,,,
0.19120095,0.01683353,0.10958266,1.960717191,,,
0.19120095,0.01683353,0.1082489,2.095516492,,,
0.19120095,0.01683353,0.11000235,1.920121003,,,
0.19120095,0.016315,0.10893517,2.025038214,,,
0.19120095,0.016315,0.10922777,1.99571437,,,
0.19120095,0.016315,0.10934243,1.984339494,,,
0.19120095,0.016315,0.10966176,1.953000833,,,
0.19120095,0.016315,0.10947759,1.971014139,,,
0.19120095,0.01450598,0.10913917,2.004548595,,,
0.19120095,0.01450598,0.10983208,1.936488722,,,
0.19120095,0.01450598,0.10968254,1.950978745,,,
0.19120095,0.01450598,0.10911176,2.007289534,,,
0.19120095,0.01450598,0.1098175,1.937896737,,,
0.19120095,0.01674846,0.10916892,2.001577898,,,
0.19120095,0.01674846,0.10927068,1.991449857,,,
0.19120095,0.01674846,0.10999388,1.920931928,,,
0.19120095,0.01674846,0.10882115,2.03658141,,,
0.19120095,0.01674846,0.11012809,1.908122735,,,
0.19120095,0.01511946,0.10824307,2.096125608,,,
0.19120095,0.01511946,0.1096118,1.957870987,,,
0.19120095,0.01511946,0.10951366,1.967473168,,,
0.19120095,0.01511946,0.10928523,1.990005908,,,
0.19120095,0.01511946,0.10962545,1.956539166,,,
0.19120095,0.01372941,0.10972599,1.946757418,,,
0.19120095,0.01372941,0.10963368,1.955736608,,,
0.19120095,0.01372941,0.1101205,1.908844851,,,
0.19120095,0.01372941,0.10861728,2.057385121,,,
0.19120095,0.01372941,0.10955907,1.963024338,,,
0.19120095,0.01751586,0.10988864,1.931036303,,,
0.19120095,0.01751586,0.10876511,2.042278901,,,
0.19120095,0.01751586,0.11040956,1.881535573,,,
0.19120095,0.01751586,0.10925569,1.992938567,,,
0.19120095,0.01751586,0.10964752,1.954387727,,,
0.19120095,0.01575149,0.10914324,2.004141924,,,
0.19120095,0.01575149,0.10933575,1.985000403,,,
0.19120095,0.01575149,0.10898104,2.020412887,,,
0.19120095,0.01575149,0.10950519,1.968304091,,,
0.19120095,0.01575149,0.11090297,1.835819695,,,
0.19120095,0.02586588,0.1089083,2.027752582,,,
0.19120095,0.02586588,0.11035183,1.886958278,,,
0.19120095,0.02586588,0.11013094,1.907851655,,,
0.19120095,0.02586588,0.10952826,1.966041703,,,
0.19120095,0.02586588,0.10857504,2.061721965,,,
0.19120095,0.02186164,0.11007929,1.912770364,,,
0.19120095,0.02186164,0.10886261,2.032376475,,,
0.19120095,0.02186164,0.11064693,1.85940217,,,
0.19120095,0.02186164,0.10976694,1.942787336,,,
0.19120095,0.02186164,0.10967099,1.952102409,,,
0.19120095,0.0176239,0.10882609,2.036079932,,,
0.19120095,0.0176239,0.1097614,1.943323962,,,
0.19120095,0.0176239,0.10840004,2.079787085,,,
0.19120095,0.0176239,0.1102846,1.893293041,,,
0.19120095,0.0176239,0.10918017,2.000455672,,,
0.19120095,0.01733767,0.11026458,1.895183536,,,
0.19120095,0.01733767,0.10863865,2.055194508,,,
0.19120095,0.01733767,0.10998865,1.921432823,,,
0.19120095,0.01733767,0.10895345,2.023193673,,,
0.19120095,0.01733767,0.10999901,1.920440736,,,
0.19120095,0.01521327,0.1098596,1.933833857,,,
0.19120095,0.01521327,0.10942502,1.976186322,,,
0.19120095,0.01521327,0.10947753,1.971020034,,,
0.19120095,0.01521327,0.10920863,1.997619499,,,
0.19120095,0.01521327,0.10947586,1.971184132,,,
0.19120095,0.01404183,0.10927793,1.990730233,,,
0.19120095,0.01404183,0.10877799,2.040968004,,,
0.19120095,0.01404183,0.10980088,1.939503007,,,
0.19120095,0.01404183,0.10827866,2.092409939,,,
0.19120095,0.01404183,0.10985649,1.934133697,,,
0.19120095,0.012905,0.10964923,1.954221131,,,
0.19120095,0.012905,0.10897665,2.020855098,,,
0.19120095,0.012905,0.10970687,1.94861387,,,
0.19120095,0.012905,0.10902562,2.015927761,,,
0.19120095,0.012905,0.10965971,1.95320043,,,
0.19120095,0.01216366,0.10921726,1.996760274,,,
0.19120095,0.01216366,0.10904792,2.01368793,,,
0.19120095,0.01216366,0.10966095,1.953079696,,,
0.19120095,0.01216366,0.10990243,1.929709268,,,
0.19120095,0.01216366,0.10928927,1.989605162,,,
0.19120095,0.01148138,0.11000153,1.920199495,,,
0.19120095,0.01148138,0.10901313,2.017183356,,,
0.19120095,0.01148138,0.10931619,1.986936906,,,
0.19120095,0.01148138,0.1090599,2.012485676,,,
0.19120095,0.01148138,0.10933375,1.985198323,,,
0.19120095,0.01114939,0.10989605,1.930323113,,,
0.19120095,0.01114939,0.10945864,1.972877002,,,
0.19120095,0.01114939,0.10900459,2.018042316,,,
0.19120095,0.01114939,0.11034313,1.887776842,,,
0.19120095,0.01114939,0.10868178,2.050780404,,,
0.19120095,0.02298114,0.10962399,1.956681574,,,
0.19120095,0.02298114,0.10843543,2.076121078,,,
0.19120095,0.02298114,0.10932373,1.986190198,,,
0.19120095,0.02298114,0.10885766,2.032878055,,,
0.19120095,0.02298114,0.10895385,2.02315333,,,
0.19120095,0.01900066,0.10844164,2.075478458,,,
0.19120095,0.01900066,0.10889971,2.028621099,,,
0.19120095,0.01900066,0.10998421,1.92185816,,,
0.19120095,0.01900066,0.10913765,2.004700494,,,
0.19120095,0.01900066,0.10914195,2.004270811,,,
0.19120095,0.01728973,0.11047159,1.875726326,,,
0.19120095,0.01728973,0.10816666,2.104125274,,,
0.19120095,0.01728973,0.11014807,1.906223134,,,
0.19120095,0.01728973,0.10822461,2.098055468,,,
0.19120095,0.01728973,0.10960094,1.958931237,,,
0.19120095,0.01645281,0.10993879,1.926214655,,,
0.19120095,0.01645281,0.10977517,1.941990419,,,
0.19120095,0.01645281,0.10873638,2.045206008,,,
0.19120095,0.01645281,0.1094479,1.973933571,,,
0.19120095,0.01645281,0.10862101,2.057002595,,,
0.19120095,0.01494033,0.10988709,1.93118552,,,
0.19120095,0.01494033,0.10832276,2.087814944,,,
0.19120095,0.01494033,0.11015091,1.905953274,,,
0.19120095,0.01494033,0.10929163,1.989371101,,,
0.19120095,0.01494033,0.10838142,2.081718506,,,
0.19120095,0.01878999,0.10971031,1.948279733,,,
0.19120095,0.01878999,0.10926679,1.99183608,,,
0.19120095,0.01878999,0.10898815,2.019696893,,,
0.19120095,0.01878999,0.10902034,2.016458454,,,
0.19120095,0.01878999,0.10938551,1.980082507,,,
0.19120095,0.01813103,0.10830685,2.08947152,,,
0.19120095,0.01813103,0.10881433,2.037273937,,,
0.19120095,0.01813103,0.10892842,2.025719748,,,
0.19120095,0.01813103,0.10928055,1.990470239,,,
0.19120095,0.01813103,0.10888066,2.030548531,,,
0.19120095,0.01652793,0.10912109,2.006356135,,,
0.19120095,0.01652793,0.10917871,2.000601276,,,
0.19120095,0.01652793,0.10875663,2.043142435,,,
0.19120095,0.01652793,0.10948587,1.970200733,,,
0.19120095,0.01652793,0.10917334,2.001136913,,,
0.19120095,0.01481281,0.10978701,1.940844517,,,
0.19120095,0.01481281,0.1082308,2.09740815,,,
0.19120095,0.01481281,0.10863127,2.055950759,,,
0.19120095,0.01481281,0.10945825,1.97291536,,,
0.19120095,0.01481281,0.10954253,1.9646436,,,
0.19120095,0.01499843,0.10857336,2.061894642,,,
0.19120095,0.01499843,0.10911686,2.006779262,,,
0.19120095,0.01499843,0.10887396,2.031226856,,,
0.19120095,0.01499843,0.11033651,1.888399942,,,
0.19120095,0.01499843,0.10878671,2.04008098,,,
0.19120095,0.01727425,0.10933103,1.985467526,,,
0.19120095,0.01727425,0.10958786,1.960208986,,,
0.19120095,0.01727425,0.11005298,1.915280778,,,
0.19120095,0.01727425,0.1090214,2.016351902,,,
0.19120095,0.01727425,0.10850049,2.069398442,,,
0.19120095,0.01632536,0.10893361,2.025195704,,,
0.19120095,0.01632536,0.11034683,1.887428674,,,
0.19120095,0.01632536,0.1088469,2.033968784,,,
0.19120095,0.01632536,0.10969823,1.949453349,,,
0.19120095,0.01632536,0.1087277,2.04609118,,,
0.19120095,0.01453111,0.10945705,1.973033386,,,
0.19120095,0.01453111,0.10856145,2.063119213,,,
0.19120095,0.01453111,0.10844386,2.075248777,,,
0.19120095,0.01453111,0.10951909,1.966940659,,,
0.19120095,0.01453111,0.10964071,1.955051331,,,
0.19120095,0.01321495,0.10967316,1.951891247,,,
0.19120095,0.01321495,0.10863864,2.055195532,,,
0.19120095,0.01321495,0.1089578,2.022754984,,,
0.19120095,0.01321495,0.10894979,2.02356285,,,
0.19120095,0.01321495,0.10879688,2.039046945,,,
0.19120095,0.0125266,0.10812687,2.108303128,,,
0.19120095,0.0125266,0.10974574,1.944841654,,,
0.19120095,0.0125266,0.10820154,2.100469768,,,
0.19120095,0.0125266,0.10940687,1.977975188,,,
0.19120095,0.0125266,0.10868608,2.050340844,,,
0.19120095,0.01595377,0.10968117,1.951111994,,,
0.19120095,0.01595377,0.1091129,2.007175462,,,
0.19120095,0.01595377,0.10893756,2.024796956,,,
0.19120095,0.01595377,0.10920513,1.997968073,,,
0.19120095,0.01595377,0.10945658,1.973079615,,,
0.19120095,0.02221163,0.10877278,2.041498164,,,
0.19120095,0.02221163,0.1097718,1.942316699,,,
0.19120095,0.02221163,0.10878758,2.039992503,,,
0.19120095,0.02221163,0.10936565,1.982043854,,,
0.19120095,0.02221163,0.10912177,2.006288122,,,
0.19120095,0.01913807,0.10947276,1.971488781,,,
0.19120095,0.01913807,0.10937912,1.980713363,,,
0.19120095,0.01913807,0.10875895,2.042906149,,,
0.19120095,0.01913807,0.10894934,2.023608245,,,
0.19120095,0.01913807,0.1092151,1.996975294,,,
0.19120095,0.01676058,0.1095752,1.9614465,,,
0.19120095,0.01676058,0.10968117,1.951111994,,,
0.19120095,0.01676058,0.10886894,2.031735242,,,
0.19120095,0.01676058,0.10847612,2.071914035,,,
0.19120095,0.01676058,0.10942455,1.976232624,,,
0.19120095,0.01662786,0.10879006,2.039740311,,,
0.19120095,0.01662786,0.10946671,1.972083473,,,
0.19120095,0.01662786,0.10827328,2.092971199,,,
0.19120095,0.01662786,0.10948689,1.970100554,,,
0.19120095,0.01662786,0.10930578,1.9879683,,,
0.19120095,0.02134036,0.10906325,2.012149615,,,
0.19120095,0.02134036,0.10954522,1.964380159,,,
0.19120095,0.02134036,0.10922255,1.99623377,,,
0.19120095,0.02134036,0.10903843,2.014640809,,,
0.19120095,0.02134036,0.10944793,1.973930618,,,
0.19120095,0.01794248,0.10891901,2.026670238,,,
0.19120095,0.01794248,0.10888523,2.030085983,,,
0.19120095,0.01794248,0.10991422,1.92857542,,,
0.19120095,0.01794248,0.10891911,2.026660135,,,
0.19120095,0.01794248,0.10953505,1.965376329,,,
0.19120095,0.01619367,0.10879239,2.039503402,,,
0.19120095,0.01619367,0.10927404,1.991116316,,,
0.19120095,0.01619367,0.10938761,1.979875227,,,
0.19120095,0.01619367,0.10893755,2.024797966,,,
0.19120095,0.01619367,0.10968323,1.950911637,,,
0.19120095,0.01849948,0.10867769,2.051198585,,,
0.19120095,0.01849948,0.10991006,1.928975413,,,
0.19120095,0.01849948,0.10838231,2.081626147,,,
0.19120095,0.01849948,0.10952981,1.965889794,,,
0.19120095,0.01849948,0.10894771,2.023772686,,,
0.19120095,0.01849948,0.10911569,2.006896313,,,
0.19120095,0.01747629,0.10864089,2.054965023,,,
0.19120095,0.01747629,0.10964323,1.954805742,,,
0.19120095,0.01747629,0.10820562,2.100042589,,,
0.19120095,0.01747629,0.10878651,2.040101321,,,
0.19120095,0.01747629,0.10841559,2.078175483,,,
0.19120095,0.01702668,0.10904606,2.013874655,,,
0.19120095,0.01702668,0.10939579,1.97906803,,,
0.19120095,0.01702668,0.10820804,2.099789255,,,
0.19120095,0.01702668,0.10948978,1.969816741,,,
0.19120095,0.01702668,0.10873627,2.045217223,,,
0.19120095,0.01609389,0.10888111,2.03050298,,,
0.19120095,0.01609389,0.10879946,2.038784707,,,
0.19120095,0.01609389,0.10919239,1.999237398,,,
0.19120095,0.01609389,0.10828538,2.091709097,,,
0.19120095,0.01609389,0.10808756,2.112438729,,,
0.19120095,0.022695,0.10825513,2.094865781,,,
0.19120095,0.022695,0.10985477,1.934299545,,,
0.19120095,0.022695,0.1084615,2.073424652,,,
0.19120095,0.022695,0.11011806,1.909077052,,,
0.19120095,0.022695,0.10809349,2.111814345,,,
0.19120095,0.0335149,0.10905489,2.012988367,,,
0.19120095,0.0335149,0.10859057,2.060126415,,,
0.19120095,0.0335149,0.1088513,2.03352269,,,
0.19120095,0.0335149,0.10947783,1.970990557,,,
0.19120095,0.0335149,0.10904842,2.013637738,,,
0.19120095,0.02684473,0.10892501,2.026064135,,,
0.19120095,0.02684473,0.10917556,2.000915459,,,
0.19120095,0.02684473,0.10877811,2.040955795,,,
0.19120095,0.02684473,0.10974807,1.944615766,,,
0.19120095,0.02684473,0.10854441,2.06487251,,,
0.19120095,0.04611664,0.10836878,2.083030655,,,
0.19120095,0.04611664,0.1089917,2.019339494,,,
0.19120095,0.04611664,0.10843555,2.076108658,,,
0.19120095,0.04611664,0.10957982,1.960994805,,,
0.19120095,0.04611664,0.10935378,1.983217047,,,
0.19120095,0.06482873,0.10887337,2.0312866,,,
0.19120095,0.06482873,0.10822091,2.09844249,,,
0.19120095,0.06482873,0.10858126,2.061082775,,,
0.19120095,0.06482873,0.11019578,1.901694745,,,
0.19120095,0.06482873,0.10846416,2.073149724,,,
0.19120095,0.06376778,0.10922197,1.99629149,,,
0.19120095,0.06376778,0.1087762,2.041150136,,,
0.19120095,0.06376778,0.10980553,1.939053465,,,
0.19120095,0.06376778,0.10933197,1.985374488,,,
0.19120095,0.06376778,0.10914376,2.004089972,,,
0.19120095,0.06477059,0.10834714,2.085279006,,,
0.19120095,0.06477059,0.10903271,2.015215366,,,
0.19120095,0.06477059,0.10939679,1.978969374,,,
0.19120095,0.06477059,0.1084947,2.069995838,,,
0.19120095,0.06477059,0.10829706,2.090491525,,,
0.19120095,0.0819075,0.10924869,1.993634143,,,
0.19120095,0.0819075,0.10962035,1.957036663,,,
0.19120095,0.0819075,0.10888496,2.030113308,,,
0.19120095,0.0819075,0.10818733,2.101958242,,,
0.19120095,0.0819075,0.10926402,1.992111148,,,
0.19120095,0.08942781,0.10802561,2.118972639,,,
0.19120095,0.08942781,0.10892775,2.025787409,,,
0.19120095,0.08942781,0.10843645,2.076015513,,,
0.19120095,0.08942781,0.10972013,1.947326205,,,
0.19120095,0.08942781,0.10898238,2.020277927,,,
0.19120095,0.09649935,0.10851651,2.067746441,,,
0.19120095,0.09649935,0.10839935,2.079858625,,,
0.19120095,0.09649935,0.10843626,2.076035176,,,
0.19120095,0.09649935,0.10917359,2.001111973,,,
0.19120095,0.09649935,0.10915583,2.002884462,,,
0.19120095,0.0673828,0.10825266,2.095123743,,,
0.19120095,0.0673828,0.10839476,2.080334588,,,
0.19120095,0.0673828,0.10921059,1.997424324,,,
0.19120095,0.0673828,0.10918637,1.99983747,,,
0.19120095,0.0673828,0.11000242,1.920114302,,,
0.19120095,0.07579433,0.10873687,2.04515605,,,
0.19120095,0.07579433,0.10881915,2.036784473,,,
0.19120095,0.07579433,0.10864434,2.054611626,,,
0.19120095,0.07579433,0.10910317,2.008149286,,,
0.19120095,0.07579433,0.10966439,1.952744793,,,
0.19120095,0.0506139,0.10859742,2.05942304,,,
0.19120095,0.0506139,0.10869734,2.049190257,,,
0.19120095,0.0506139,0.10856882,2.062361353,,,
0.19120095,0.0506139,0.10882555,2.036134743,,,
0.19120095,0.0506139,0.10972788,1.946574005,,,
0.19120095,0.03730815,0.109294,1.989136075,,,
0.19120095,0.03730815,0.10881138,2.037573564,,,
0.19120095,0.03730815,0.10868303,2.050652615,,,
0.19120095,0.03730815,0.10903687,2.01479749,,,
0.19120095,0.03730815,0.10883389,2.035288375,,,
0.19120095,0.0254697,0.1089247,2.026095446,,,
0.19120095,0.0254697,0.10899614,2.018892583,,,
0.19120095,0.0254697,0.10831475,2.088648795,,,
0.19120095,0.0254697,0.10875397,2.043413383,,,
0.19120095,0.0254697,0.10921026,1.997457184,,,
0.19120095,0.06553935,0.10876573,2.042215779,,,
0.19120095,0.06553935,0.1088185,2.036850473,,,
0.19120095,0.06553935,0.10919768,1.998710242,,,
0.19120095,0.06553935,0.10875881,2.042920407,,,
0.19120095,0.06553935,0.10957142,1.961816146,,,
0.19120095,0.07145612,0.10809033,2.112147046,,,
0.19120095,0.07145612,0.10899089,2.019421036,,,
0.19120095,0.07145612,0.10968725,1.950520709,,,
0.19120095,0.07145612,0.10854432,2.064881774,,,
0.19120095,0.07145612,0.1098792,1.931945257,,,
0.19120095,0.04939865,0.1080125,2.120357949,,,
0.19120095,0.04939865,0.10874058,2.044777837,,,
0.19120095,0.04939865,0.10853792,2.065540677,,,
0.19120095,0.04939865,0.10907721,2.010749797,,,
0.19120095,0.04939865,0.10831594,2.088524893,,,
0.19120095,0.0532292,0.10969985,1.949295919,,,
0.19120095,0.0532292,0.10876951,2.041830984,,,
0.19120095,0.0532292,0.10855427,2.063857803,,,
0.19120095,0.0532292,0.10844618,2.075008778,,,
0.19120095,0.0532292,0.10939252,1.979390672,,,
0.19120095,0.10485498,0.10821743,2.098806565,,,
0.19120095,0.10485498,0.10898585,2.019928481,,,
0.19120095,0.10485498,0.1090505,2.013428953,,,
0.19120095,0.10485498,0.10917078,2.001392313,,,
0.19120095,0.10485498,0.10886452,2.032182969,,,
0.19120095,0.06974363,0.10886427,2.032208296,,,
0.19120095,0.06974363,0.10885673,2.032972305,,,
0.19120095,0.06974363,0.10972125,1.947217482,,,
0.19120095,0.06974363,0.10804408,2.117022483,,,
0.19120095,0.06974363,0.10872971,2.04588617,,,
0.19120095,0.06469645,0.10881655,2.037048485,,,
0.19120095,0.06469645,0.10955218,1.963698705,,,
0.19120095,0.06469645,0.1090381,2.014673952,,,
0.19120095,0.06469645,0.10864262,2.054787805,,,
0.19120095,0.06469645,0.10875678,2.043127157,,,
0.19120095,0.06469645,0.10805891,2.115457957,,,
0.19120095,0.04495098,0.1089458,2.023965391,,,
0.19120095,0.04495098,0.10950858,1.967971483,,,
0.19120095,0.04495098,0.10901704,2.016790208,,,
0.19120095,0.04495098,0.10869271,2.049663289,,,
0.19120095,0.04495098,0.10948131,1.970648654,,,
0.19120095,0.07152845,0.10914633,2.003833228,,,
0.19120095,0.07152845,0.10893023,2.025536973,,,
0.19120095,0.07152845,0.10910181,2.008285439,,,
0.19120095,0.07152845,0.10945079,1.973649206,,,
0.19120095,0.07152845,0.10932294,1.986268421,,,
0.19120095,0.071269,0.10826717,2.093608798,,,
0.19120095,0.071269,0.10880249,2.038476773,,,
0.19120095,0.071269,0.10938139,1.980489233,,,
0.19120095,0.071269,0.108041,2.117347561,,,
0.19120095,0.071269,0.10804808,2.11660038,,,
0.19120095,0.05735558,0.10845967,2.073613815,,,
0.19120095,0.05735558,0.10928214,1.990312473,,,
0.19120095,0.05735558,0.10868762,2.050183443,,,
0.19120095,0.05735558,0.10799143,2.122586275,,,
0.19120095,0.05735558,0.10897819,2.020699961,,,
0.19120095,0.0517835,0.10876838,2.041946008,,,
0.19120095,0.0517835,0.10875527,2.04328096,,,
0.19120095,0.0517835,0.10846694,2.072862433,,,
0.19120095,0.0517835,0.10927485,1.991035917,,,
0.19120095,0.0517835,0.10877911,2.040854053,,,
0.19120095,0.03984488,0.10815722,2.105115701,,,
0.19120095,0.03984488,0.10886388,2.032247807,,,
0.19120095,0.03984488,0.10924825,1.993677873,,,
0.19120095,0.03984488,0.10928062,1.990463293,,,
0.19120095,0.03984488,0.10852243,2.067136298,,,
0.19120095,0.03880118,0.10894182,2.024367002,,,
0.19120095,0.03880118,0.10785523,2.137047151,,,
0.19120095,0.03880118,0.109609,1.958144293,,,
0.19120095,0.03880118,0.10791706,2.130470253,,,
0.19120095,0.03880118,0.10898673,2.01983987,,,
0.19120095,0.04093767,0.10765804,2.15815832,,,
0.19120095,0.04093767,0.10950764,1.968063705,,,
0.19120095,0.04093767,0.10850174,2.069269493,,,
0.19120095,0.04093767,0.10859907,2.059253649,,,
0.19120095,0.04093767,0.10865208,2.053819008,,,
0.19120095,0.03523695,0.10781195,2.14166295,,,
0.19120095,0.03523695,0.10890871,2.027711138,,,
0.19120095,0.03523695,0.10812105,2.108914909,,,
0.19120095,0.03523695,0.10910233,2.008233379,,,
0.19120095,0.03523695,0.10859502,2.05966945,,,
0.19120095,0.03267272,0.10816779,2.104006747,,,
0.19120095,0.03267272,0.10925717,1.992791534,,,
0.19120095,0.03267272,0.10826128,2.094223623,,,
0.19120095,0.03267272,0.10859532,2.059638647,,,
0.19120095,0.03267272,0.1084538,2.0742207,,,
0.19120095,0.04499391,0.10824492,2.095932302,,,
0.19120095,0.04499391,0.10967152,1.952050833,,,
0.19120095,0.04499391,0.10937141,1.981474804,,,
0.19120095,0.04499391,0.10871582,2.047303304,,,
0.19120095,0.04499391,0.108587,2.060493087,,,
0.19120095,0.0827935,0.10831413,2.088713351,,,
0.19120095,0.0827935,0.10797579,2.124241848,,,
0.19120095,0.0827935,0.10912842,2.005623125,,,
0.19120095,0.0827935,0.10909066,2.00940204,,,
0.19120095,0.0827935,0.10912897,2.005568135,,,
0.19120095,0.09091084,0.10885586,2.033060478,,,
0.19120095,0.09091084,0.10848138,2.071370813,,,
0.19120095,0.09091084,0.10897642,2.020878269,,,
0.19120095,0.09091084,0.10857148,2.062087893,,,
0.19120095,0.09091084,0.10823043,2.097446837,,,
0.19120095,0.10634773,0.1089503,2.023511403,,,
0.19120095,0.10634773,0.10852626,2.066741656,,,
0.19120095,0.10634773,0.10903248,2.015238472,,,
0.19120095,0.10634773,0.1081959,2.101060422,,,
0.19120095,0.10634773,0.10825556,2.094820875,,,
0.19120095,0.14947492,0.10898575,2.01993855,,,
0.19120095,0.14947492,0.10781194,2.141664018,,,
0.19120095,0.14947492,0.10936221,1.982383781,,,
0.19120095,0.14947492,0.10865358,2.053665435,,,
0.19120095,0.14947492,0.10883933,2.034736497,,,
0.19120095,0.13152209,0.1090624,2.012234879,,,
0.19120095,0.13152209,0.10827835,2.092442275,,,
0.19120095,0.13152209,0.10913607,2.004858401,,,
0.19120095,0.13152209,0.10890047,2.028544242,,,
0.19120095,0.13152209,0.10859123,2.060058634,,,
0.19120095,0.14678431,0.10881535,2.037170348,,,
0.19120095,0.14678431,0.10838697,2.081142627,,,
0.19120095,0.14678431,0.10879618,2.039118101,,,
0.19120095,0.14678431,0.10930348,1.98819625,,,
0.19120095,0.14678431,0.10836566,2.083354666,,,
0.19120095,0.17182951,0.10925414,1.993092567,,,
0.19120095,0.17182951,0.10820834,2.099757852,,,
0.19120095,0.17182951,0.10926878,1.991638491,,,
0.19120095,0.17182951,0.10855675,2.063602662,,,
0.19120095,0.17182951,0.10854343,2.06497339,,,
0.19120095,0.12774155,0.10937004,1.981610136,,,
0.19120095,0.12774155,0.10859923,2.059237224,,,
0.19120095,0.12774155,0.10922916,1.995576085,,,
0.19120095,0.12774155,0.10860328,2.05882151,,,
0.19120095,0.12774155,0.10825093,2.09530444,,,
0.19120095,0.1235389,0.10873194,2.045658744,,,
0.19120095,0.1235389,0.10843574,2.076088994,,,
0.19120095,0.1235389,0.10931905,1.986653639,,,
0.19120095,0.1235389,0.10909838,2.008628865,,,
0.19120095,0.1235389,0.10872473,2.046394144,,,
0.19120095,0.12216049,0.10888459,2.030150753,,,
0.19120095,0.12216049,0.1075673,2.167942888,,,
0.19120095,0.12216049,0.10922188,1.996300446,,,
0.19120095,0.12216049,0.10772482,2.150985599,,,
0.19120095,0.12216049,0.10865398,2.053624485,,,
0.19120095,0.12310014,0.10937546,1.981074789,,,
0.19120095,0.12310014,0.1083053,2.089632979,,,
0.19120095,0.12310014,0.10933142,1.985428924,,,
0.19120095,0.12310014,0.10927072,1.991445886,,,
0.19120095,0.12310014,0.1077285,2.15059103,,,
0.19120095,0.09371965,0.10956692,1.962256292,,,
0.19120095,0.09371965,0.10862476,2.05661809,,,
0.19120095,0.09371965,0.10886957,2.031671433,,,
0.19120095,0.09371965,0.10879752,2.038981891,,,
0.19120095,0.09371965,0.10841249,2.078496667,,,
0.19120095,0.28368273,0.10901444,2.017051628,,,
0.19120095,0.28368273,0.10863198,2.055877991,,,
0.19120095,0.28368273,0.10912849,2.005616126,,,
0.19120095,0.28368273,0.10862294,2.056804694,,,
0.19120095,0.28368273,0.10883787,2.034884597,,,
0.19120095,0.18243644,0.1091582,2.00264784,,,
0.19120095,0.18243644,0.10751547,2.173551652,,,
0.19120095,0.18243644,0.10803162,2.118337876,,,
0.19120095,0.18243644,0.10902809,2.01567955,,,
0.19120095,0.18243644,0.10817116,2.103653306,,,
0.19120095,0.1371107,0.10897832,2.020686865,,,
0.19120095,0.1371107,0.10903811,2.014672948,,,
0.19120095,0.1371107,0.10837896,2.081973812,,,
0.19120095,0.1371107,0.10832564,2.087515214,,,
0.19120095,0.1371107,0.1083782,2.082052694,,,
0.19120095,0.09462956,0.11019561,1.901710861,,,
0.19120095,0.09462956,0.10834494,2.085507717,,,
0.19120095,0.09462956,0.10908974,2.009494199,,,
0.19120095,0.09462956,0.10893261,2.025296665,,,
0.19120095,0.09462956,0.10925268,1.993237635,,,
0.19120095,0.07154583,0.10869153,2.049783863,,,
0.19120095,0.07154583,0.10832465,2.087618242,,,
0.19120095,0.07154583,0.10763207,2.160954166,,,
0.19120095,0.07154583,0.10927051,1.991466734,,,
0.19120095,0.07154583,0.108079,2.113340357,,,
0.19120095,0.05757578,0.1094055,1.978110281,,,
0.19120095,0.05757578,0.10878885,2.039863352,,,
0.19120095,0.05757578,0.1088571,2.032934807,,,
0.19120095,0.05757578,0.1088496,2.033695033,,,
0.19120095,0.05757578,0.10887437,2.03118534,,,
0.19120095,0.06580235,0.10887566,2.031054722,,,
0.19120095,0.06580235,0.10838822,2.081012946,,,
0.19120095,0.06580235,0.1093459,1.983996265,,,
0.19120095,0.06580235,0.10865669,2.053347064,,,
0.19120095,0.06580235,0.10828404,2.091848829,,,
0.19120095,0.06605978,0.10884257,2.034407877,,,
0.19120095,0.06605978,0.10815985,2.10483972,,,
0.19120095,0.06605978,0.10741534,2.18442831,,,
0.19120095,0.06605978,0.10887811,2.030806673,,,
0.19120095,0.06605978,0.10863537,2.055530585,,,
0.19120095,0.08489469,0.10910624,2.007841975,,,
0.19120095,0.08489469,0.10970927,1.948380745,,,
0.19120095,0.08489469,0.10857602,2.061621243,,,
0.19120095,0.08489469,0.1084443,2.075203258,,,
0.19120095,0.08489469,0.10874498,2.044329372,,,
0.19120095,0.1428446,0.10974013,1.945385636,,,
0.19120095,0.1428446,0.10811687,2.109354407,,,
0.19120095,0.1428446,0.10794935,2.127043593,,,
0.19120095,0.1428446,0.10920835,1.997647383,,,
0.19120095,0.1428446,0.10857182,2.062052942,,,
0.19120095,0.10863917,0.10900313,2.0181892,,,
0.19120095,0.10863917,0.10934602,1.983984396,,,
0.19120095,0.10863917,0.1088327,2.035409118,,,
0.19120095,0.10863917,0.10853652,2.06568484,,,
0.19120095,0.10863917,0.10835605,2.084352981,,,
0.19120095,0.08634701,0.10848763,2.070725534,,,
0.19120095,0.08634701,0.10940611,1.978050129,,,
0.19120095,0.08634701,0.108163,2.104509219,,,
0.19120095,0.08634701,0.10873637,2.045207028,,,
0.19120095,0.08634701,0.10848394,2.071106482,,,
0.19120095,0.09715476,0.10887342,2.031281537,,,
0.19120095,0.09715476,0.1096288,1.956212447,,,
0.19120095,0.09715476,0.10880557,2.038163805,,,
0.19120095,0.09715476,0.1096255,1.956534289,,,
0.19120095,0.09715476,0.10917883,2.000589308,,,
0.19120095,0.11507092,0.10821717,2.098833768,,,
0.19120095,0.11507092,0.10901258,2.017238665,,,
0.19120095,0.11507092,0.10901856,2.016637393,,,
0.19120095,0.11507092,0.10848068,2.071443097,,,
0.19120095,0.11507092,0.10904133,2.014349576,,,
0.19120095,0.14309528,0.10855853,2.063419555,,,
0.19120095,0.14309528,0.10879399,2.039340733,,,
0.19120095,0.14309528,0.10839767,2.080032821,,,
0.19120095,0.14309528,0.10912517,2.005948096,,,
0.19120095,0.14309528,0.10848383,2.07111784,,,
0.19120095,0.11766822,0.10849538,2.069925668,,,
0.19120095,0.11766822,0.10841452,2.078286337,,,
0.19120095,0.11766822,0.10871077,2.047818776,,,
0.19120095,0.11766822,0.10859558,2.059611952,,,
0.19120095,0.11766822,0.10792127,2.130023169,,,
0.19120095,0.11846023,0.10910795,2.007670822,,,
0.19120095,0.11846023,0.10843586,2.076076574,,,
0.19120095,0.11846023,0.10885864,2.032778742,,,
0.19120095,0.11846023,0.1092945,1.989086495,,,
0.19120095,0.11846023,0.10936566,1.982042866,,,
0.19120095,0.09978022,0.10799466,2.122244524,,,
0.19120095,0.09978022,0.1095424,1.964656332,,,
0.19120095,0.09978022,0.10901979,2.016513743,,,
0.19120095,0.09978022,0.10889362,2.029237071,,,
0.19120095,0.09978022,0.10817669,2.103073455,,,
0.19120095,0.11068683,0.10829386,2.090825036,,,
0.19120095,0.11068683,0.10895219,2.023320759,,,
0.19120095,0.11068683,0.10805914,2.115433701,,,
0.19120095,0.11068683,0.10921398,1.997086795,,,
0.19120095,0.11068683,0.10917859,2.000613244,,,
0.19120095,0.12385001,0.10916091,2.002377306,,,
0.19120095,0.12385001,0.10929617,1.988920907,,,
0.19120095,0.12385001,0.10818055,2.102668808,,,
0.19120095,0.12385001,0.1076892,2.154808508,,,
0.19120095,0.12385001,0.10870952,2.047946388,,,
0.19120095,0.09995069,0.10856334,2.062924837,,,
0.19120095,0.09995069,0.1093458,1.984006155,,,
0.19120095,0.09995069,0.10802393,2.119150111,,,
0.19120095,0.09995069,0.10787455,2.134989892,,,
0.19120095,0.09995069,0.10903691,2.014793473,,,
0.19120095,0.11063427,0.10816813,2.103971086,,,
0.19120095,0.11063427,0.10892055,2.026514654,,,
0.19120095,0.11063427,0.10866511,2.052485356,,,
0.19120095,0.11063427,0.10851553,2.067847462,,,
0.19120095,0.11063427,0.10791107,2.131106526,,,
0.19120095,0.10321575,0.10887627,2.03099296,,,
0.19120095,0.10321575,0.10853191,2.066159619,,,
0.19120095,0.10321575,0.10817582,2.103164669,,,
0.19120095,0.10321575,0.1091118,2.007285531,,,
0.19120095,0.10321575,0.10827921,2.092352569,,,
0.19120095,0.08417951,0.10782935,2.139806048,,,
0.19120095,0.08417951,0.10886233,2.032404844,,,
0.19120095,0.08417951,0.10896462,2.022067392,,,
0.19120095,0.08417951,0.10914546,2.003920138,,,
0.19120095,0.08417951,0.10803904,2.117554454,,,
0.19120095,0.24726324,0.10831841,2.088267743,,,
0.19120095,0.24726324,0.10937244,1.981373064,,,
0.19120095,0.24726324,0.10854485,2.064827218,,,
0.19120095,0.24726324,0.10795257,2.126702184,,,
0.19120095,0.24726324,0.10851447,2.067956735,,,
0.19120095,0.22219902,0.10832951,2.08711252,,,
0.19120095,0.22219902,0.10903642,2.014842689,,,
0.19120095,0.22219902,0.10896471,2.02205832,,,
0.19120095,0.22219902,0.10878143,2.040618031,,,
0.19120095,0.22219902,0.10984606,1.935139611,,,
0.19120095,0.16986366,0.10833377,2.086669334,,,
0.19120095,0.16986366,0.10901228,2.017268834,,,
0.19120095,0.16986366,0.10830946,2.089199673,,,
0.19120095,0.16986366,0.10883812,2.034859237,,,
0.19120095,0.16986366,0.1100196,1.918470532,,,
0.19120095,0.11891226,0.10863522,2.055545956,,,
0.19120095,0.11891226,0.10860207,2.058945703,,,
0.19120095,0.11891226,0.109367,1.981910468,,,
0.19120095,0.11891226,0.1087227,2.046601246,,,
0.19120095,0.11891226,0.10864768,2.054269554,,,
0.19120095,0.09046874,0.10797187,2.124657002,,,
0.19120095,0.09046874,0.10841206,2.078541222,,,
0.19120095,0.09046874,0.1089096,2.027621175,,,
0.19120095,0.09046874,0.10908222,2.010247664,,,
0.19120095,0.09046874,0.10920963,1.997519917,,,
0.19120095,0.18933693,0.10862856,2.056228531,,,
0.19120095,0.18933693,0.10925927,1.992582924,,,
0.19120095,0.18933693,0.10856073,2.063193266,,,
0.19120095,0.18933693,0.10783715,2.138974167,,,
0.19120095,0.18933693,0.10891002,2.027578722,,,
0.19120095,0.15051761,0.10890812,2.027770778,,,
0.19120095,0.15051761,0.10909493,2.008974353,,,
0.19120095,0.15051761,0.10893804,2.024748506,,,
0.19120095,0.15051761,0.10811096,2.10997596,,,
0.19120095,0.15051761,0.10810936,2.110144263,,,
0.19120095,0.13983016,0.10752442,2.172582095,,,
0.19120095,0.13983016,0.10814736,2.106150692,,,
0.19120095,0.13983016,0.10864385,2.054661815,,,
0.19120095,0.13983016,0.10854722,2.064583278,,,
0.19120095,0.13983016,0.10918476,1.999997985,,,
0.19120095,0.13983016,0.10898452,2.020062411,,,
0.19120095,0.10570046,0.1089813,2.0203867,,,
0.19120095,0.10570046,0.10926289,1.992223371,,,
0.19120095,0.10570046,0.10902761,2.015727783,,,
0.19120095,0.10570046,0.10953267,1.965609527,,,
0.19120095,0.10570046,0.10912311,2.006154105,,,
0.19120095,0.09503841,0.10828216,2.092044888,,,
0.19120095,0.09503841,0.10860836,2.05830019,,,
0.19120095,0.09503841,0.10787969,2.134442901,,,
0.19120095,0.09503841,0.10854576,2.06473355,,,
0.19120095,0.09503841,0.1086842,2.050533012,,,
0.19120095,0.1470813,0.10816267,2.10454384,,,
0.19120095,0.1470813,0.10913438,2.005027315,,,
0.19120095,0.1470813,0.10786533,2.135971422,,,
0.19120095,0.1470813,0.10877705,2.041063647,,,
0.19120095,0.1470813,0.10863614,2.055451684,,,
0.19120095,0.14779474,0.10841012,2.078742251,,,
0.19120095,0.14779474,0.10915682,2.002785616,,,
0.19120095,0.14779474,0.10864966,2.054066796,,,
0.19120095,0.14779474,0.10872159,2.046714498,,,
0.19120095,0.14779474,0.1088335,2.035327946,,,
0.19120095,0.13287322,0.10809384,2.111777499,,,
0.19120095,0.13287322,0.10870121,2.048794956,,,
0.19120095,0.13287322,0.10826242,2.09410461,,,
0.19120095,0.13287322,0.10875755,2.043048732,,,
0.19120095,0.13287322,0.10832535,2.087545393,,,
0.19120095,0.12883802,0.10873276,2.045575123,,,
0.19120095,0.12883802,0.10871678,2.047205328,,,
0.19120095,0.12883802,0.10824923,2.095482019,,,
0.19120095,0.12883802,0.10913899,2.004566583,,,
0.19120095,0.12883802,0.10920817,1.997665308,,,
0.19120095,0.16252345,0.10803151,2.118349492,,,
0.19120095,0.16252345,0.10956909,1.962044031,,,
0.19120095,0.16252345,0.10803618,2.117856385,,,
0.19120095,0.16252345,0.10850251,2.069190064,,,
0.19120095,0.16252345,0.10862582,2.056509416,,,
0.19120095,0.15521254,0.10913355,2.005110278,,,
0.19120095,0.15521254,0.109306,1.987946497,,,
0.19120095,0.15521254,0.1092207,1.996417881,,,
0.19120095,0.15521254,0.10832927,2.087137491,,,
0.19120095,0.15521254,0.10876055,2.042743209,,,
0.19120095,0.146127,0.10847148,2.072393345,,,
0.19120095,0.146127,0.10898691,2.019821746,,,
0.19120095,0.146127,0.10788559,2.133815204,,,
0.19120095,0.146127,0.10791984,2.130175018,,,
0.19120095,0.146127,0.10808995,2.112187058,,,
0.19120095,0.1797189,0.10830855,2.089294451,,,
0.19120095,0.1797189,0.10847813,2.071706437,,,
0.19120095,0.1797189,0.10817472,2.103280002,,,
0.19120095,0.1797189,0.1081625,2.104561676,,,
0.19120095,0.1797189,0.10856913,2.062329482,,,
0.19120095,0.14304523,0.10782298,2.140485658,,,
0.19120095,0.14304523,0.10896584,2.021944416,,,
0.19120095,0.14304523,0.10874584,2.044241729,,,
0.19120095,0.14304523,0.10873,2.045856593,,,
0.19120095,0.14304523,0.10909886,2.008580802,,,
0.19120095,0.12615605,0.10778641,2.14439146,,,
0.19120095,0.12615605,0.10875108,2.0437078,,,
0.19120095,0.12615605,0.10937385,1.981233798,,,
0.19120095,0.12615605,0.10847116,2.072426405,,,
0.19120095,0.12615605,0.10860011,2.059146889,,,
0.19120095,0.16084996,0.10910922,2.007543718,,,
0.19120095,0.16084996,0.10907239,2.011233005,,,
0.19120095,0.16084996,0.10875265,2.043547852,,,
0.19120095,0.16084996,0.10864561,2.05448155,,,
0.19120095,0.16084996,0.1085095,2.068469158,,,
0.19120095,0.17410907,0.10794295,2.127722332,,,
0.19120095,0.17410907,0.10827421,2.092874167,,,
0.19120095,0.17410907,0.10804608,2.116811421,,,
0.19120095,0.17410907,0.10776588,2.146587257,,,
0.19120095,0.17410907,0.10795195,2.126767917,,,
0.19120095,0.18246466,0.10917977,2.000495563,,,
0.19120095,0.18246466,0.10817741,2.102997971,,,
0.19120095,0.18246466,0.10869414,2.049517179,,,
0.19120095,0.18246466,0.10727705,2.199539664,,,
0.19120095,0.18246466,0.1091132,2.007145444,,,
0.19120095,0.13493381,0.1083856,2.081284766,,,
0.19120095,0.13493381,0.10810903,2.110178977,,,
0.19120095,0.13493381,0.10909477,2.008990377,,,
0.19120095,0.13493381,0.10790045,2.132235078,,,
0.19120095,0.13493381,0.10894573,2.023972454,,,
0.19120095,0.1365853,0.10880189,2.038537746,,,
0.19120095,0.1365853,0.10805835,2.115517014,,,
0.19120095,0.1365853,0.10871012,2.047885133,,,
0.19120095,0.1365853,0.10855951,2.063318751,,,
0.19120095,0.1365853,0.10847367,2.072167105,,,
0.19120095,0.14911905,0.10887158,2.031467867,,,
0.19120095,0.14911905,0.10859375,2.059799855,,,
0.19120095,0.14911905,0.1089058,2.028005314,,,
0.19120095,0.14911905,0.10794806,2.127180384,,,
0.19120095,0.14911905,0.10876335,2.042458095,,,
0.19120095,0.17742786,0.10805879,2.115470612,,,
0.19120095,0.17742786,0.10837653,2.082226035,,,
0.19120095,0.17742786,0.10894429,2.024117752,,,
0.19120095,0.17742786,0.1085806,2.061150589,,,
0.19120095,0.17742786,0.10895687,2.022848765,,,
0.19120095,0.17888671,0.10843114,2.076565129,,,
0.19120095,0.17888671,0.10858519,2.060679016,,,
0.19120095,0.17888671,0.10936273,1.982332393,,,
0.19120095,0.17888671,0.10817954,2.102774679,,,
0.19120095,0.17888671,0.10829799,2.090394608,,,
0.19120095,0.14498264,0.10811928,2.109101001,,,
0.19120095,0.14498264,0.10816095,2.104724301,,,
0.19120095,0.14498264,0.10881673,2.037030206,,,
0.19120095,0.14498264,0.10864329,2.054719175,,,
0.19120095,0.14498264,0.10907621,2.010850038,,,
0.19120095,0.13367152,0.10849329,2.070141344,,,
0.19120095,0.13367152,0.107557,2.169056345,,,
0.19120095,0.13367152,0.10945591,1.973145518,,,
0.19120095,0.13367152,0.10811486,2.109565778,,,
0.19120095,0.13367152,0.1074487,2.180798535,,,
0.19120095,0.12034855,0.10939468,1.979177545,,,
0.19120095,0.12034855,0.10794473,2.127533536,,,
0.19120095,0.12034855,0.10800082,2.121592916,,,
0.19120095,0.12034855,0.10841856,2.077867814,,,
0.19120095,0.12034855,0.10876555,2.042234105,,,
0.19120095,0.1964891,0.10858131,2.061077637,,,
0.19120095,0.1964891,0.10780388,2.142524715,,,
0.19120095,0.1964891,0.10784398,2.138246003,,,
0.19120095,0.1964891,0.10803246,2.118249172,,,
0.19120095,0.1964891,0.10862639,2.05645098,,,
0.19120095,0.15322351,0.10848609,2.070884512,,,
0.19120095,0.15322351,0.10837378,2.08251151,,,
0.19120095,0.15322351,0.10853299,2.066048381,,,
0.19120095,0.15322351,0.10921559,1.996926514,,,
0.19120095,0.15322351,0.10861421,2.057700015,,,
0.19120095,0.14608575,0.10808441,2.112770475,,,
0.19120095,0.14608575,0.10840891,2.078867645,,,
0.19120095,0.14608575,0.10839637,2.080167626,,,
0.19120095,0.14608575,0.10880758,2.037959589,,,
0.19120095,0.14608575,0.107902,2.132070328,,,
0.19120095,0.18331827,0.10826457,2.093880176,,,
0.19120095,0.18331827,0.10794748,2.12724189,,,
0.19120095,0.18331827,0.10843378,2.076291855,,,
0.19120095,0.18331827,0.10866387,2.052612236,,,
0.19120095,0.18331827,0.10837797,2.082076566,,,
0.19120095,0.17610329,0.10804611,2.116808255,,,
0.19120095,0.17610329,0.10859754,2.05941072,,,
0.19120095,0.17610329,0.10950162,1.96865442,,,
0.19120095,0.17610329,0.10905455,2.013022487,,,
0.19120095,0.17610329,0.10876273,2.042521224,,,
0.19120095,0.1443287,0.10869297,2.049636723,,,
0.19120095,0.1443287,0.10798205,2.12357904,,,
0.19120095,0.1443287,0.10822428,2.098089983,,,
0.19120095,0.1443287,0.1086477,2.054267506,,,
0.19120095,0.1443287,0.10817008,2.103766569,,,
0.19120095,0.12229183,0.1084543,2.074168999,,,
0.19120095,0.12229183,0.1082242,2.098098351,,,
0.19120095,0.12229183,0.10818653,2.102042072,,,
0.19120095,0.12229183,0.10990023,1.929920917,,,
0.19120095,0.12229183,0.10852934,2.066424348,,,
0.19120095,0.09111322,0.1084364,2.076020687,,,
0.19120095,0.09111322,0.10883567,2.035107781,,,
0.19120095,0.09111322,0.10922235,1.996253673,,,
0.19120095,0.09111322,0.10888598,2.030010082,,,
0.19120095,0.09111322,0.10837217,2.08267866,,,
0.19120095,0.08693889,0.1093598,1.982621963,,,
0.19120095,0.08693889,0.1084277,2.076921267,,,
0.19120095,0.08693889,0.10897198,2.02132562,,,
0.19120095,0.08693889,0.10829463,2.09074478,,,
0.19120095,0.08693889,0.10740434,2.185626502,,,
0.19120095,0.07258332,0.10845907,2.073675839,,,
0.19120095,0.07258332,0.10842135,2.077578833,,,
0.19120095,0.07258332,0.10873116,2.045738289,,,
0.19120095,0.07258332,0.10837813,2.082059959,,,
0.19120095,0.07258332,0.10835324,2.084644983,,,
0.19120095,0.07787282,0.10855709,2.063567685,,,
0.19120095,0.07787282,0.1090373,2.014754301,,,
0.19120095,0.07787282,0.10765792,2.15817123,,,
0.19120095,0.07787282,0.10875992,2.042807365,,,
0.19120095,0.07787282,0.10789336,2.132988842,,,
0.19120095,0.09999923,0.10886917,2.031711946,,,
0.19120095,0.09999923,0.10839469,2.080341848,,,
0.19120095,0.09999923,0.10865512,2.053507779,,,
0.19120095,0.09999923,0.10859459,2.059713602,,,
0.19120095,0.09999923,0.10809854,2.111282764,,,
0.19120095,0.11771879,0.10840035,2.079754944,,,
0.19120095,0.11771879,0.10884897,2.033758905,,,
0.19120095,0.11771879,0.10782416,2.140359749,,,
0.19120095,0.11771879,0.10862099,2.057004646,,,
0.19120095,0.11771879,0.10789817,2.132477444,,,
0.19120095,0.09535806,0.10854069,2.06525547,,,
0.19120095,0.09535806,0.10831887,2.088219856,,,
0.19120095,0.09535806,0.10751404,2.173706604,,,
0.19120095,0.09535806,0.10850985,2.068433068,,,
0.19120095,0.09535806,0.10771764,2.151755644,,,
0.19120095,0.12142143,0.10818163,2.102555604,,,
0.19120095,0.12142143,0.1088516,2.033492278,,,
0.19120095,0.12142143,0.10911922,2.00654318,,,
0.19120095,0.12142143,0.10957316,1.961645983,,,
0.19120095,0.12142143,0.10933048,1.985521964,,,
0.19120095,0.10494005,0.10905606,2.012870961,,,
0.19120095,0.10494005,0.10887061,2.031566103,,,
0.19120095,0.10494005,0.10789382,2.132939929,,,
0.19120095,0.10494005,0.10791598,2.130584959,,,
0.19120095,0.10494005,0.10822482,2.098033504,,,
0.19120095,0.08631831,0.10746659,2.178854477,,,
0.19120095,0.08631831,0.10914177,2.004288796,,,
0.19120095,0.08631831,0.10683241,2.248838812,,,
0.19120095,0.08631831,0.10868982,2.049958606,,,
0.19120095,0.08631831,0.10711493,2.217388153,,,
0.19120095,0.0849489,0.10720532,2.207418939,,,
0.19120095,0.0849489,0.10880329,2.038395478,,,
0.19120095,0.0849489,0.10754249,2.170625884,,,
0.19120095,0.0849489,0.10849763,2.069693507,,,
0.19120095,0.0849489,0.10691077,2.240071193,,,
0.19120095,0.10923537,0.10739294,2.186868959,,,
0.19120095,0.10923537,0.10834977,2.085005625,,,
0.19120095,0.10923537,0.10862331,2.056766757,,,
0.19120095,0.10923537,0.10881555,2.037150037,,,
0.19120095,0.10923537,0.10793186,2.128898971,,,
0.19120095,0.10157222,0.10850473,2.06896108,,,
0.19120095,0.10157222,0.1081075,2.110339932,,,
0.19120095,0.10157222,0.10738074,2.188199387,,,
0.19120095,0.10157222,0.1089488,2.023662721,,,
0.19120095,0.10157222,0.10704724,2.224883231,,,
0.19120095,0.09929319,0.10790153,2.132120283,,,
0.19120095,0.09929319,0.10852849,2.066511912,,,
0.19120095,0.09929319,0.10854944,2.064354803,,,
0.19120095,0.09929319,0.10762341,2.161887279,,,
0.19120095,0.09929319,0.10801005,2.120616936,,,
0.19120095,0.08853906,0.10758451,2.166083717,,,
0.19120095,0.08853906,0.10805728,2.115629861,,,
0.19120095,0.08853906,0.10737158,2.189198831,,,
0.19120095,0.08853906,0.10810068,2.111057541,,,
0.19120095,0.08853906,0.10820638,2.099963027,,,
0.19120095,0.10328757,0.10764855,2.159179563,,,
0.19120095,0.10328757,0.10779611,2.143354772,,,
0.19120095,0.10328757,0.10667676,2.266356243,,,
0.19120095,0.10328757,0.10834553,2.085446378,,,
0.19120095,0.10328757,0.10817856,2.102877411,,,
0.19120095,0.12832995,0.10705643,2.22386417,,,
0.19120095,0.12832995,0.10926066,1.992444856,,,
0.19120095,0.12832995,0.10813404,2.107549683,,,
0.19120095,0.12832995,0.10810862,2.110222108,,,
0.19120095,0.12832995,0.10832863,2.087204082,,,
0.19120095,0.15010586,0.1076465,2.159400232,,,
0.19120095,0.15010586,0.10741211,2.184780075,,,
0.19120095,0.15010586,0.10784783,2.137835653,,,
0.19120095,0.15010586,0.10723394,2.204271759,,,
0.19120095,0.15010586,0.10815148,2.10571816,,,
0.19120095,0.12687588,0.107728,2.150644636,,,
0.19120095,0.12687588,0.10816935,2.103843129,,,
0.19120095,0.12687588,0.10726025,2.201382556,,,
0.19120095,0.12687588,0.10818102,2.102619542,,,
0.19120095,0.12687588,0.10854819,2.064483446,,,
0.19120095,0.10233106,0.10850267,2.06917356,,,
0.19120095,0.10233106,0.1081825,2.102464417,,,
0.19120095,0.10233106,0.1080744,2.113825036,,,
0.19120095,0.10233106,0.10744039,2.18170215,,,
0.19120095,0.10233106,0.10848495,2.071002205,,,
0.19120095,0.1426191,0.10733434,2.193266776,,,
0.19120095,0.1426191,0.10873689,2.045154011,,,
0.19120095,0.1426191,0.1078839,2.133994983,,,
0.19120095,0.1426191,0.10707536,2.22176653,,,
0.19120095,0.1426191,0.10964867,1.954275687,,,
0.19120095,0.11944624,0.1071604,2.212367601,,,
0.19120095,0.11944624,0.10863466,2.055603341,,,
0.19120095,0.11944624,0.10865159,2.053869178,,,
0.19120095,0.11944624,0.10706118,2.223337635,,,
0.19120095,0.11944624,0.10902213,2.016278526,,,
0.19120095,0.11428418,0.10750283,2.174921684,,,
0.19120095,0.11428418,0.10830729,2.089425689,,,
0.19120095,0.11428418,0.10878593,2.040160309,,,
0.19120095,0.11428418,0.10849889,2.069563508,,,
0.19120095,0.11428418,0.108409,2.078858318,,,
0.19120095,0.12443743,0.10745014,2.18064199,,,
0.19120095,0.12443743,0.10758523,2.166005971,,,
0.19120095,0.12443743,0.10879992,2.038737955,,,
0.19120095,0.12443743,0.10754357,2.170509022,,,
0.19120095,0.12443743,0.10835563,2.084396623,,,
0.19120095,0.30995038,0.10730369,2.196620526,,,
0.19120095,0.30995038,0.10725218,2.202268351,,,
0.19120095,0.30995038,0.10796983,2.124873084,,,
0.19120095,0.30995038,0.10808233,2.112989561,,,
0.19120095,0.30995038,0.10821979,2.098559657,,,
0.19120095,0.42068711,0.10779919,2.143025702,,,
0.19120095,0.42068711,0.10727906,2.199319278,,,
0.19120095,0.42068711,0.10843237,2.076437804,,,
0.19120095,0.42068711,0.10852395,2.066979669,,,
0.19120095,0.42068711,0.10878693,2.040058606,,,
0.19120095,0.28432664,0.10738819,2.187386857,,,
0.19120095,0.28432664,0.10789698,2.132603953,,,
0.19120095,0.28432664,0.10854977,2.064320843,,,
0.19120095,0.28432664,0.10789921,2.132366888,,,
0.19120095,0.28432664,0.10749447,2.175828287,,,
0.19120095,0.20022714,0.10831036,2.08910594,,,
0.19120095,0.20022714,0.10796878,2.124984311,,,
0.19120095,0.20022714,0.10829574,2.090629092,,,
0.19120095,0.20022714,0.10804988,2.116410461,,,
0.19120095,0.20022714,0.10830337,2.089834039,,,
0.19120095,0.20775761,0.10826739,2.093585837,,,
0.19120095,0.20775761,0.10885317,2.03333313,,,
0.19120095,0.20775761,0.10890588,2.027997226,,,
0.19120095,0.20775761,0.10711872,2.216969247,,,
0.19120095,0.20775761,0.10799161,2.122567229,,,
0.19120095,0.17022954,0.10867026,2.05195848,,,
0.19120095,0.17022954,0.10859144,2.060037068,,,
0.19120095,0.17022954,0.10777821,2.145268225,,,
0.19120095,0.17022954,0.10790654,2.131587841,,,
0.19120095,0.17022954,0.10891724,2.026849073,,,
0.19120095,0.14429395,0.1091518,2.003286884,,,
0.19120095,0.14429395,0.10799327,2.122391587,,,
0.19120095,0.14429395,0.10840892,2.078866609,,,
0.19120095,0.14429395,0.10773668,2.149714232,,,
0.19120095,0.14429395,0.10779955,2.142987243,,,
0.19120095,0.18532601,0.10838626,2.081216289,,,
0.19120095,0.18532601,0.10741293,2.184690767,,,
0.19120095,0.18532601,0.10900648,2.017852187,,,
0.19120095,0.18532601,0.10834627,2.085369448,,,
0.19120095,0.18532601,0.10876835,2.041949062,,,
0.19120095,0.15476951,0.10897942,2.020576061,,,
0.19120095,0.15476951,0.10861179,2.057948271,,,
0.19120095,0.15476951,0.10842735,2.076957505,,,
0.19120095,0.15476951,0.10719566,2.208482209,,,
0.19120095,0.15476951,0.10806317,2.115008751,,,
0.19120095,0.11842366,0.10914065,2.004400705,,,
0.19120095,0.11842366,0.10752142,2.172907038,,,
0.19120095,0.11842366,0.10807186,2.114092711,,,
0.19120095,0.11842366,0.10847899,2.07161762,,,
0.19120095,0.11842366,0.1087513,2.043685386,,,
0.19120095,0.10400654,0.10911568,2.006897313,,,
0.19120095,0.10400654,0.10792698,2.129416941,,,
0.19120095,0.10400654,0.10857648,2.061573968,,,
0.19120095,0.10400654,0.10795022,2.126951344,,,
0.19120095,0.10400654,0.10878918,2.039829795,,,
0.19120095,0.19487523,0.10772278,2.151204358,,,
0.19120095,0.19487523,0.10809878,2.111257504,,,
0.19120095,0.19487523,0.10903226,2.015260574,,,
0.19120095,0.19487523,0.10759241,2.165230825,,,
0.19120095,0.19487523,0.10800546,2.121102226,,,
0.19120095,0.17050289,0.10897833,2.020685858,,,
0.19120095,0.17050289,0.10800599,2.121046185,,,
0.19120095,0.17050289,0.10792387,2.129747107,,,
0.19120095,0.17050289,0.10853024,2.066331638,,,
0.19120095,0.17050289,0.10846767,2.072787,,,
0.19120095,0.13751875,0.1083712,2.082779372,,,
0.19120095,0.13751875,0.10848393,2.071107515,,,
0.19120095,0.13751875,0.10910144,2.008322482,,,
0.19120095,0.13751875,0.10846101,2.0734753,,,
0.19120095,0.13751875,0.10880984,2.037729997,,,
0.19120095,0.13751875,0.10840363,2.079414906,,,
0.19120095,0.23211776,0.10811549,2.109499525,,,
0.19120095,0.23211776,0.10810257,2.110858648,,,
0.19120095,0.23211776,0.10737294,2.189050413,,,
0.19120095,0.23211776,0.10805571,2.11579545,,,
0.19120095,0.23211776,0.10858909,2.060278417,,,
0.19120095,0.17793982,0.10720756,2.207172457,,,
0.19120095,0.17793982,0.1098349,1.936216508,,,
0.19120095,0.17793982,0.10785654,2.136907595,,,
0.19120095,0.17793982,0.10754592,2.17025476,,,
0.19120095,0.17793982,0.10912553,2.005912097,,,
0.19120095,0.21264446,0.10701541,2.228416408,,,
0.19120095,0.21264446,0.10906623,2.011850718,,,
0.19120095,0.21264446,0.10889716,2.028878996,,,
0.19120095,0.21264446,0.10757929,2.166647457,,,
0.19120095,0.21264446,0.10931607,1.986948792,,,
0.19120095,0.17620116,0.10788222,2.134173713,,,
0.19120095,0.17620116,0.10808785,2.11240819,,,
0.19120095,0.17620116,0.10860068,2.059088379,,,
0.19120095,0.17620116,0.1082966,2.090539464,,,
0.19120095,0.17620116,0.10932478,1.986086236,,,
0.19120095,0.16472216,0.10749429,2.175847812,,,
0.19120095,0.16472216,0.10913271,2.005194244,,,
0.19120095,0.16472216,0.10902499,2.015991075,,,
0.19120095,0.16472216,0.10876024,2.042774777,,,
0.19120095,0.16472216,0.10849377,2.070091809,,,
0.19120095,0.15353341,0.10832944,2.087119803,,,
0.19120095,0.15353341,0.10765728,2.158240088,,,
0.19120095,0.15353341,0.10814121,2.106796507,,,
0.19120095,0.15353341,0.10771727,2.151795334,,,
0.19120095,0.15353341,0.10716412,2.211957362,,,
0.19120095,0.14818121,0.10779216,2.143776868,,,
0.19120095,0.14818121,0.10746043,2.179523672,,,
0.19120095,0.14818121,0.1096115,1.957900268,,,
0.19120095,0.14818121,0.10825416,2.094967082,,,
0.19120095,0.14818121,0.10926437,1.99207639,,,
0.19120095,0.16790502,0.10827879,2.092396379,,,
0.19120095,0.16790502,0.10864864,2.054171245,,,
0.19120095,0.16790502,0.10862642,2.056447905,,,
0.19120095,0.16790502,0.10786272,2.136249355,,,
0.19120095,0.16790502,0.10838906,2.080925805,,,
0.19120095,0.27779692,0.10728621,2.198535499,,,
0.19120095,0.27779692,0.10775828,2.147400689,,,
0.19120095,0.27779692,0.10761657,2.162624572,,,
0.19120095,0.27779692,0.10877706,2.041062629,,,
0.19120095,0.27779692,0.10815059,2.105811587,,,
0.19120095,0.46005821,0.10850311,2.069128174,,,
0.19120095,0.46005821,0.10764175,2.159911626,,,
0.19120095,0.46005821,0.1075307,2.171902039,,,
0.19120095,0.46005821,0.10689284,2.242074341,,,
0.19120095,0.46005821,0.10709736,2.219331188,,,
0.19120095,0.51761407,0.10853288,2.066059711,,,
0.19120095,0.51761407,0.10807471,2.113792369,,,
0.19120095,0.51761407,0.10815964,2.104861755,,,
0.19120095,0.51761407,0.10785645,2.136917183,,,
0.19120095,0.51761407,0.10749011,2.176301259,,,
0.19120095,0.38255915,0.10934114,1.984467108,,,
0.19120095,0.38255915,0.10752593,2.172418559,,,
0.19120095,0.38255915,0.10821321,2.099248143,,,
0.19120095,0.38255915,0.10921105,1.99737852,,,
0.19120095,0.38255915,0.10761092,2.163233783,,,
0.19120095,0.30752301,0.10858411,2.060789964,,,
0.19120095,0.30752301,0.10871649,2.047234924,,,
0.19120095,0.30752301,0.10764066,2.160028994,,,
0.19120095,0.30752301,0.10815021,2.105851479,,,
0.19120095,0.30752301,0.1078169,2.14113453,,,
0.19120095,0.24601983,0.1082151,2.099050363,,,
0.19120095,0.24601983,0.1079867,2.123086833,,,
0.19120095,0.24601983,0.10814355,2.106550759,,,
0.19120095,0.24601983,0.10800212,2.121455427,,,
0.19120095,0.24601983,0.10851641,2.067756749,,,
0.19120095,0.21772929,0.10838017,2.081848231,,,
0.19120095,0.21772929,0.10706463,2.222955282,,,
0.19120095,0.21772929,0.10810131,2.110991241,,,
0.19120095,0.21772929,0.10814004,2.106919392,,,
0.19120095,0.21772929,0.10862347,2.056750352,,,
0.19120095,0.20860532,0.10773692,2.149688512,,,
0.19120095,0.20860532,0.10839377,2.080437261,,,
0.19120095,0.20860532,0.10828625,2.09161838,,,
0.19120095,0.20860532,0.10848033,2.071479239,,,
0.19120095,0.20860532,0.10761192,2.163125946,,,
0.19120095,0.21458173,0.1084991,2.069541842,,,
0.19120095,0.21458173,0.10793637,2.128420386,,,
0.19120095,0.21458173,0.10819178,2.101491998,,,
0.19120095,0.21458173,0.10785807,2.136744614,,,
0.19120095,0.21458173,0.10774586,2.148730672,,,
0.19120095,0.20529976,0.10858335,2.060868043,,,
0.19120095,0.20529976,0.10772324,2.151155028,,,
0.19120095,0.20529976,0.10819749,2.100893891,,,
0.19120095,0.20529976,0.108468,2.072752901,,,
0.19120095,0.20529976,0.10745861,2.179721428,,,
0.19120095,0.24003612,0.10985395,1.934378617,,,
0.19120095,0.24003612,0.10768593,2.1551598,,,
0.19120095,0.24003612,0.10883673,2.035000244,,,
0.19120095,0.24003612,0.10848876,2.070608889,,,
0.19120095,0.24003612,0.10776298,2.146897609,,,
0.19120095,0.20191285,0.10839488,2.080322144,,,
0.19120095,0.20191285,0.10785883,2.136663661,,,
0.19120095,0.20191285,0.10800029,2.121648972,,,
0.19120095,0.20191285,0.10871777,2.047104295,,,
0.19120095,0.20191285,0.10717689,2.210549674,,,
0.19120095,0.18732789,0.10896349,2.022181302,,,
0.19120095,0.18732789,0.10772344,2.15113358,,,
0.19120095,0.18732789,0.108406,2.079169243,,,
0.19120095,0.18732789,0.10848933,2.070550053,,,
0.19120095,0.18732789,0.1087468,2.044143899,,,
0.19120095,0.16810657,0.10893273,2.02528455,,,
0.19120095,0.16810657,0.10768409,2.155357495,,,
0.19120095,0.16810657,0.10832405,2.087680685,,,
0.19120095,0.16810657,0.10984974,1.934784636,,,
0.19120095,0.16810657,0.10800201,2.12146706,,,
0.19120095,0.13718665,0.10841686,2.078043915,,,
0.19120095,0.13718665,0.10869368,2.049564178,,,
0.19120095,0.13718665,0.10872727,2.046135041,,,
0.19120095,0.13718665,0.10823726,2.09673281,,,
0.19120095,0.13718665,0.10843737,2.075920302,,,
0.19120095,0.26115912,0.10785366,2.137214417,,,
0.19120095,0.26115912,0.10825205,2.095187456,,,
0.19120095,0.26115912,0.10809584,2.111566959,,,
0.19120095,0.26115912,0.10869734,2.049190257,,,
0.19120095,0.26115912,0.10861111,2.058018035,,,
0.19120095,0.24363045,0.10784595,2.138036022,,,
0.19120095,0.24363045,0.10773622,2.149763529,,,
0.19120095,0.24363045,0.10780621,2.142275868,,,
0.19120095,0.24363045,0.10909759,2.008707972,,,
0.19120095,0.24363045,0.10830956,2.089189258,,,
0.19120095,0.22803904,0.10846651,2.072906868,,,
0.19120095,0.22803904,0.10888666,2.029941268,,,
0.19120095,0.22803904,0.10747027,2.178454797,,,
0.19120095,0.22803904,0.10888491,2.030118368,,,
0.19120095,0.22803904,0.10678493,2.254167988,,,
0.19120095,0.18460576,0.10855128,2.064165456,,,
0.19120095,0.18460576,0.10782072,2.140726828,,,
0.19120095,0.18460576,0.10800327,2.121333809,,,
0.19120095,0.18460576,0.10863178,2.055898489,,,
0.19120095,0.18460576,0.10873085,2.045769904,,,
0.19120095,0.15306558,0.10730767,2.196184741,,,
0.19120095,0.15306558,0.10870679,2.048225121,,,
0.19120095,0.15306558,0.10807927,2.113311912,,,
0.19120095,0.15306558,0.10759204,2.165270763,,,
0.19120095,0.15306558,0.10829517,2.090688498,,,
0.19120095,0.14402962,0.10780206,2.142719114,,,
0.19120095,0.14402962,0.10852745,2.066619054,,,
0.19120095,0.14402962,0.10810787,2.110301007,,,
0.19120095,0.14402962,0.10937862,1.980762734,,,
0.19120095,0.14402962,0.10772305,2.151175403,,,
0.19120095,0.18482338,0.10799319,2.122400051,,,
0.19120095,0.18482338,0.10786741,2.135749952,,,
0.19120095,0.18482338,0.10851583,2.067816537,,,
0.19120095,0.18482338,0.10798202,2.123582216,,,
0.19120095,0.18482338,0.10833015,2.087045932,,,
0.19120095,0.21928255,0.10747178,2.178290818,,,
0.19120095,0.21928255,0.10945136,1.973593125,,,
0.19120095,0.21928255,0.10755152,2.16964898,,,
0.19120095,0.21928255,0.10835432,2.08453275,,,
0.19120095,0.21928255,0.10838909,2.080922693,,,
0.19120095,0.24074452,0.10829425,2.090784386,,,
0.19120095,0.24074452,0.10814422,2.106480401,,,
0.19120095,0.24074452,0.1073907,2.187113173,,,
0.19120095,0.24074452,0.10876701,2.04208547,,,
0.19120095,0.24074452,0.10781052,2.141815629,,,
0.19120095,0.18329589,0.10785399,2.137179258,,,
0.19120095,0.18329589,0.10776664,2.14650593,,,
0.19120095,0.18329589,0.10809112,2.112063866,,,
0.19120095,0.18329589,0.10832813,2.087256107,,,
0.19120095,0.18329589,0.10785799,2.136753136,,,
0.19120095,0.14355241,0.10807262,2.114012615,,,
0.19120095,0.14355241,0.10732055,2.194775056,,,
0.19120095,0.14355241,0.10800187,2.121481866,,,
0.19120095,0.14355241,0.1077647,2.146713533,,,
0.19120095,0.14355241,0.10887136,2.031490147,,,
0.19120095,0.14545316,0.10747799,2.177616574,,,
0.19120095,0.14545316,0.10846682,2.072874833,,,
0.19120095,0.14545316,0.10775904,2.147319332,,,
0.19120095,0.14545316,0.10757215,2.167418788,,,