PACl mL/s	Turbidity	Fluoride Voltage	Fluoride Conc
0.001317	0.02477756	0.10516895	2.273080013
0.001317	0.02410631	0.1052062	2.268977601
0.001317	0.02410631	0.10543813	2.243600756
0.001317	0.02410631	0.10543537	2.243901069
0.001317	0.02410631	0.10560457	2.225564669
0.001317	0.02410631	0.10585652	2.198537867
0.001317	0.02337444	0.10518673	2.271120944
0.001317	0.02337444	0.10543855	2.243555059
0.001317	0.02337444	0.10450632	2.347308871
0.001317	0.02337444	0.10417172	2.385707431
0.001317	0.02337444	0.10552286	2.234400893
0.001317	0.02200297	0.10607772	2.175080333
0.001317	0.02200297	0.10583216	2.20113658
0.001317	0.02200297	0.10514621	2.275588057
0.001317	0.02200297	0.10529748	2.258956037
0.001317	0.02200297	0.10382646	2.425987923
0.001317	0.02137659	0.10576437	2.208384563
0.001317	0.02137659	0.10464048	2.332086868
0.001317	0.02137659	0.1058038	2.204165881
0.001317	0.02137659	0.10525633	2.263468374
0.001317	0.02137659	0.1045434	2.343091809
0.001317	0.02214135	0.10470963	2.324279593
0.001317	0.02214135	0.10567896	2.217550433
0.001317	0.02214135	0.10465264	2.330712064
0.001317	0.02214135	0.1052489	2.264284077
0.001317	0.02214135	0.10430149	2.370741071
0.001317	0.02194054	0.10458639	2.338212091
0.001317	0.02194054	0.10440215	2.359196654
0.001317	0.02194054	0.10579309	2.205310964
0.001317	0.02194054	0.10435881	2.364160291
0.001317	0.02194054	0.10402291	2.402986001
0.001317	0.02245914	0.10487771	2.30541158
0.001317	0.02245914	0.10534155	2.25413348
0.001317	0.02245914	0.10450093	2.347922501
0.001317	0.02245914	0.10502453	2.289055506
0.001317	0.02245914	0.10555118	2.231334366
0.001317	0.02053811	0.10441338	2.357912207
0.001317	0.02053811	0.10465369	2.33059339
0.001317	0.02053811	0.10493192	2.2993589
0.001317	0.02053811	0.10379602	2.429571728
0.001317	0.02053811	0.1062209	2.160030167
0.001317	0.02030053	0.10496191	2.296017273
0.001317	0.02030053	0.10590884	2.192966762
0.001317	0.02030053	0.10592364	2.1913934
0.001317	0.02030053	0.10552491	2.234178774
0.001317	0.02030053	0.10712314	2.067559049
0.001317	0.02065769	0.10648407	2.132638505
0.001317	0.02065769	0.10648631	2.132406855
0.001317	0.02065769	0.10588758	2.195228851
0.001317	0.02065769	0.10633671	2.147933173
0.001317	0.02065769	0.10581	2.203503266
0.001317	0.02003768	0.105686	2.216793491
0.001317	0.02003768	0.10652249	2.128668778
0.001317	0.02003768	0.10490017	2.302901935
0.001317	0.02003768	0.10669499	2.110936176
0.001317	0.02003768	0.10579146	2.205485291
0.001317	0.01950906	0.1058428	2.200001132
0.001317	0.01950906	0.10593635	2.190043124
0.001317	0.01950906	0.10554136	2.232397212
0.001317	0.01950906	0.105135	2.276825451
0.001317	0.01950906	0.10513049	2.277323468
0.001317	0.01985052	0.10608466	2.174348432
0.001317	0.01985052	0.10455102	2.342226134
0.001317	0.01985052	0.10603738	2.179339519
0.001317	0.01985052	0.10678833	2.101402708
0.001317	0.01985052	0.10611358	2.171301145
0.001317	0.01975813	0.10584276	2.2000054
0.001317	0.01975813	0.10594002	2.189653388
0.001317	0.01975813	0.10494649	2.297734835
0.001317	0.01975813	0.10642132	2.139138042
0.001317	0.01975813	0.10591936	2.191848283
0.001317	0.02220061	0.10531047	2.257533477
0.001317	0.02220061	0.10571884	2.213265941
0.001317	0.02220061	0.10584067	2.200228388
0.001317	0.02220061	0.1062929	2.152501382
0.001317	0.02220061	0.10471797	2.323339747
0.001317	0.021612	0.10637251	2.144207392
0.001317	0.021612	0.10602045	2.181129509
0.001317	0.021612	0.10536006	2.252111012
0.001317	0.021612	0.1049235	2.300297971
0.001317	0.021612	0.10541798	2.245794184
0.001317	0.02115522	0.10480801	2.313217174
0.001317	0.02115522	0.10542184	2.245373837
0.001317	0.02115522	0.10594521	2.189102354
0.001317	0.02115522	0.1050913	2.281655616
0.001317	0.02115522	0.10485523	2.307926198
0.001317	0.02007048	0.10573167	2.211889316
0.001317	0.02007048	0.10548857	2.238119499
0.001317	0.02007048	0.1053423	2.254051497
0.001317	0.02007048	0.10475604	2.319054406
0.001317	0.02007048	0.10454776	2.342596449
0.001317	0.01946157	0.10434264	2.36601488
0.001317	0.01946157	0.10562894	2.222936038
0.001317	0.01946157	0.10514416	2.275814292
0.001317	0.01946157	0.10438423	2.361247728
0.001317	0.01946157	0.10543193	2.244275428
0.001317	0.01946562	0.10498045	2.293953889
0.001317	0.01946562	0.1057201	2.213130708
0.001317	0.01946562	0.10554021	2.232521712
0.001317	0.01946562	0.10500827	2.290861177
0.001317	0.01946562	0.10513425	2.276908262
0.001317	0.01911894	0.10590602	2.193266679
0.001317	0.01911894	0.10540309	2.247416412
0.001317	0.01911894	0.10581914	2.202526807
0.001317	0.01911894	0.10561007	2.224971149
0.001317	0.01911894	0.10562801	2.223036294
0.001317	0.01911894	0.10442851	2.356182797
0.001317	0.01903548	0.10568202	2.217221389
0.001317	0.01903548	0.10468799	2.32672001
0.001317	0.01903548	0.10581687	2.202769278
0.001317	0.01903548	0.10514694	2.275507501
0.001317	0.01903548	0.10585859	2.198317182
0.001317	0.01865815	0.10463975	2.332169427
0.001317	0.02137659	0.1056801	2.217427842
0.001317	0.01865815	0.10533103	2.255283742
0.001317	0.01865815	0.10527921	2.260958337
0.001317	0.01865815	0.10553405	2.233188722
0.001317	0.01846797	0.10419548	2.382960144
0.001317	0.01846797	0.10498422	2.293534539
0.001317	0.01846797	0.10545488	2.241779065
0.001317	0.01846797	0.10558412	2.227772875
0.001317	0.01846797	0.10504808	2.286442805
0.001317	0.018767	0.10556775	2.229542097
0.001317	0.018767	0.10601091	2.18213881
0.001317	0.018767	0.10584794	2.199452827
0.001317	0.018767	0.10546163	2.24104537
0.001317	0.018767	0.10486227	2.307138407
0.001317	0.01924526	0.10541581	2.246030527
0.001317	0.01924526	0.10553442	2.233148652
0.001317	0.01924526	0.10513311	2.277034141
0.001317	0.01924526	0.10480452	2.313608707
0.001317	0.01924526	0.10631149	2.150561758
0.001317	0.01965841	0.10454255	2.343188393
0.001317	0.01965841	0.10567971	2.21746978
0.001317	0.01965841	0.1062083	2.161350409
0.001317	0.01965841	0.10544089	2.243300483
0.001317	0.01965841	0.10484964	2.308551922
0.001317	0.01922252	0.10611261	2.171403284
0.001317	0.01922252	0.10501851	2.289723861
0.001317	0.01922252	0.10524242	2.264995724
0.001317	0.01922252	0.10591684	2.192116156
0.001317	0.01922252	0.105682	2.21722354
0.001317	0.01882061	0.10443811	2.355086143
0.001317	0.01882061	0.10470997	2.324241271
0.001317	0.01882061	0.1055867	2.227494164
0.001317	0.01882061	0.10470156	2.325189376
0.001317	0.01882061	0.10535999	2.252118657
0.001317	0.01956018	0.10464212	2.331901403
0.001317	0.01956018	0.10511109	2.279466957
0.001317	0.01956018	0.10457266	2.339769453
0.001317	0.01956018	0.105264	2.262626631
0.001317	0.01956018	0.10458247	2.338656622
0.001317	0.01841583	0.10410557	2.393372822
0.001317	0.01841583	0.10663953	2.116621165
0.001317	0.01841583	0.10443977	2.354896565
0.001317	0.01841583	0.10439273	2.360274619
0.001317	0.01841583	0.10576387	2.208438111
0.001317	0.01947026	0.10510516	2.28012256
0.001317	0.01947026	0.10543658	2.243769405
0.001317	0.01947026	0.10564089	2.221648205
0.001317	0.01947026	0.10426275	2.375199093
0.001317	0.01947026	0.1044459	2.35419663
0.001317	0.01916238	0.10555045	2.231413359
0.001317	0.01916238	0.10526312	2.262723191
0.001317	0.01916238	0.10470412	2.324900732
0.001317	0.01916238	0.10589927	2.193984732
0.001317	0.01916238	0.10516647	2.273353404
0.001317	0.01848554	0.10540871	2.246803989
0.001317	0.01848554	0.10541806	2.245785471
0.001317	0.01848554	0.10451019	2.346868387
0.001317	0.01848554	0.1048869	2.304384373
0.001317	0.01848554	0.10598714	2.184655632
0.001317	0.01878125	0.10604998	2.178008288
0.001317	0.01878125	0.1041975	2.382726725
0.001317	0.01878125	0.10582279	2.202136985
0.001317	0.01878125	0.10615996	2.166423019
0.001317	0.01878125	0.10463751	2.332422778
0.001317	0.01841616	0.10548269	2.238757782
0.001317	0.01841616	0.10518492	2.2713203
0.001317	0.01841616	0.10576346	2.208482021
0.001317	0.01841616	0.10581139	2.203354739
0.001317	0.01841616	0.10489032	2.304002222
0.001317	0.01860026	0.10555387	2.231043309
0.001317	0.01860026	0.10530735	2.257875072
0.001317	0.01860026	0.10539002	2.248841321
0.001317	0.01860026	0.10449797	2.348259553
0.001317	0.01860026	0.10421567	2.380628131
0.001317	0.02127513	0.10466599	2.329203653
0.001317	0.02127513	0.10511193	2.279374105
0.001317	0.02127513	0.10454785	2.342586225
0.001317	0.02127513	0.10534436	2.253826333
0.001317	0.02127513	0.10442223	2.356900468
0.001317	0.01968248	0.10569922	2.215372772
0.001317	0.01968248	0.10419109	2.383467507
0.001317	0.01968248	0.10585022	2.199209654
0.001317	0.01968248	0.10550629	2.236197067
0.001317	0.01968248	0.10519733	2.269953798
0.001317	0.01922098	0.10571127	2.214078584
0.001317	0.01922098	0.10498999	2.29289287
0.001317	0.01922098	0.10451777	2.346005868
0.001317	0.01922098	0.10451934	2.345827259
0.001317	0.01922098	0.10562777	2.223062167
0.001317	0.01872444	0.10483615	2.310062643
0.001317	0.01872444	0.10589026	2.194943567
0.001317	0.01872444	0.10511743	2.278766234
0.001317	0.01872444	0.10452624	2.345042452
0.001317	0.01872444	0.10500897	2.290783413
0.001317	0.02009251	0.10508188	2.282698151
0.001317	0.02009251	0.10465977	2.329906327
0.001317	0.02009251	0.10511854	2.278643575
0.001317	0.02009251	0.10645637	2.135505185
0.001317	0.02009251	0.10501328	2.290304666
0.001317	0.01909761	0.10593702	2.189971968
0.001317	0.01909761	0.10569302	2.216038956
0.001317	0.01909761	0.10504041	2.287293408
0.001317	0.01909761	0.10500599	2.291114485
0.001317	0.01909761	0.10407352	2.397095594
0.001317	0.01889475	0.10460132	2.336519793
0.001317	0.01889475	0.10536692	2.251361925
0.001317	0.01889475	0.10453152	2.344442081
0.001317	0.01889475	0.1060959	2.173163571
0.001317	0.01889475	0.10534862	2.253360773
0.001317	0.01813383	0.10570846	2.214380315
0.001317	0.01813383	0.10508885	2.281926718
0.001317	0.01813383	0.10587895	2.196147759
0.001317	0.01813383	0.10427082	2.374269744
0.001317	0.01813383	0.10581335	2.203145323
0.001317	0.01810214	0.10407509	2.396913096
0.001317	0.01810214	0.10490984	2.301822266
0.001317	0.01810214	0.10493656	2.298841572
0.001317	0.01810214	0.10578382	2.206302567
0.001317	0.01810214	0.10518598	2.271203548
0.001317	0.01833034	0.10594037	2.189616224
0.001317	0.01833034	0.10542421	2.245115788
0.001317	0.01833034	0.10561776	2.224141565
0.001317	0.01833034	0.10470429	2.324881566
0.001317	0.01833034	0.10595182	2.188400756
0.001317	0.01793821	0.10542482	2.245049375
0.001317	0.01793821	0.10495232	2.297085308
0.001317	0.01793821	0.10460647	2.33593633
0.001317	0.01793821	0.10559803	2.226270625
0.001317	0.01793821	0.10553893	2.232660295
0.001317	0.01758576	0.10480826	2.313189129
0.001317	0.01758576	0.1068287	2.097292787
0.001317	0.01758576	0.10518501	2.271310387
0.001317	0.01758576	0.10610214	2.172506062
0.001317	0.01758576	0.1049875	2.293169755
0.001317	0.01777354	0.10566656	2.218884311
0.001317	0.01777354	0.10553891	2.232662461
0.001317	0.01777354	0.10648546	2.132494755
0.001317	0.01777354	0.10517372	2.27255427
0.001317	0.01777354	0.10588413	2.195596155
0.001317	0.01804223	0.10626566	2.155346681
0.001317	0.01804223	0.1051231	2.278139745
0.001317	0.01804223	0.10470445	2.324863527
0.001317	0.01804223	0.10629883	2.151882474
0.001317	0.01804223	0.10512678	2.277733227
0.001317	0.01908909	0.1053469	2.253548734
0.001317	0.01908909	0.10570214	2.21505909
0.001317	0.01908909	0.1060064	2.182616116
0.001317	0.01908909	0.10521366	2.268156907
0.001317	0.01908909	0.10493999	2.298459225
0.001317	0.01965683	0.10617577	2.164762671
0.001317	0.01965683	0.10554765	2.23171637
0.001317	0.01965683	0.10502993	2.288456152
0.001317	0.01965683	0.10664092	2.116478494
0.001317	0.01965683	0.10642518	2.138737659
0.001317	0.02715965	0.10525464	2.263653885
0.001317	0.02715965	0.10470052	2.325306647
0.001317	0.02715965	0.10509805	2.280908869
0.001317	0.02715965	0.10642099	2.139172275
0.001317	0.02715965	0.10605754	2.17720994
0.001317	0.04064383	0.10567499	2.217977402
0.001317	0.04064383	0.10672693	2.107669062
0.001317	0.04064383	0.10508627	2.282212239
0.001317	0.04064383	0.10664983	2.115564195
0.001317	0.04064383	0.10495397	2.296901513
0.001317	0.04469676	0.10476143	2.318448322
0.001317	0.04469676	0.10509118	2.281668894
0.001317	0.04469676	0.10637372	2.144081577
0.001317	0.04469676	0.10521722	2.267765367
0.001317	0.04469676	0.1058657	2.197559345
0.001317	0.05881443	0.10648855	2.13217523
0.001317	0.05881443	0.10526435	2.262588228
0.001317	0.05881443	0.10615938	2.166483954
0.001317	0.05881443	0.10524566	2.264639873
0.001317	0.05881443	0.10611589	2.171057925
0.001317	0.08937569	0.10483425	2.3102755
0.001317	0.08937569	0.10650377	2.130602089
0.001317	0.08937569	0.10502202	2.289334149
0.001317	0.08937569	0.10499812	2.291989056
0.001317	0.08937569	0.10535596	2.252558836
0.001317	0.1038216	0.10553892	2.232661378
0.001317	0.1038216	0.1058562	2.198571985
0.001317	0.1038216	0.10525027	2.264133649
0.001317	0.1038216	0.10505467	2.285712226
0.001317	0.1038216	0.1053286	2.255549523
0.001317	0.16979431	0.10491206	2.301574471
0.001317	0.16979431	0.10497001	2.295115566
0.001317	0.16979431	0.10569799	2.215504919
0.001317	0.16979431	0.10638723	2.142677326
0.001317	0.16979431	0.10556636	2.229692389
0.001317	0.2068654	0.10552211	2.234482161
0.001317	0.2068654	0.10480423	2.313641245
0.001317	0.2068654	0.10802568	1.979017838
0.001317	0.2068654	0.10527491	2.261429854
0.001317	0.2068654	0.10662842	2.117761847
0.001317	0.26180631	0.10465972	2.329911976
0.001317	0.26180631	0.10579057	2.205580482
0.001317	0.26180631	0.10517187	2.27275816
0.001317	0.26180631	0.10517252	2.272686521
0.001317	0.26180631	0.10588726	2.195262917
0.001317	0.31113884	0.1055983	2.226241476
0.001317	0.31113884	0.1061546	2.166986209
0.001317	0.31113884	0.10598511	2.184870707
0.001317	0.31113884	0.10469931	2.325443096
0.001317	0.31113884	0.10544223	2.243154713
0.001317	0.27330026	0.10666366	2.114145813
0.001317	0.27330026	0.10785124	1.995830037
0.001317	0.27330026	0.11220669	1.615824914
0.001317	0.27330026	0.11349287	1.518120771
0.001317	0.27330026	0.1116177	1.662642585
0.001317	0.30218941	0.11190635	1.639531255
0.001317	0.30218941	0.11075503	1.733673931
0.001317	0.30218941	0.1131846	1.540986148
0.001317	0.30218941	0.11063538	1.743762538
0.001317	0.30218941	0.11097261	1.715477436
0.001317	0.35444361	0.11011577	1.788260339
0.001317	0.35444361	0.10790164	1.990957962
0.001317	0.35444361	0.1100307	1.795652882
0.001317	0.35444361	0.10969072	1.825503362
0.001317	0.35444361	0.10865692	1.91935492
0.001317	0.45290735	0.10859402	1.925218448
0.001317	0.45290735	0.10954962	1.83803728
0.001317	0.45290735	0.10940946	1.850572896
0.001317	0.45290735	0.10804646	1.977024564
0.001317	0.45290735	0.10834622	1.948493137
0.001317	0.48001096	0.10866569	1.918538802
0.001317	0.48001096	0.1096976	1.824894401
0.001317	0.48001096	0.10971971	1.822938782
0.001317	0.48001096	0.10898708	1.888869079
0.001317	0.48001096	0.10804649	1.977021688
0.001317	0.49409708	0.10812164	1.969829851
0.001317	0.49409708	0.10760397	2.01990646
0.001317	0.49409708	0.10800398	1.981101506
0.001317	0.49409708	0.10874528	1.911148167
0.001317	0.49409708	0.10906113	1.882098312
0.001317	0.51356733	0.10812473	1.9695347
0.001317	0.51356733	0.10860786	1.923926751
0.001317	0.51356733	0.10956343	1.836806747
0.001317	0.51356733	0.10962464	1.831362574
0.001317	0.51356733	0.10932712	1.857977042
0.001317	0.54091942	0.10961688	1.832051874
0.001317	0.54091942	0.10948066	1.84419427
0.001317	0.54091942	0.10983334	1.812921277
0.001317	0.54091942	0.10891751	1.895252407
0.001317	0.54091942	0.10828876	1.953930148
0.001317	0.53569841	0.11014932	1.785353235
0.001317	0.53569841	0.10829025	1.953788969
0.001317	0.53569841	0.10828146	1.954621978
0.001317	0.53569841	0.10814412	1.967683608
0.001317	0.53569841	0.10929079	1.861253306
0.001317	0.60052985	0.10876632	1.90919918
0.001317	0.60052985	0.1079354	1.987701098
0.001317	0.60052985	0.1090907	1.879401362
0.001317	0.60052985	0.10977609	1.817961479
0.001317	0.60052985	0.11056603	1.74963682
0.001317	0.59447831	0.10837408	1.945862402
0.001317	0.59447831	0.10904172	1.883870716
0.001317	0.59447831	0.10923482	1.866312028
0.001317	0.59447831	0.10830664	1.952236673
0.001317	0.59447831	0.1085112	1.932966244
0.001317	0.5602138	0.1091082	1.877807085
0.001317	0.5602138	0.1093423	1.856609808
0.001317	0.5602138	0.1098894	1.807999382
0.001317	0.5602138	0.10978896	1.816827204
0.001317	0.5602138	0.10786402	1.994593491
0.001317	0.54042935	0.10829514	1.953325709
0.001317	0.54042935	0.10881242	1.904935767
0.001317	0.54042935	0.10840414	1.94302791
0.001317	0.54042935	0.1082464	1.957948072
0.001317	0.54042935	0.10873093	1.912478584
0.001317	0.5915361	0.10818432	1.963851405
0.001317	0.5915361	0.10853302	1.930921967
0.001317	0.5915361	0.10866275	1.918812354
0.001317	0.5915361	0.10898831	1.888756415
0.001317	0.5915361	0.10865346	1.919676996
0.001317	0.61431491	0.1098887	1.808060757
0.001317	0.61431491	0.11005857	1.793227632
0.001317	0.61431491	0.110078	1.79153877
0.001317	0.61431491	0.10908056	1.880325751
0.001317	0.61431491	0.10899622	1.888032046
0.001317	0.65582627	0.11045859	1.758776612
0.001317	0.65582627	0.10873504	1.912097443
0.001317	0.65582627	0.10968822	1.825724691
0.001317	0.65582627	0.11042593	1.76156441
0.001317	0.65582627	0.11006293	1.792848521
0.001317	0.67269969	0.10976139	1.819257904
0.001317	0.67269969	0.11058281	1.74821366
0.001317	0.67269969	0.11110162	1.704778488
0.001317	0.67269969	0.11014875	1.785402586
0.001317	0.67269969	0.10884018	1.902373066
0.001317	0.67269969	0.10876966	1.90888997
0.001317	0.68869495	0.10998449	1.799681309
0.001317	0.68869495	0.11033208	1.769599893
0.001317	0.68869495	0.11047913	1.757025615
0.001317	0.68869495	0.10959312	1.834164025
0.001317	0.68869495	0.110136	1.786506846
0.001317	0.72912395	0.10901393	1.886411237
0.001317	0.72912395	0.10852993	1.931211332
0.001317	0.72912395	0.11065097	1.742444706
0.001317	0.72912395	0.10940657	1.85083227
0.001317	0.72912395	0.10885032	1.901437838
0.001317	0.79009986	0.10936994	1.854122909
0.001317	0.79009986	0.11053284	1.752455172
0.001317	0.79009986	0.10929375	1.860986155
0.001317	0.79009986	0.1101872	1.782076617
0.001317	0.79009986	0.11089779	1.721713081
0.001317	0.76496118	0.10937255	1.853888247
0.001317	0.76496118	0.10862129	1.922674147
0.001317	0.76496118	0.10927141	1.86300337
0.001317	0.76496118	0.1086733	1.917830913
0.001317	0.76496118	0.10868245	1.916980116
0.001317	0.74261636	0.11042423	1.76170964
0.001317	0.74261636	0.11001021	1.797438015
0.001317	0.74261636	0.10967685	1.826731637
0.001317	0.74261636	0.11048676	1.756375616
0.001317	0.74261636	0.11045664	1.758942937
0.001317	0.77953494	0.10903446	1.884534084
0.001317	0.77953494	0.11000184	1.798167738
0.001317	0.77953494	0.10943864	1.847956071
0.001317	0.77953494	0.10991294	1.805936628
0.001317	0.77953494	0.10942601	1.849088259
0.001317	0.80773866	0.11043543	1.760753052
0.001317	0.80773866	0.10906024	1.882179544
0.001317	0.80773866	0.11061718	1.745302255
0.001317	0.80773866	0.10898882	1.888709703
0.001317	0.80773866	0.10971016	1.823783218
0.001317	0.87181526	0.10921887	1.867756149
0.001317	0.87181526	0.10883756	1.902614787
0.001317	0.87181526	0.11023153	1.77824971
0.001317	0.87181526	0.10973579	1.821517831
0.001317	0.87181526	0.11021549	1.779633457
0.001317	0.82880056	0.10849447	1.934535114
0.001317	0.82880056	0.10939853	1.851554039
0.001317	0.82880056	0.11030165	1.772213186
0.001317	0.82880056	0.10949191	1.843188425
0.001317	0.82880056	0.11045049	1.759467602
0.001317	0.85837841	0.1093275	1.857942804
0.001317	0.85837841	0.10903344	1.884627303
0.001317	0.85837841	0.11067193	1.740674516
0.001317	0.85837841	0.10901662	1.886165171
0.001317	0.85837841	0.10933584	1.857191525
0.001317	0.81169617	0.11081009	1.729051031
0.001317	0.81169617	0.11007505	1.791795083
0.001317	0.81169617	0.109903	1.806807359
0.001317	0.81169617	0.10856606	1.927830623
0.001317	0.81169617	0.10966869	1.827454642
0.001317	0.70772111	0.10972091	1.822832703
0.001317	0.70772111	0.11020122	1.780865413
0.001317	0.70772111	0.11014073	1.786097108
0.001317	0.70772111	0.10860001	1.924659291
0.001317	0.70772111	0.10907221	1.8810873
0.001317	0.71809334	0.1094557	1.846427866
0.001317	0.71809334	0.10992858	1.804567434
0.001317	0.71809334	0.10963267	1.830649563
0.001317	0.71809334	0.11017889	1.782794917
0.001317	0.71809334	0.10854225	1.930057876
0.001317	0.79475015	0.11047687	1.757218191
0.001317	0.79475015	0.11030722	1.771734552
0.001317	0.79475015	0.10948097	1.844166546
0.001317	0.79475015	0.10964081	1.829927069
0.001317	0.79475015	0.1104025	1.763567074
0.001317	0.78734684	0.10810158	1.971747025
0.001317	0.78734684	0.11004634	1.794291484
0.001317	0.78734684	0.10866122	1.918954728
0.001317	0.78734684	0.10943499	1.848283196
0.001317	0.78734684	0.10834979	1.948155834
0.001317	0.80676109	0.10928928	1.861389604
0.001317	0.80676109	0.10890821	1.896107353
0.001317	0.80676109	0.10919873	1.86958123
0.001317	0.80676109	0.1086085	1.92386704
0.001317	0.80676109	0.10905449	1.882704449
0.001317	0.84792918	0.10903202	1.884757087
0.001317	0.84792918	0.10924686	1.86522266
0.001317	0.84792918	0.10875519	1.910229931
0.001317	0.84792918	0.10839679	1.943720593
0.001317	0.84792918	0.10906208	1.882011606
0.001317	0.83982801	0.10944609	1.847288558
0.001317	0.83982801	0.10949536	1.842880075
0.001317	0.83982801	0.10952967	1.83981637
0.001317	0.83982801	0.10900415	1.887306125
0.001317	0.83982801	0.10836247	1.946958267
0.001317	0.85291445	0.10954209	1.838708584
0.001317	0.85291445	0.10834482	1.948625429
0.001317	0.85291445	0.10927318	1.862843466
0.001317	0.85291445	0.10890582	1.896327127
0.001317	0.85291445	0.10902231	1.885644789
0.001317	0.88914889	0.10856409	1.928014804
0.001317	0.88914889	0.10935393	1.855562997
0.001317	0.88914889	0.10778525	2.002227198
0.001317	0.88914889	0.10838156	1.945156693
0.001317	0.88914889	0.1095017	1.842313562
0.001317	0.91884995	0.10782804	1.998076744
0.001317	0.91884995	0.10880658	1.905475334
0.001317	0.91884995	0.10847864	1.936020758
0.001317	0.91884995	0.10859577	1.925055072
0.001317	0.91884995	0.10878263	1.907689711
0.001317	1.04158568	0.10887282	1.89936427
0.001317	1.04158568	0.1086714	1.918007628
0.001317	1.04158568	0.1092876	1.861541258
0.001317	1.04158568	0.10777311	2.003406298
0.001317	1.04158568	0.10833641	1.949420312
0.001317	1.03691244	0.10771865	2.008704284
0.001317	1.03691244	0.10923509	1.866287592
0.001317	1.03691244	0.1091856	1.870772027
0.001317	1.03691244	0.10843369	1.940245534
0.001317	1.03691244	0.10826925	1.955779682
0.001317	0.95113462	0.10942697	1.849002177
0.001317	0.95113462	0.10747721	2.032361339
0.001317	0.95113462	0.10878131	1.907811831
0.001317	0.95113462	0.10826544	1.956141072
0.001317	0.95113462	0.10809878	1.972014775
0.001317	0.91505009	0.10846761	1.937056597
0.001317	0.91505009	0.10878602	1.907376121
0.001317	0.91505009	0.10856049	1.928351425
0.001317	0.91505009	0.10851539	1.932573523
0.001317	0.91505009	0.10764854	2.015545369
0.001317	0.8496381	0.10776017	2.004663862
0.001317	0.8496381	0.10876928	1.908925147
0.001317	0.8496381	0.10844359	1.939314258
0.001317	0.8496381	0.10834899	1.948231415
0.001317	0.8496381	0.10800009	1.981475262
0.001317	0.8473382	0.10844935	1.938772631
0.001317	0.8473382	0.10766631	2.013809234
0.001317	0.8473382	0.10782204	1.9986582
0.001317	0.8473382	0.10897731	1.889764217
0.001317	0.8473382	0.10766305	2.014127625
0.001317	0.79840457	0.10871241	1.91419698
0.001317	0.79840457	0.10781367	1.999469614
0.001317	0.79840457	0.10872132	1.913370065
0.001317	0.79840457	0.10734463	2.045470241
0.001317	0.79840457	0.10796005	1.985326452
0.001317	0.76391351	0.10615078	2.167387676
0.001317	0.76391351	0.10799747	1.981727034
0.001317	0.76391351	0.10667788	2.112688425
0.001317	0.76391351	0.10704209	2.075701501
0.001317	0.76391351	0.10774741	2.005904705
0.001317	0.82400924	0.1072747	2.052418625
0.001317	0.82400924	0.10711364	2.068511784
0.001317	0.82400924	0.10732973	2.04694876
0.001317	0.82400924	0.10779505	2.001275878
0.001317	0.82400924	0.10684273	2.095866327
0.001317	0.85144293	0.10707389	2.072502991
0.001317	0.85144293	0.10695195	2.084794822
0.001317	0.85144293	0.10615326	2.167127029
0.001317	0.85144293	0.10753048	2.027117935
0.001317	0.85144293	0.10755504	2.024705035
0.001317	0.80770051	0.10625387	2.156579348
0.001317	0.80770051	0.10674479	2.105844384
0.001317	0.80770051	0.10710124	2.069756014
0.001317	0.80770051	0.10719954	2.059912992
0.001317	0.80770051	0.10659798	2.120890323
0.001317	0.80329132	0.10713238	2.06663281
0.001317	0.80329132	0.10749961	2.030154841
0.001317	0.80329132	0.10642296	2.138967922
0.001317	0.80329132	0.10677839	2.102415898
0.001317	0.80329132	0.10580198	2.204360428
0.001317	0.83199036	0.10599946	2.1833508
0.001317	0.83199036	0.10712208	2.067665332
0.001317	0.83199036	0.10711087	2.068789664
0.001317	0.83199036	0.10612689	2.169900111
0.001317	0.83199036	0.1076908	2.011419003
0.001317	0.74526441	0.10618921	2.163352218
0.001317	0.74526441	0.10644966	2.136200184
0.001317	0.74526441	0.10621686	2.160453394
0.001317	0.74526441	0.10751028	2.029104641
0.001317	0.74526441	0.10686518	2.093585806
0.001317	0.78692585	0.10661477	2.119164157
0.001317	0.78692585	0.10693199	2.086813768
0.001317	0.78692585	0.10724292	2.055584145
0.001317	0.78692585	0.10687564	2.092524104
0.001317	0.78692585	0.10708939	2.070945756
0.001317	0.8377828	0.10716419	2.063447273
0.001317	0.8377828	0.10670026	2.110396763
0.001317	0.8377828	0.10699172	2.080777925
0.001317	0.8377828	0.1060949	2.173268959
0.001317	0.8377828	0.10671322	2.109070826
0.001317	0.8296479	0.10590092	2.193809186
0.001317	0.8296479	0.10712991	2.066880368
0.001317	0.8296479	0.1072874	2.051154976
0.001317	0.8296479	0.10675114	2.105196012
0.001317	0.8296479	0.10636009	2.145499235
0.001317	0.78244126	0.10709396	2.070486846
0.001317	0.78244126	0.10700646	2.079291105
0.001317	0.78244126	0.10718668	2.06119803
0.001317	0.78244126	0.10636567	2.144918745
0.001317	0.78244126	0.10584135	2.200155835
0.001317	0.73989087	0.10695041	2.084950523
0.001317	0.73989087	0.10702598	2.077323762
0.001317	0.73989087	0.10646467	2.134645812
0.001317	0.73989087	0.10568739	2.216644068
0.001317	0.73989087	0.10649157	2.13186299
0.001317	0.71862626	0.10560726	2.225274364
0.001317	0.71862626	0.10541528	2.246088255
0.001317	0.71862626	0.10602643	2.180497083
0.001317	0.71862626	0.10688757	2.091313852
0.001317	0.71862626	0.10563115	2.222697814
0.001317	0.70557833	0.10634921	2.146631537
0.001317	0.70557833	0.10607836	2.175012828
0.001317	0.70557833	0.10603498	2.179593179
0.001317	0.70557833	0.10586241	2.197909985
0.001317	0.70557833	0.1067442	2.105904636
0.001317	0.69626427	0.10598884	2.184475536
0.001317	0.69626427	0.10617949	2.164372185
0.001317	0.69626427	0.10637379	2.144074299
0.001317	0.69626427	0.10582841	2.201536901
0.001317	0.69626427	0.10628756	2.153058865
0.001317	0.73856729	0.10640875	2.140442401
0.001317	0.73856729	0.10539476	2.248324456
0.001317	0.73856729	0.10608476	2.174337888
0.001317	0.73856729	0.10551128	2.235656003
0.001317	0.73856729	0.10563068	2.222748475
0.001317	0.81071836	0.10595442	2.188124848
0.001317	0.81071836	0.10550023	2.236854327
0.001317	0.81071836	0.10568603	2.216790266
0.001317	0.81071836	0.10503373	2.288034478
0.001317	0.81071836	0.10530911	2.257682371
0.001317	0.82454777	0.10518107	2.271744402
0.001317	0.82454777	0.10554353	2.232162303
0.001317	0.82454777	0.10618273	2.164032143
0.001317	0.82454777	0.10517521	2.27239007
0.001317	0.82454777	0.10509191	2.281588122
0.001317	0.87134576	0.10563117	2.222695658
0.001317	0.87134576	0.10603411	2.179685138
0.001317	0.87134576	0.10452148	2.345583827
0.001317	0.87134576	0.1053402	2.254281057
0.001317	0.87134576	0.10505912	2.285219024
0.001317	0.96405554	0.10421658	2.380523077
0.001317	0.96405554	0.10437228	2.362616483
0.001317	0.96405554	0.1050532	2.285875173
0.001317	0.96405554	0.10479109	2.315116001
0.001317	0.96405554	0.1043109	2.369659474
0.001317	0.90590084	0.10435475	2.364625809
0.001317	0.90590084	0.10400134	2.405500891
0.001317	0.90590084	0.10445654	2.352982226
0.001317	0.90590084	0.10456595	2.34053093
0.001317	0.90590084	0.10399764	2.405932546
0.001317	0.91370916	0.10432339	2.368224622
0.001317	0.91370916	0.1036396	2.44807126
0.001317	0.91370916	0.10459844	2.336846142
0.001317	0.91370916	0.10362842	2.449398881
0.001317	0.91370916	0.10414165	2.389188862
0.001317	0.92927694	0.10399087	2.406722558
0.001317	0.92927694	0.10436472	2.363482817
0.001317	0.92927694	0.10389283	2.418192274
0.001317	0.92927694	0.1045187	2.345900066
0.001317	0.92927694	0.10333651	2.484319068
0.001317	0.94417453	0.1029583	2.530304438
0.001317	0.94417453	0.10397664	2.408383947
0.001317	0.94417453	0.10414969	2.388257513
0.001317	0.94417453	0.10341406	2.474993757
0.001317	0.94417453	0.10425302	2.376320094
0.001317	0.87928796	0.10371467	2.439175343
0.001317	0.87928796	0.10285116	2.543485295
0.001317	0.87928796	0.1028794	2.540004431
0.001317	0.87928796	0.10315174	2.50667931
0.001317	0.87928796	0.10322794	2.497433561
0.001317	0.82739609	0.10283324	2.545696589
0.001317	0.82739609	0.10285234	2.543339753
0.001317	0.82739609	0.10322656	2.4976007
0.001317	0.82739609	0.10240529	2.599079773
0.001317	0.82739609	0.10257519	2.577753468
0.001317	0.8459096	0.10241941	2.59730069
0.001317	0.8459096	0.10245744	2.592515065
0.001317	0.8459096	0.10217331	2.628483732
0.001317	0.8459096	0.10285141	2.543454459
0.001317	0.8459096	0.1019191	2.661087524
0.001317	0.90062749	0.10190148	2.663362314
0.001317	0.90062749	0.1023079	2.61138389
0.001317	0.90062749	0.10252123	2.584507641
0.001317	0.90062749	0.10273308	2.558091592
0.001317	0.90062749	0.101905	2.662907717
0.001317	0.90635252	0.10155486	2.708509381
0.001317	0.90635252	0.10134491	2.736226589
0.001317	0.90635252	0.10153373	2.71128617
0.001317	0.90635252	0.1017127	2.687856679
0.001317	0.90635252	0.10196413	2.655282855
0.001317	0.91473794	0.10157276	2.706159286
0.001317	0.91473794	0.10165069	2.69595158
0.001317	0.91473794	0.10100871	2.781203064
0.001317	0.91473794	0.10127782	2.745143348
0.001317	0.91473794	0.10130585	2.741414424
0.001317	0.93138492	0.10153712	2.710840483
0.001317	0.93138492	0.10112765	2.765207511
0.001317	0.93138492	0.10174865	2.683174834
0.001317	0.93138492	0.10100721	2.78140538
0.001317	0.93138492	0.10025866	2.884226422
0.001317	0.92133266	0.10142826	2.725189087
0.001317	0.92133266	0.10104589	2.776193025
0.001317	0.92133266	0.1005242	2.847323855
0.001317	0.92133266	0.10139674	2.729357832
0.001317	0.92133266	0.10100725	2.781399985
0.001317	0.93513274	0.09979082	2.950410432
0.001317	0.93513274	0.10018963	2.893897722
0.001317	0.93513274	0.09977876	2.952136458
0.001317	0.93513274	0.10015321	2.899013329
0.001317	0.93513274	0.09998927	2.922152786
0.001317	0.93513274	0.0987077	3.109523239
0.001317	0.93724918	0.09938803	3.008607362
0.001317	0.93724918	0.099554	2.984489485
0.001317	0.93724918	0.09903831	3.060066724
0.001317	0.93724918	0.09946011	2.998109231
0.001317	0.93724918	0.09984306	2.942945495
0.001317	0.91371685	0.09938411	3.009179345
0.001317	0.91371685	0.09939481	3.007618321
0.001317	0.91371685	0.09922997	3.031756963
0.001317	0.91371685	0.09943069	3.002389691
0.001317	0.91371685	0.09926443	3.026694786
0.001317	0.88784683	0.09869413	3.111570188
0.001317	0.88784683	0.09894194	3.07440109
0.001317	0.88784683	0.09932327	3.018070714
0.001317	0.88784683	0.09865615	3.117306399
0.001317	0.88784683	0.09826807	3.176528569
0.001317	0.83746898	0.09954248	2.986157249
0.001317	0.83746898	0.0989368	3.075167513
0.001317	0.83746898	0.0986888	3.112374554
0.001317	0.83746898	0.09888142	3.083437323
0.001317	0.83746898	0.09869463	3.111494743
0.001317	0.80395669	0.09810611	3.201575682
0.001317	0.80395669	0.09863295	3.120815552
0.001317	0.80395669	0.0983192	3.168662083
0.001317	0.80395669	0.09870715	3.109606177
0.001317	0.80395669	0.09844565	3.149290978
0.001317	0.78273338	0.09867458	3.114521552
0.001317	0.78273338	0.09920447	3.035508365
0.001317	0.78273338	0.09887732	3.084050453
0.001317	0.78273338	0.09825857	3.177992319
0.001317	0.78273338	0.09856626	3.130924869
0.001317	0.74348778	0.09802319	3.214475603
0.001317	0.74348778	0.09771571	3.262765851
0.001317	0.74348778	0.09853803	3.13521402
0.001317	0.74348778	0.09845958	3.147164271
0.001317	0.74348778	0.0975218	3.293592065
0.001317	0.74572134	0.097938	3.227782803
0.001317	0.74572134	0.09821913	3.18407641
0.001317	0.74572134	0.09791442	3.231475868
0.001317	0.74572134	0.09797165	3.222519897
0.001317	0.74572134	0.09857939	3.12893195
0.001317	0.73924989	0.09755568	3.288185181
0.001317	0.73924989	0.09797475	3.222035485
0.001317	0.73924989	0.09790421	3.233076253
0.001317	0.73924989	0.09780043	3.249388487
0.001317	0.73924989	0.09726514	3.334842074
0.001317	0.81918424	0.09814231	3.195960269
0.001317	0.81918424	0.09782838	3.2449872
0.001317	0.81918424	0.09723461	3.339783066
0.001317	0.81918424	0.0969896	3.379701656
0.001317	0.81918424	0.09758504	3.283506821
0.001317	0.81338483	0.09764427	3.274089083
0.001317	0.81338483	0.09750694	3.295966365
0.001317	0.81338483	0.09709786	3.362004749
0.001317	0.81338483	0.09771766	3.262457326
0.001317	0.81338483	0.09735003	3.321141818
0.001317	0.77111751	0.09712684	3.357283226
0.001317	0.77111751	0.09731376	3.326988473
0.001317	0.77111751	0.09711122	3.359827266
0.001317	0.77111751	0.0972696	3.334120878
0.001317	0.77111751	0.09684763	3.403050282
0.001317	0.7816208	0.09695286	3.38572857
0.001317	0.7816208	0.09728772	3.331192418
0.001317	0.7816208	0.09724557	3.338008452
0.001317	0.7816208	0.09766424	3.270919889
0.001317	0.7816208	0.0970399	3.371467724
0.001317	0.82685077	0.0970526	3.369391953
0.001317	0.82685077	0.09779929	3.24956813
0.001317	0.82685077	0.09681109	3.409085768
0.001317	0.82685077	0.09696497	3.383740831
0.001317	0.82685077	0.09701482	3.375570721
0.001317	0.82436299	0.09741153	3.311251606
0.001317	0.82436299	0.09694865	3.386419874
0.001317	0.82436299	0.09704881	3.370011281
0.001317	0.82436299	0.09714622	3.354129469
0.001317	0.82436299	0.0961935	3.51273078
0.001317	0.76596302	0.09693624	3.388458482
0.001317	0.76596302	0.09688639	3.396659786
0.001317	0.76596302	0.09688699	3.396560956
0.001317	0.76596302	0.09677459	3.415125334
0.001317	0.76596302	0.09714223	3.35477853
0.001317	0.72218007	0.09761155	3.279288311
0.001317	0.72218007	0.09730171	3.328933187
0.001317	0.72218007	0.09741197	3.311180953
0.001317	0.72218007	0.09691229	3.392396253
0.001317	0.72218007	0.09689225	3.395694673
0.001317	0.71247786	0.09676243	3.417139795
0.001317	0.71247786	0.09704787	3.370164905
0.001317	0.71247786	0.09722738	3.340954245
0.001317	0.71247786	0.09779499	3.250245818
0.001317	0.71247786	0.09655558	3.451589763
0.001317	0.74607384	0.09683	3.405960978
0.001317	0.74607384	0.09684248	3.403900285
0.001317	0.74607384	0.09661683	3.441352804
0.001317	0.74607384	0.09667982	3.430856699
0.001317	0.74607384	0.09649305	3.462072067
0.001317	0.73656797	0.09670135	3.427276473
0.001317	0.73656797	0.09659614	3.444807407
0.001317	0.73656797	0.09723208	3.340192851
0.001317	0.73656797	0.09656896	3.449350914
0.001317	0.73656797	0.09686238	3.400616982
0.001317	0.70266956	0.09639148	3.479166791
0.001317	0.70266956	0.09678338	3.413669897
0.001317	0.70266956	0.09647099	3.465777718
0.001317	0.70266956	0.09709827	3.361937904
0.001317	0.70266956	0.09627458	3.498946134
0.001317	0.69233882	0.09636105	3.484304721
0.001317	0.69233882	0.09638424	3.480388536
0.001317	0.69233882	0.096359	3.484651124
0.001317	0.69233882	0.09628836	3.49660874
0.001317	0.69233882	0.09663491	3.438336829
0.001317	0.6789434	0.0954119	3.648429731
0.001317	0.6789434	0.09627709	3.498520266
0.001317	0.6789434	0.09668911	3.429311405
0.001317	0.6789434	0.09616747	3.517167721
0.001317	0.6789434	0.09611697	3.525791684
0.001317	0.68218112	0.09636474	3.483681282
0.001317	0.68218112	0.09642595	3.473355881
0.001317	0.68218112	0.09645648	3.468217277
0.001317	0.68218112	0.09588169	3.566250403
0.001317	0.68218112	0.09606952	3.533914061
0.001317	0.6944707	0.09557468	3.619742771
0.001317	0.6944707	0.0962324	3.506110514
0.001317	0.6944707	0.09666234	3.4337662
0.001317	0.6944707	0.09577435	3.584862476
0.001317	0.6944707	0.0967247	3.423397822
0.001317	0.63679957	0.09603901	3.53914657
0.001317	0.63679957	0.09606536	3.534627051
0.001317	0.63679957	0.09581999	3.57693695
0.001317	0.63679957	0.09642742	3.473108286
0.001317	0.63679957	0.09584901	3.571906652
0.001317	0.68797886	0.09612463	3.524482214
0.001317	0.68797886	0.09561503	3.612666785
0.001317	0.68797886	0.09613787	3.522219997
0.001317	0.68797886	0.09601479	3.543305851
0.001317	0.68797886	0.09607176	3.533530202
0.001317	0.69630659	0.09559853	3.615558637
0.001317	0.69630659	0.09593273	3.55743432
0.001317	0.69630659	0.09611312	3.526450021
0.001317	0.69630659	0.09605405	3.536566221
0.001317	0.69630659	0.09579713	3.580904466
0.001317	0.63718438	0.09555423	3.623334279
0.001317	0.63718438	0.09566838	3.603332283
0.001317	0.63718438	0.09661385	3.44185016
0.001317	0.63718438	0.09608709	3.530904291
0.001317	0.63718438	0.0959846	3.5484972
0.001317	0.64162016	0.09643151	3.472419493
0.001317	0.64162016	0.09651578	3.458258014
0.001317	0.64162016	0.0964512	3.469105427
0.001317	0.64162016	0.09593391	3.557230758
0.001317	0.64162016	0.09600375	3.545203363
0.001317	0.65878439	0.09598141	3.549046184
0.001317	0.65878439	0.0958388	3.573675636
0.001317	0.65878439	0.09524292	3.678449853
0.001317	0.65878439	0.09618016	3.515003948
0.001317	0.65878439	0.09591959	3.559701892
0.001317	0.69363755	0.0963076	3.493347821
0.001317	0.69363755	0.09542911	3.645386071
0.001317	0.69363755	0.09563567	3.609052597
0.001317	0.69363755	0.09575551	3.588139219
0.001317	0.69363755	0.09575137	3.588859669
0.001317	0.72781092	0.09564567	3.607302837
0.001317	0.72781092	0.09555958	3.622394347
0.001317	0.72781092	0.09431912	3.846987768
0.001317	0.72781092	0.09490497	3.739231354
0.001317	0.72781092	0.0950704	3.709353717
0.001317	0.74691582	0.09516876	3.691702611
0.001317	0.74691582	0.09541482	3.647913138
0.001317	0.74691582	0.09561413	3.612824463
0.001317	0.74691582	0.09501006	3.720223719
0.001317	0.74691582	0.09529542	3.669096616
0.001317	0.75602454	0.09527264	3.673152106
0.001317	0.75602454	0.09526424	3.674648676
0.001317	0.75602454	0.09467618	3.780949151
0.001317	0.75602454	0.09537285	3.655345315
0.001317	0.75602454	0.09567168	3.602755683
0.001317	0.7576015	0.09517816	3.690020145
0.001317	0.7576015	0.09612969	3.523617479
0.001317	0.7576015	0.09511786	3.700826313
0.001317	0.7576015	0.09521154	3.684051798
0.001317	0.7576015	0.09470879	3.774974689
0.001317	0.75555027	0.0951108	3.702093581
0.001317	0.75555027	0.09492447	3.735697064
0.001317	0.75555027	0.094664	3.783183068
0.001317	0.75555027	0.09509809	3.704376115
0.001317	0.75555027	0.09507269	3.708941809
0.001317	0.79639351	0.09462424	3.790484583
0.001317	0.79639351	0.09490415	3.739380049
0.001317	0.79639351	0.09544219	3.643074517
0.001317	0.79639351	0.09451009	3.811525457
0.001317	0.79639351	0.09460337	3.794322782
0.001317	0.71405482	0.09445354	3.821992345
0.001317	0.71405482	0.09422899	3.863838941
0.001317	0.71405482	0.09464711	3.786283023
0.001317	0.71405482	0.09478284	3.76144306
0.001317	0.71405482	0.09415924	3.876930412
0.001317	0.69163913	0.09484634	3.749877938
0.001317	0.69163913	0.09468489	3.779352472
0.001317	0.69163913	0.09452067	3.809570381
0.001317	0.69163913	0.09423003	3.863644077
0.001317	0.69163913	0.09360817	3.981933291
0.001317	0.67479622	0.09426837	3.856467191
0.001317	0.67479622	0.09427368	3.855474261
0.001317	0.67479622	0.0943573	3.839871615
0.001317	0.67479622	0.09451277	3.811030126
0.001317	0.67479622	0.09450001	3.813389071
0.001317	0.70748287	0.09408855	3.890243571
0.001317	0.70748287	0.09446314	3.820213449
0.001317	0.70748287	0.09418523	3.872047138
0.001317	0.70748287	0.09429041	3.852347547
0.001317	0.70748287	0.09369506	3.965190046
0.001317	0.73432511	0.09408052	3.891758762
0.001317	0.73432511	0.09437975	3.835693435
0.001317	0.73432511	0.09459934	3.795064387
0.001317	0.73432511	0.09425057	3.859797524
0.001317	0.73432511	0.09386854	3.931971669
0.001317	0.68508238	0.09421151	3.867115629
0.001317	0.68508238	0.09412025	3.884267816
0.001317	0.68508238	0.09384484	3.936493339
0.001317	0.68508238	0.09368539	3.967049917
0.001317	0.68508238	0.09444577	3.823432745
0.001317	0.65153551	0.09334375	4.033321824
0.001317	0.65153551	0.09382544	3.940198491
0.001317	0.65153551	0.09350217	4.002454694
0.001317	0.65153551	0.09371659	3.961052223
0.001317	0.65153551	0.09365254	3.973374611
0.001317	0.70805371	0.0937444	3.955713846
0.001317	0.70805371	0.09389411	3.927099051
0.001317	0.70805371	0.09324778	4.052136636
0.001317	0.70805371	0.09314445	4.072492503
0.001317	0.70805371	0.09313071	4.075206955
0.001317	0.71031952	0.09418133	3.872779518
0.001317	0.71031952	0.0933968	4.022958949
0.001317	0.71031952	0.09390398	3.925219839
0.001317	0.71031952	0.09440752	3.830531436
0.001317	0.71031952	0.09366966	3.970077197
0.001317	0.70515341	0.09393242	3.919809997
0.001317	0.70515341	0.09351695	3.999586981
0.001317	0.70515341	0.09402084	3.903038366
0.001317	0.70515341	0.09373152	3.958185382
0.001317	0.70515341	0.09317879	4.065716251
0.001317	0.66645247	0.09359429	3.984614435
0.001317	0.66645247	0.09336025	4.03009583
0.001317	0.66645247	0.09337787	4.026653708
0.001317	0.66645247	0.09327358	4.047069966
0.001317	0.66645247	0.09298876	4.103356491
0.001317	0.63878369	0.0936074	3.982081981
0.001317	0.63878369	0.09309576	4.082119778
0.001317	0.63878369	0.09318648	4.064200342
0.001317	0.63878369	0.09346097	4.01045945
0.001317	0.63878369	0.09341747	4.018928449
0.001317	0.64709979	0.09248456	4.204923544
0.001317	0.64709979	0.09374915	3.954802761
0.001317	0.64709979	0.09321576	4.058433628
0.001317	0.64709979	0.09377502	3.949844386
0.001317	0.64709979	0.09322815	4.055995875
0.001317	0.70217806	0.0930984	4.081597199
0.001317	0.70217806	0.09274618	4.151912359
0.001317	0.70217806	0.09267563	4.166141506
0.001317	0.70217806	0.09318418	4.064653676
0.001317	0.70217806	0.09328282	4.045256932
0.001317	0.60142624	0.09224455	4.254151048
0.001317	0.60142624	0.0931325	4.074853223
0.001317	0.60142624	0.09273902	4.153354233
0.001317	0.60142624	0.0929883	4.103448027
0.001317	0.60142624	0.09255411	4.190765164
0.001317	0.69758922	0.09243868	4.214289568
0.001317	0.69758922	0.09273371	4.154423878
0.001317	0.69758922	0.09286238	4.128581982
0.001317	0.69758922	0.09300792	4.099545626
0.001317	0.69758922	0.093282	4.045417796
0.001317	0.76183766	0.09367929	3.968223604
0.001317	0.76183766	0.09297879	4.105340894
0.001317	0.76183766	0.09327686	4.046426285
0.001317	0.76183766	0.09260413	4.180612012
0.001317	0.76183766	0.09234531	4.233414762
0.001317	0.76183766	0.0933582	4.030496495
0.001317	0.74313617	0.09209	4.286154802
0.001317	0.74313617	0.09171404	4.365016303
0.001317	0.74313617	0.0923225	4.238100164
0.001317	0.74313617	0.09284852	4.131357861
0.001317	0.74313617	0.09211209	4.281565766
0.001317	0.70681238	0.09194314	4.316789197
0.001317	0.70681238	0.09310877	4.079545138
0.001317	0.70681238	0.09202807	4.299046549
0.001317	0.70681238	0.09225183	4.252649435
0.001317	0.70681238	0.09269752	4.161721327
0.001317	0.63712335	0.09308447	4.084355353
0.001317	0.63712335	0.09201835	4.301073444
0.001317	0.63712335	0.0923735	4.22763141
0.001317	0.63712335	0.09195097	4.315150379
0.001317	0.63712335	0.09193982	4.31748426
0.001317	0.6117537	0.0929254	4.115983843
0.001317	0.6117537	0.0918897	4.327990813
0.001317	0.6117537	0.09220645	4.26201842
0.001317	0.6117537	0.09235045	4.23235967
0.001317	0.6117537	0.09224705	4.253635324
0.001317	0.6175822	0.09156814	4.396009685
0.001317	0.6175822	0.09223384	4.256361116
0.001317	0.6175822	0.0919093	4.323879064
0.001317	0.6175822	0.09198018	4.309042219
0.001317	0.6175822	0.09191073	4.323579228
0.001317	0.67963666	0.09212476	4.278935883
0.001317	0.67963666	0.09258979	4.183520254
0.001317	0.67963666	0.09213576	4.276653949
0.001317	0.67963666	0.09219997	4.263357939
0.001317	0.67963666	0.09211212	4.281559537
0.001317	0.67984986	0.09249365	4.203070368
0.001317	0.67984986	0.09199752	4.305420307
0.001317	0.67984986	0.09194347	4.316720116
0.001317	0.67984986	0.09237843	4.226620803
0.001317	0.67984986	0.09171916	4.363932644
0.001317	0.69818878	0.09263217	4.174931164
0.001317	0.69818878	0.09210613	4.282803428
0.001317	0.69818878	0.09195948	4.313369943
0.001317	0.69818878	0.0917877	4.349451892
0.001317	0.69818878	0.09191745	4.322170482
0.001317	0.73183346	0.09145928	4.419277968
0.001317	0.73183346	0.09152849	4.404470456
0.001317	0.73183346	0.09225741	4.251498831
0.001317	0.73183346	0.09189192	4.327524898
0.001317	0.73183346	0.09156594	4.396478709
0.001317	0.73131704	0.0917923	4.348481752
0.001317	0.73131704	0.09199522	4.305900547
0.001317	0.73131704	0.09180339	4.346143761
0.001317	0.73131704	0.09116086	4.483697273
0.001317	0.73131704	0.09201792	4.301163133
0.001317	0.69734651	0.09152836	4.404498223
0.001317	0.69734651	0.09106234	4.505170092
0.001317	0.69734651	0.09155064	4.399741941
0.001317	0.69734651	0.09214679	4.274367013
0.001317	0.69734651	0.09085429	4.550853882
0.001317	0.68019086	0.09065516	4.595012829
0.001317	0.68019086	0.09136539	4.439445383
0.001317	0.68019086	0.09237532	4.227258298
0.001317	0.68019086	0.0911232	4.491893307
0.001317	0.68019086	0.09091818	4.536775794
0.001317	0.70663327	0.09091205	4.538124641
0.001317	0.70663327	0.09124521	4.465394202
0.001317	0.70663327	0.09133431	4.44614157
0.001317	0.70663327	0.09089202	4.542534847
0.001317	0.70663327	0.09121776	4.47134235
0.001317	0.6933412	0.0905339	4.62211302
0.001317	0.6933412	0.09158663	4.392069729
0.001317	0.6933412	0.09181586	4.343516339
0.001317	0.6933412	0.09165826	4.376839704
0.001317	0.6933412	0.09170084	4.367811351
0.001317	0.75661457	0.09150711	4.409039413
0.001317	0.75661457	0.09120201	4.474758799
0.001317	0.75661457	0.09162489	4.383928276
0.001317	0.75661457	0.09204356	4.295818419
0.001317	0.75661457	0.0903236	4.669492117
0.001317	0.795789	0.0915191	4.406476538
0.001317	0.795789	0.09104824	4.508251643
0.001317	0.795789	0.09144841	4.421608128
0.001317	0.795789	0.090579	4.61201508
0.001317	0.795789	0.09117234	4.481201829
0.001317	0.77337658	0.09139466	4.433148382
0.001317	0.77337658	0.09020583	4.696236685
0.001317	0.77337658	0.0917623	4.354812651
0.001317	0.77337658	0.09104747	4.508419987
0.001317	0.77337658	0.09122808	4.469105178
0.001317	0.81259227	0.09105943	4.505805899
0.001317	0.81259227	0.0911631	4.483210248
0.001317	0.81259227	0.09058242	4.611250239
0.001317	0.81259227	0.09124038	4.466440242
0.001317	0.81259227	0.09119686	4.475876489
0.001317	0.76542276	0.09036291	4.660599096
0.001317	0.76542276	0.09100731	4.517208827
0.001317	0.76542276	0.09024075	4.688290713
0.001317	0.76542276	0.0909012	4.540513062
0.001317	0.76542276	0.09108515	4.500189433
0.001317	0.79484922	0.09027606	4.680269667
0.001317	0.79484922	0.09045004	4.64094818
0.001317	0.79484922	0.09049193	4.63153001
0.001317	0.79484922	0.09052975	4.62304332
0.001317	0.79484922	0.09071544	4.581600139
0.001317	0.80164135	0.09063008	4.600604851
0.001317	0.80164135	0.09151687	4.40695309
0.001317	0.80164135	0.09079752	4.563399737
0.001317	0.80164135	0.0910732	4.502798079
0.001317	0.80164135	0.09077466	4.568461432
0.001317	0.73076636	0.09102666	4.512972027
0.001317	0.73076636	0.09057591	4.61270623
0.001317	0.73076636	0.09093764	4.532496464
0.001317	0.73076636	0.09112629	4.491220259
0.001317	0.73076636	0.09125199	4.463926261
0.001317	0.72246665	0.09054615	4.619368046
0.001317	0.72246665	0.09123193	4.46827086
0.001317	0.72246665	0.09064477	4.597328635
0.001317	0.72246665	0.09094692	4.530457177
0.001317	0.72246665	0.09043685	4.643917664
0.001317	0.76714247	0.0908344	4.555245531
0.001317	0.76714247	0.09102041	4.514340068
0.001317	0.76714247	0.09011196	4.717663429
0.001317	0.76714247	0.09003103	4.73621495
0.001317	0.76714247	0.09016281	4.706044314
0.001317	0.71375853	0.08962767	4.829770427
0.001317	0.71375853	0.0906945	4.586254981
0.001317	0.71375853	0.09029835	4.675213321
0.001317	0.71375853	0.09075274	4.573320264
0.001317	0.71375853	0.08999883	4.743616402
0.001317	0.73320806	0.09094568	4.530729615
0.001317	0.73320806	0.08963037	4.829138085
0.001317	0.73320806	0.09058614	4.61041845
0.001317	0.73320806	0.09019029	4.699777109
0.001317	0.73320806	0.09026011	4.68389118
0.001317	0.71068323	0.09025449	4.685167892
0.001317	0.71068323	0.09027856	4.679702286
0.001317	0.71068323	0.09115084	4.485876488
0.001317	0.71068323	0.09069521	4.586097075
0.001317	0.71068323	0.09140568	4.43077991
0.001317	0.72995061	0.09073087	4.578173163
0.001317	0.72995061	0.09042361	4.646900315
0.001317	0.72995061	0.09043747	4.64377804
0.001317	0.72995061	0.09045846	4.639053567
0.001317	0.72995061	0.09045067	4.640806395
0.001317	0.81058866	0.09074016	4.576111106
0.001317	0.81058866	0.0910046	4.517802515
0.001317	0.81058866	0.09000029	4.743280558
0.001317	0.81058866	0.09081756	4.558967063
0.001317	0.81058866	0.0903433	4.665033307
0.001317	0.7674942	0.09027759	4.679922422
0.001317	0.7674942	0.08975776	4.799397144
0.001317	0.7674942	0.09107362	4.502706368
0.001317	0.7674942	0.08995014	4.754830199
0.001317	0.7674942	0.09034382	4.66491567
0.001317	0.83046967	0.0899326	4.758876329
0.001317	0.83046967	0.09021355	4.694478857
0.001317	0.83046967	0.0906405	4.598280705
0.001317	0.83046967	0.09054805	4.618942441
0.001317	0.83046967	0.09065574	4.594883588
0.001317	0.92710537	0.09089779	4.541263969
0.001317	0.92710537	0.0898826	4.770429244
0.001317	0.92710537	0.09034078	4.665603435
0.001317	0.92710537	0.0899139	4.76319384
0.001317	0.92710537	0.08970773	4.811055428
0.001317	0.93566263	0.0901416	4.71088727
0.001317	0.93566263	0.09024066	4.688311175
0.001317	0.93566263	0.08960404	4.835308129
0.001317	0.93566263	0.09009403	4.721767233
0.001317	0.93566263	0.08992875	4.759764908
0.001317	0.96500599	0.08970925	4.810700812
0.001317	0.96500599	0.09067628	4.59030903
0.001317	0.96500599	0.09034511	4.664623853
0.001317	0.96500599	0.09094477	4.530929559
0.001317	0.96500599	0.08995443	4.753841105
0.001317	0.92147034	0.09026775	4.682156137
0.001317	0.92147034	0.09030958	4.672667936
0.001317	0.92147034	0.0900391	4.7343618
0.001317	0.92147034	0.0903025	4.674272523
0.001317	0.92147034	0.08983391	4.781706425
0.001317	0.84030354	0.08979151	4.791548482
0.001317	0.84030354	0.09061897	4.603084194
0.001317	0.84030354	0.09013823	4.711657213
0.001317	0.84030354	0.09015093	4.708756304
0.001317	0.84030354	0.09055986	4.61629785
0.001317	0.96179903	0.09034149	4.665442797
0.001317	0.96179903	0.08977084	4.796353827
0.001317	0.96179903	0.08964488	4.825741247
0.001317	0.96179903	0.08958841	4.838974516
0.001317	0.96179903	0.09067007	4.591691607
0.001317	0.96116656	0.08983443	4.781585846
0.001317	0.96116656	0.08963132	4.828915613
0.001317	0.96116656	0.08959183	4.838172036
0.001317	0.96116656	0.0903663	4.659832977
0.001317	0.96116656	0.09003633	4.734997806
0.001317	0.97371697	0.08928959	4.909606923
0.001317	0.97371697	0.08941524	4.879782142
0.001317	0.97371697	0.08902252	4.973606594
0.001317	0.97371697	0.08956274	4.845002055
0.001317	0.97371697	0.08970369	4.811998088
0.001317	0.88759452	0.08912416	4.949152209
0.001317	0.88759452	0.0899782	4.748364466
0.001317	0.88759452	0.0894854	4.863207585
0.001317	0.88759452	0.09009323	4.72195042
0.001317	0.88759452	0.08965268	4.82391623
0.001317	0.9431507	0.09036658	4.659769704
0.001317	0.9431507	0.08916622	4.939067863
0.001317	0.9431507	0.08953106	4.852451147
0.001317	0.9431507	0.08954922	4.848179687
0.001317	0.9431507	0.08977688	4.794949154
0.001317	1.0377934	0.08970572	4.811524402