Manual Coagulant Pump Control (rpm),Fluoride Pump Control (),Turbidity (),Capture Velocity Pump (),Capture V Flow mL/s (mL/s)
32.51851852,8.34074074,2.86230493,4.02184615,0.3186
32.51851852,8.34074074,2.86230493,4.90153846,0.3186
32.51851852,8.34074074,2.86230493,4.90153846,0.3186
32.51851852,8.34074074,2.86230493,4.90153846,0.3186
32.51851852,8.34074074,2.86230493,4.90153846,0.3186
32.51851852,8.34074074,2.83841491,4.90153846,0.3186
32.51851852,8.34074074,2.83841491,4.90153846,0.3186
32.51851852,8.34074074,2.83841491,4.90153846,0.3186
32.51851852,8.34074074,2.83841491,4.90153846,0.3186
32.51851852,8.34074074,2.83841491,4.90153846,0.3186
32.51851852,8.34074074,3.35382271,4.90153846,0.3186
32.51851852,8.34074074,3.35382271,4.90153846,0.3186
32.51851852,8.34074074,3.35382271,4.90153846,0.3186
32.51851852,8.34074074,3.35382271,4.90153846,0.3186
32.51851852,8.34074074,3.35382271,4.90153846,0.3186
32.51851852,8.34074074,3.06334281,4.90153846,0.3186
32.51851852,8.34074074,3.06334281,4.90153846,0.3186
32.51851852,8.34074074,3.06334281,4.90153846,0.3186
32.51851852,8.34074074,3.06334281,4.90153846,0.3186
32.51851852,8.34074074,3.06334281,4.90153846,0.3186
32.51851852,8.34074074,3.08023763,4.90153846,0.3186
32.51851852,8.34074074,3.08023763,4.90153846,0.3186
32.51851852,8.34074074,3.08023763,4.90153846,0.3186
32.51851852,8.34074074,3.08023763,4.90153846,0.3186
32.51851852,8.34074074,3.08023763,4.90153846,0.3186
32.51851852,8.34074074,2.84954143,4.90153846,0.3186
32.51851852,8.34074074,2.84954143,4.90153846,0.3186
32.51851852,8.34074074,2.84954143,4.90153846,0.3186
32.51851852,8.34074074,2.84954143,4.90153846,0.3186
32.51851852,8.34074074,2.84954143,4.90153846,0.3186
32.51851852,8.34074074,2.33865786,4.90153846,0.3186
32.51851852,8.34074074,2.33865786,4.90153846,0.3186
32.51851852,8.34074074,2.33865786,4.90153846,0.3186
32.51851852,8.34074074,2.33865786,4.90153846,0.3186
32.51851852,8.34074074,2.33865786,4.90153846,0.3186
32.51851852,8.34074074,2.22699428,4.90153846,0.3186
32.51851852,8.34074074,2.22699428,4.90153846,0.3186
32.51851852,8.34074074,2.22699428,4.90153846,0.3186
32.51851852,8.34074074,2.22699428,4.90153846,0.3186
32.51851852,8.34074074,2.22699428,4.90153846,0.3186
32.51851852,8.34074074,1.97853971,4.90153846,0.3186
32.51851852,8.34074074,1.97853971,4.90153846,0.3186
32.51851852,8.34074074,1.97853971,4.90153846,0.3186
32.51851852,8.34074074,1.97853971,4.90153846,0.3186
32.51851852,8.34074074,1.97853971,4.90153846,0.3186
32.51851852,8.34074074,1.80201602,4.90153846,0.3186
32.51851852,8.34074074,1.80201602,4.90153846,0.3186
32.51851852,8.34074074,1.80201602,4.90153846,0.3186
32.51851852,8.34074074,1.80201602,4.90153846,0.3186
32.51851852,8.34074074,1.80201602,4.90153846,0.3186
32.51851852,8.34074074,1.45687771,4.90153846,0.3186
32.51851852,8.34074074,1.45687771,4.90153846,0.3186
32.51851852,8.34074074,1.45687771,4.90153846,0.3186
32.51851852,8.34074074,1.45687771,4.90153846,0.3186
32.51851852,8.34074074,1.45687771,4.90153846,0.3186
32.51851852,8.34074074,1.46423829,4.90153846,0.3186
32.51851852,8.34074074,1.46423829,4.90153846,0.3186
32.51851852,8.34074074,1.46423829,4.90153846,0.3186
32.51851852,8.34074074,1.46423829,4.90153846,0.3186
32.51851852,8.34074074,1.46423829,4.90153846,0.3186
32.51851852,8.34074074,1.6226027,4.90153846,0.3186
32.51851852,8.34074074,1.6226027,4.90153846,0.3186
32.51851852,8.34074074,1.6226027,4.90153846,0.3186
32.51851852,8.34074074,1.6226027,4.90153846,0.3186
32.51851852,8.34074074,1.6226027,4.90153846,0.3186
32.51851852,8.34074074,1.66188419,4.90153846,0.3186
32.51851852,8.34074074,1.66188419,4.90153846,0.3186
32.51851852,8.34074074,1.66188419,4.90153846,0.3186
32.51851852,8.34074074,1.66188419,4.90153846,0.3186
32.51851852,8.34074074,1.66188419,4.90153846,0.3186
32.51851852,8.34074074,1.97063065,4.90153846,0.3186
32.51851852,8.34074074,1.97063065,4.90153846,0.3186
32.51851852,8.34074074,1.97063065,4.90153846,0.3186
32.51851852,8.34074074,1.97063065,4.90153846,0.3186
32.51851852,8.34074074,1.97063065,4.90153846,0.3186
32.51851852,8.34074074,2.72169852,4.90153846,0.3186
32.51851852,8.34074074,2.72169852,4.90153846,0.3186
32.51851852,8.34074074,2.72169852,4.90153846,0.3186
32.51851852,8.34074074,2.72169852,4.90153846,0.3186
32.51851852,8.34074074,2.72169852,4.90153846,0.3186
32.51851852,8.34074074,2.70297313,4.90153846,0.3186
32.51851852,8.34074074,2.70297313,4.90153846,0.3186
32.51851852,8.34074074,2.70297313,4.90153846,0.3186
32.51851852,8.34074074,2.70297313,4.90153846,0.3186
32.51851852,8.34074074,2.70297313,4.90153846,0.3186
32.51851852,8.34074074,1.89405048,4.90153846,0.3186
32.51851852,8.34074074,1.89405048,4.90153846,0.3186
32.51851852,8.34074074,1.89405048,4.90153846,0.3186
32.51851852,8.34074074,1.89405048,4.90153846,0.3186
32.51851852,8.34074074,1.89405048,4.90153846,0.3186
32.51851852,8.34074074,1.3130995,4.90153846,0.3186
32.51851852,8.34074074,1.3130995,4.90153846,0.3186
32.51851852,8.34074074,1.3130995,4.90153846,0.3186
32.51851852,8.34074074,1.3130995,4.90153846,0.3186
32.51851852,8.34074074,1.3130995,4.90153846,0.3186
32.51851852,8.34074074,1.1076107,4.90153846,0.3186
32.51851852,8.34074074,1.1076107,4.90153846,0.3186
32.51851852,8.34074074,1.1076107,4.90153846,0.3186
32.51851852,8.34074074,1.1076107,4.90153846,0.3186
32.51851852,8.34074074,1.1076107,4.90153846,0.3186
32.51851852,8.34074074,1.07982123,4.90153846,0.3186
32.51851852,8.34074074,1.07982123,4.90153846,0.3186
32.51851852,8.34074074,1.07982123,4.90153846,0.3186
32.51851852,8.34074074,1.07982123,4.90153846,0.3186
32.51851852,8.34074074,1.07982123,4.90153846,0.3186
32.51851852,8.34074074,1.14281511,4.90153846,0.3186
32.51851852,8.34074074,1.14281511,4.90153846,0.3186
32.51851852,8.34074074,1.14281511,4.90153846,0.3186
32.51851852,8.34074074,1.14281511,4.90153846,0.3186
32.51851852,8.34074074,1.14281511,4.90153846,0.3186
32.51851852,8.34074074,1.14281511,4.90153846,0.3186
32.51851852,8.34074074,1.41058528,4.90153846,0.3186
32.51851852,8.34074074,1.41058528,4.90153846,0.3186
32.51851852,8.34074074,1.41058528,4.90153846,0.3186
32.51851852,8.34074074,1.41058528,4.90153846,0.3186
32.51851852,8.34074074,1.41058528,4.90153846,0.3186
32.51851852,8.34074074,1.80254602,4.90153846,0.3186
32.51851852,8.34074074,1.80254602,4.90153846,0.3186
32.51851852,8.34074074,1.80254602,4.90153846,0.3186
32.51851852,8.34074074,1.80254602,4.90153846,0.3186
32.51851852,8.34074074,1.80254602,4.90153846,0.3186
32.51851852,8.34074074,1.53704798,4.90153846,0.3186
32.51851852,8.34074074,1.53704798,4.90153846,0.3186
32.51851852,8.34074074,1.53704798,4.90153846,0.3186
32.51851852,8.34074074,1.53704798,4.90153846,0.3186
32.51851852,8.34074074,1.53704798,4.90153846,0.3186
32.51851852,8.34074074,1.23036003,4.90153846,0.3186
32.51851852,8.34074074,1.23036003,4.90153846,0.3186
32.51851852,8.34074074,1.23036003,4.90153846,0.3186
32.51851852,8.34074074,1.23036003,4.90153846,0.3186
32.51851852,8.34074074,1.23036003,4.90153846,0.3186
32.51851852,8.34074074,1.38278139,4.90153846,0.3186
32.51851852,8.34074074,1.38278139,4.90153846,0.3186
32.51851852,8.34074074,1.38278139,4.90153846,0.3186
32.51851852,8.34074074,1.38278139,4.90153846,0.3186
32.51851852,8.34074074,1.38278139,4.90153846,0.3186
32.51851852,8.34074074,1.13110161,4.90153846,0.3186
32.51851852,8.34074074,1.13110161,4.90153846,0.3186
32.51851852,8.34074074,1.13110161,4.90153846,0.3186
32.51851852,8.34074074,1.13110161,4.90153846,0.3186
32.51851852,8.34074074,1.13110161,4.90153846,0.3186
32.51851852,8.34074074,0.82097948,4.90153846,0.3186
32.51851852,8.34074074,0.82097948,4.90153846,0.3186
32.51851852,8.34074074,0.82097948,4.90153846,0.3186
32.51851852,8.34074074,0.82097948,4.90153846,0.3186
32.51851852,8.34074074,0.82097948,4.90153846,0.3186
32.51851852,8.34074074,0.85704184,4.90153846,0.3186
32.51851852,8.34074074,0.85704184,4.90153846,0.3186
32.51851852,8.34074074,0.85704184,4.90153846,0.3186
32.51851852,8.34074074,0.85704184,4.90153846,0.3186
32.51851852,8.34074074,0.85704184,4.90153846,0.3186
32.51851852,8.34074074,0.7009896,4.90153846,0.3186
32.51851852,8.34074074,0.7009896,4.90153846,0.3186
32.51851852,8.34074074,0.7009896,4.90153846,0.3186
32.51851852,8.34074074,0.7009896,4.90153846,0.3186
32.51851852,8.34074074,0.7009896,4.90153846,0.3186
32.51851852,8.34074074,0.58829761,4.90153846,0.3186
32.51851852,8.34074074,0.58829761,4.90153846,0.3186
32.51851852,8.34074074,0.58829761,4.90153846,0.3186
32.51851852,8.34074074,0.58829761,4.90153846,0.3186
32.51851852,8.34074074,0.58829761,4.90153846,0.3186
32.51851852,8.34074074,0.6265558,4.90153846,0.3186
32.51851852,8.34074074,0.6265558,4.90153846,0.3186
32.51851852,8.34074074,0.6265558,4.90153846,0.3186
32.51851852,8.34074074,0.6265558,4.90153846,0.3186
32.51851852,8.34074074,0.6265558,4.90153846,0.3186
32.51851852,8.34074074,0.76013386,4.90153846,0.3186
32.51851852,8.34074074,0.76013386,4.90153846,0.3186
32.51851852,8.34074074,0.76013386,4.90153846,0.3186
32.51851852,8.34074074,0.76013386,4.90153846,0.3186
32.51851852,8.34074074,0.76013386,4.90153846,0.3186
32.51851852,8.34074074,0.58136028,4.90153846,0.3186
32.51851852,8.34074074,0.58136028,4.90153846,0.3186
32.51851852,8.34074074,0.58136028,4.90153846,0.3186
32.51851852,8.34074074,0.58136028,4.90153846,0.3186
32.51851852,8.34074074,0.58136028,4.90153846,0.3186
32.51851852,8.34074074,0.509983,4.90153846,0.3186
32.51851852,8.34074074,0.509983,4.90153846,0.3186
32.51851852,8.34074074,0.509983,4.90153846,0.3186
32.51851852,8.34074074,0.509983,4.90153846,0.3186
32.51851852,8.34074074,0.509983,4.90153846,0.3186
32.51851852,8.34074074,0.69997722,4.90153846,0.3186
32.51851852,8.34074074,0.69997722,4.90153846,0.3186
32.51851852,8.34074074,0.69997722,4.90153846,0.3186
32.51851852,8.34074074,0.69997722,4.90153846,0.3186
32.51851852,8.34074074,0.69997722,4.90153846,0.3186
32.51851852,8.34074074,1.78964388,4.90153846,0.3186
32.51851852,8.34074074,1.78964388,4.90153846,0.3186
32.51851852,8.34074074,1.78964388,4.90153846,0.3186
32.51851852,8.34074074,1.78964388,4.90153846,0.3186
32.51851852,8.34074074,1.78964388,4.90153846,0.3186
32.51851852,8.34074074,1.45785725,4.90153846,0.3186
32.51851852,8.34074074,1.45785725,4.90153846,0.3186
32.51851852,8.34074074,1.45785725,4.90153846,0.3186
32.51851852,8.34074074,1.45785725,4.90153846,0.3186
32.51851852,8.34074074,1.45785725,4.90153846,0.3186
32.51851852,8.34074074,1.03346217,4.90153846,0.3186
32.51851852,8.34074074,1.03346217,4.90153846,0.3186
32.51851852,8.34074074,1.03346217,4.90153846,0.3186
32.51851852,8.34074074,1.03346217,4.90153846,0.3186
32.51851852,8.34074074,1.03346217,4.90153846,0.3186
32.51851852,8.34074074,0.8447274,4.90153846,0.3186
32.51851852,8.34074074,0.8447274,4.90153846,0.3186
32.51851852,8.34074074,0.8447274,4.90153846,0.3186
32.51851852,8.34074074,0.8447274,4.90153846,0.3186
32.51851852,8.34074074,0.8447274,4.90153846,0.3186
32.51851852,8.34074074,0.69877976,4.90153846,0.3186
32.51851852,8.34074074,0.69877976,4.90153846,0.3186
32.51851852,8.34074074,0.69877976,4.90153846,0.3186
32.51851852,8.34074074,0.69877976,4.90153846,0.3186
32.51851852,8.34074074,0.69877976,4.90153846,0.3186
32.51851852,8.34074074,1.00650036,4.90153846,0.3186
32.51851852,8.34074074,1.00650036,4.90153846,0.3186
32.51851852,8.34074074,1.00650036,4.90153846,0.3186
32.51851852,8.34074074,1.00650036,4.90153846,0.3186
32.51851852,8.34074074,1.00650036,4.90153846,0.3186
32.51851852,8.34074074,0.94255608,4.90153846,0.3186
32.51851852,8.34074074,0.94255608,4.90153846,0.3186
32.51851852,8.34074074,0.94255608,4.90153846,0.3186
32.51851852,8.34074074,0.94255608,4.90153846,0.3186
32.51851852,8.34074074,0.94255608,4.90153846,0.3186
32.51851852,8.34074074,0.90912277,4.90153846,0.3186
32.51851852,8.34074074,0.90912277,4.90153846,0.3186
32.51851852,8.34074074,0.90912277,4.90153846,0.3186
32.51851852,8.34074074,0.90912277,4.90153846,0.3186
32.51851852,8.34074074,0.90912277,4.90153846,0.3186
32.51851852,8.34074074,0.71406251,4.90153846,0.3186
32.51851852,8.34074074,0.71406251,4.90153846,0.3186
32.51851852,8.34074074,0.71406251,4.90153846,0.3186
32.51851852,8.34074074,0.71406251,4.90153846,0.3186
32.51851852,8.34074074,0.71406251,4.90153846,0.3186
32.51851852,8.34074074,0.55412197,4.90153846,0.3186
32.51851852,8.34074074,0.55412197,4.90153846,0.3186
32.51851852,8.34074074,0.55412197,4.90153846,0.3186
32.51851852,8.34074074,0.55412197,4.90153846,0.3186
32.51851852,8.34074074,0.55412197,4.90153846,0.3186
32.51851852,8.34074074,0.40192348,4.90153846,0.3186
32.51851852,8.34074074,0.40192348,4.90153846,0.3186
32.51851852,8.34074074,0.40192348,4.90153846,0.3186
32.51851852,8.34074074,0.40192348,4.90153846,0.3186
32.51851852,8.34074074,0.40192348,4.90153846,0.3186
32.51851852,8.34074074,0.6110478,4.90153846,0.3186
32.51851852,8.34074074,0.6110478,4.90153846,0.3186
32.51851852,8.34074074,0.6110478,4.90153846,0.3186
32.51851852,8.34074074,0.6110478,4.90153846,0.3186
32.51851852,8.34074074,0.6110478,4.90153846,0.3186
32.51851852,8.34074074,0.86531824,4.90153846,0.3186
32.51851852,8.34074074,0.86531824,4.90153846,0.3186
32.51851852,8.34074074,0.86531824,4.90153846,0.3186
32.51851852,8.34074074,0.86531824,4.90153846,0.3186
32.51851852,8.34074074,0.86531824,4.90153846,0.3186
32.51851852,8.34074074,0.81121171,4.90153846,0.3186
32.51851852,8.34074074,0.81121171,4.90153846,0.3186
32.51851852,8.34074074,0.81121171,4.90153846,0.3186
32.51851852,8.34074074,0.81121171,4.90153846,0.3186
32.51851852,8.34074074,0.81121171,4.90153846,0.3186
32.51851852,8.34074074,0.98949713,4.90153846,0.3186
32.51851852,8.34074074,0.98949713,4.90153846,0.3186
32.51851852,8.34074074,0.98949713,4.90153846,0.3186
32.51851852,8.34074074,0.98949713,4.90153846,0.3186
32.51851852,8.34074074,0.98949713,4.90153846,0.3186
32.51851852,8.34074074,0.752271,4.90153846,0.3186
32.51851852,8.34074074,0.752271,4.90153846,0.3186
32.51851852,8.34074074,0.752271,4.90153846,0.3186
32.51851852,8.34074074,0.752271,4.90153846,0.3186
32.51851852,8.34074074,0.752271,4.90153846,0.3186
32.51851852,8.34074074,0.62279677,4.90153846,0.3186
32.51851852,8.34074074,0.62279677,4.90153846,0.3186
32.51851852,8.34074074,0.62279677,4.90153846,0.3186
32.51851852,8.34074074,0.62279677,4.90153846,0.3186
32.51851852,8.34074074,0.62279677,4.90153846,0.3186
32.51851852,8.34074074,0.50604856,4.90153846,0.3186
32.51851852,8.34074074,0.50604856,4.90153846,0.3186
32.51851852,8.34074074,0.50604856,4.90153846,0.3186
32.51851852,8.34074074,0.50604856,4.90153846,0.3186
32.51851852,8.34074074,0.50604856,4.90153846,0.3186
32.51851852,8.34074074,0.45284984,4.90153846,0.3186
32.51851852,8.34074074,0.45284984,4.90153846,0.3186
32.51851852,8.34074074,0.45284984,4.90153846,0.3186
32.51851852,8.34074074,0.45284984,4.90153846,0.3186
32.51851852,8.34074074,0.45284984,4.90153846,0.3186
32.51851852,8.34074074,0.47470531,4.90153846,0.3186
32.51851852,8.34074074,0.47470531,4.90153846,0.3186
32.51851852,8.34074074,0.47470531,4.90153846,0.3186
32.51851852,8.34074074,0.47470531,4.90153846,0.3186
32.51851852,8.34074074,0.47470531,4.90153846,0.3186
32.51851852,8.34074074,0.48946539,4.90153846,0.3186
32.51851852,8.34074074,0.48946539,4.90153846,0.3186
32.51851852,8.34074074,0.48946539,4.90153846,0.3186
32.51851852,8.34074074,0.48946539,4.90153846,0.3186
32.51851852,8.34074074,0.48946539,4.90153846,0.3186
32.51851852,8.34074074,0.45371464,4.90153846,0.3186
32.51851852,8.34074074,0.45371464,4.90153846,0.3186
32.51851852,8.34074074,0.45371464,4.90153846,0.3186
32.51851852,8.34074074,0.45371464,4.90153846,0.3186
32.51851852,8.34074074,0.45371464,4.90153846,0.3186
32.51851852,8.34074074,0.37774232,4.90153846,0.3186
32.51851852,8.34074074,0.37774232,4.90153846,0.3186
32.51851852,8.34074074,0.37774232,4.90153846,0.3186
32.51851852,8.34074074,0.37774232,4.90153846,0.3186
32.51851852,8.34074074,0.37774232,4.90153846,0.3186
32.51851852,8.34074074,0.49067572,4.90153846,0.3186
32.51851852,8.34074074,0.49067572,4.90153846,0.3186
32.51851852,8.34074074,0.49067572,4.90153846,0.3186
32.51851852,8.34074074,0.49067572,4.90153846,0.3186
32.51851852,8.34074074,0.49067572,4.90153846,0.3186
32.51851852,8.34074074,0.50505835,4.90153846,0.3186
32.51851852,8.34074074,0.50505835,4.90153846,0.3186
32.51851852,8.34074074,0.50505835,4.90153846,0.3186
32.51851852,8.34074074,0.50505835,4.90153846,0.3186
32.51851852,8.34074074,0.50505835,4.90153846,0.3186
32.51851852,8.34074074,0.50351202,4.90153846,0.3186
32.51851852,8.34074074,0.50351202,4.90153846,0.3186
32.51851852,8.34074074,0.50351202,4.90153846,0.3186
32.51851852,8.34074074,0.50351202,4.90153846,0.3186
32.51851852,8.34074074,0.50351202,4.90153846,0.3186
32.51851852,8.34074074,0.40099397,4.90153846,0.3186
32.51851852,8.34074074,0.40099397,4.90153846,0.3186
32.51851852,8.34074074,0.40099397,4.90153846,0.3186
32.51851852,8.34074074,0.40099397,4.90153846,0.3186
32.51851852,8.34074074,0.40099397,4.90153846,0.3186
32.51851852,8.34074074,0.40547958,4.90153846,0.3186
32.51851852,8.34074074,0.40547958,4.90153846,0.3186
32.51851852,8.34074074,0.40547958,4.90153846,0.3186
32.51851852,8.34074074,0.40547958,4.90153846,0.3186
32.51851852,8.34074074,0.40547958,4.90153846,0.3186
32.51851852,8.34074074,0.67289895,4.90153846,0.3186
32.51851852,8.34074074,0.67289895,4.90153846,0.3186
32.51851852,8.34074074,0.67289895,4.90153846,0.3186
32.51851852,8.34074074,0.67289895,4.90153846,0.3186
32.51851852,8.34074074,0.67289895,4.90153846,0.3186
32.51851852,8.34074074,0.57670122,4.90153846,0.3186
32.51851852,8.34074074,0.57670122,4.90153846,0.3186
32.51851852,8.34074074,0.57670122,4.90153846,0.3186
32.51851852,8.34074074,0.57670122,4.90153846,0.3186
32.51851852,8.34074074,0.57670122,4.90153846,0.3186
32.51851852,8.34074074,0.40064266,4.90153846,0.3186
32.51851852,8.34074074,0.40064266,4.90153846,0.3186
32.51851852,8.34074074,0.40064266,4.90153846,0.3186
32.51851852,8.34074074,0.40064266,4.90153846,0.3186
32.51851852,8.34074074,0.40064266,4.90153846,0.3186
32.51851852,8.34074074,0.33391076,4.90153846,0.3186
32.51851852,8.34074074,0.33391076,4.90153846,0.3186
32.51851852,8.34074074,0.33391076,4.90153846,0.3186
32.51851852,8.34074074,0.33391076,4.90153846,0.3186
32.51851852,8.34074074,0.33391076,4.90153846,0.3186
32.51851852,8.34074074,0.63783473,4.90153846,0.3186
32.51851852,8.34074074,0.63783473,4.90153846,0.3186
32.51851852,8.34074074,0.63783473,4.90153846,0.3186
32.51851852,8.34074074,0.63783473,4.90153846,0.3186
32.51851852,8.34074074,0.63783473,4.90153846,0.3186
32.51851852,8.34074074,0.53775465,4.90153846,0.3186
32.51851852,8.34074074,0.53775465,4.90153846,0.3186
32.51851852,8.34074074,0.53775465,4.90153846,0.3186
32.51851852,8.34074074,0.53775465,4.90153846,0.3186
32.51851852,8.34074074,0.53775465,4.90153846,0.3186
32.51851852,8.34074074,0.39529663,4.90153846,0.3186
32.51851852,8.34074074,0.39529663,4.90153846,0.3186
32.51851852,8.34074074,0.39529663,4.90153846,0.3186
32.51851852,8.34074074,0.39529663,4.90153846,0.3186
32.51851852,8.34074074,0.39529663,4.90153846,0.3186
32.51851852,8.34074074,0.29211566,4.90153846,0.3186
32.51851852,8.34074074,0.29211566,4.90153846,0.3186
32.51851852,8.34074074,0.29211566,4.90153846,0.3186
32.51851852,8.34074074,0.29211566,4.90153846,0.3186
32.51851852,8.34074074,0.29211566,4.90153846,0.3186
32.51851852,8.34074074,0.29211566,4.90153846,0.3186
32.51851852,8.34074074,0.24735905,4.90153846,0.3186
32.51851852,8.34074074,0.24735905,4.90153846,0.3186
32.51851852,8.34074074,0.24735905,4.90153846,0.3186
32.51851852,8.34074074,0.24735905,4.90153846,0.3186
32.51851852,8.34074074,0.24735905,4.90153846,0.3186
32.51851852,8.34074074,0.32586941,4.90153846,0.3186
32.51851852,8.34074074,0.32586941,4.90153846,0.3186
32.51851852,8.34074074,0.32586941,4.90153846,0.3186
32.51851852,8.34074074,0.32586941,4.90153846,0.3186
32.51851852,8.34074074,0.32586941,4.90153846,0.3186
32.51851852,8.34074074,0.28339893,4.90153846,0.3186
32.51851852,8.34074074,0.28339893,4.90153846,0.3186
32.51851852,8.34074074,0.28339893,4.90153846,0.3186
32.51851852,8.34074074,0.28339893,4.90153846,0.3186
32.51851852,8.34074074,0.28339893,4.90153846,0.3186
32.51851852,8.34074074,0.29297909,4.90153846,0.3186
32.51851852,8.34074074,0.29297909,4.90153846,0.3186
32.51851852,8.34074074,0.29297909,4.90153846,0.3186
32.51851852,8.34074074,0.29297909,4.90153846,0.3186
32.51851852,8.34074074,0.29297909,4.90153846,0.3186
32.51851852,8.34074074,0.37009075,4.90153846,0.3186
32.51851852,8.34074074,0.37009075,4.90153846,0.3186
32.51851852,8.34074074,0.37009075,4.90153846,0.3186
32.51851852,8.34074074,0.37009075,4.90153846,0.3186
32.51851852,8.34074074,0.37009075,4.90153846,0.3186
32.51851852,8.34074074,0.31398147,4.90153846,0.3186
32.51851852,8.34074074,0.31398147,4.90153846,0.3186
32.51851852,8.34074074,0.31398147,4.90153846,0.3186
32.51851852,8.34074074,0.31398147,4.90153846,0.3186
32.51851852,8.34074074,0.31398147,4.90153846,0.3186
32.51851852,8.34074074,0.33225369,4.90153846,0.3186
32.51851852,8.34074074,0.33225369,4.90153846,0.3186
32.51851852,8.34074074,0.33225369,4.90153846,0.3186
32.51851852,8.34074074,0.33225369,4.90153846,0.3186
32.51851852,8.34074074,0.33225369,4.90153846,0.3186
32.51851852,8.34074074,0.43762732,4.90153846,0.3186
32.51851852,8.34074074,0.43762732,4.90153846,0.3186
32.51851852,8.34074074,0.43762732,4.90153846,0.3186
32.51851852,8.34074074,0.43762732,4.90153846,0.3186
32.51851852,8.34074074,0.43762732,4.90153846,0.3186
32.51851852,8.34074074,0.48200414,4.90153846,0.3186
32.51851852,8.34074074,0.48200414,4.90153846,0.3186
32.51851852,8.34074074,0.48200414,4.90153846,0.3186
32.51851852,8.34074074,0.48200414,4.90153846,0.3186
32.51851852,8.34074074,0.48200414,4.90153846,0.3186
32.51851852,8.34074074,1.50864172,4.90153846,0.3186
32.51851852,8.34074074,1.50864172,4.90153846,0.3186
32.51851852,8.34074074,1.50864172,4.90153846,0.3186
32.51851852,8.34074074,1.50864172,4.90153846,0.3186
32.51851852,8.34074074,1.50864172,4.90153846,0.3186
32.51851852,8.34074074,2.47773647,4.90153846,0.3186
32.51851852,8.34074074,2.47773647,4.90153846,0.3186
32.51851852,8.34074074,2.47773647,4.90153846,0.3186
32.51851852,8.34074074,2.47773647,4.90153846,0.3186
32.51851852,8.34074074,2.47773647,4.90153846,0.3186
32.51851852,8.34074074,1.62530804,4.90153846,0.3186
32.51851852,8.34074074,1.62530804,4.90153846,0.3186
32.51851852,8.34074074,1.62530804,4.90153846,0.3186
32.51851852,8.34074074,1.62530804,4.90153846,0.3186
32.51851852,8.34074074,1.62530804,4.90153846,0.3186
32.51851852,8.34074074,1.11346197,4.90153846,0.3186
32.51851852,8.34074074,1.11346197,4.90153846,0.3186
32.51851852,8.34074074,1.11346197,4.90153846,0.3186
32.51851852,8.34074074,1.11346197,4.90153846,0.3186
32.51851852,8.34074074,1.11346197,4.90153846,0.3186
32.51851852,8.34074074,0.78888577,4.90153846,0.3186
32.51851852,8.34074074,0.78888577,4.90153846,0.3186
32.51851852,8.34074074,0.78888577,4.90153846,0.3186
32.51851852,8.34074074,0.78888577,4.90153846,0.3186
32.51851852,8.34074074,0.78888577,4.90153846,0.3186
32.51851852,8.34074074,1.43602538,4.90153846,0.3186
32.51851852,8.34074074,1.43602538,4.90153846,0.3186
32.51851852,8.34074074,1.43602538,4.90153846,0.3186
32.51851852,8.34074074,1.43602538,4.90153846,0.3186
32.51851852,8.34074074,1.43602538,4.90153846,0.3186
32.51851852,8.34074074,1.2935214,4.90153846,0.3186
32.51851852,8.34074074,1.2935214,4.90153846,0.3186
32.51851852,8.34074074,1.2935214,4.90153846,0.3186
32.51851852,8.34074074,1.2935214,4.90153846,0.3186
32.51851852,8.34074074,1.2935214,4.90153846,0.3186
32.51851852,8.34074074,0.97766405,4.90153846,0.3186
32.51851852,8.34074074,0.97766405,4.90153846,0.3186
32.51851852,8.34074074,0.97766405,4.90153846,0.3186
32.51851852,8.34074074,0.97766405,4.90153846,0.3186
32.51851852,8.34074074,0.97766405,4.90153846,0.3186
32.51851852,8.34074074,0.68159986,4.90153846,0.3186
32.51851852,8.34074074,0.68159986,4.90153846,0.3186
32.51851852,8.34074074,0.68159986,4.90153846,0.3186
32.51851852,8.34074074,0.68159986,4.90153846,0.3186
32.51851852,8.34074074,0.68159986,4.90153846,0.3186
32.51851852,8.34074074,0.48814127,4.90153846,0.3186
32.51851852,8.34074074,0.48814127,4.90153846,0.3186
32.51851852,8.34074074,0.48814127,4.90153846,0.3186
32.51851852,8.34074074,0.48814127,4.90153846,0.3186
32.51851852,8.34074074,0.48814127,4.90153846,0.3186
32.51851852,8.34074074,0.35886592,4.90153846,0.3186
32.51851852,8.34074074,0.35886592,4.90153846,0.3186
32.51851852,8.34074074,0.35886592,4.90153846,0.3186
32.51851852,8.34074074,0.35886592,4.90153846,0.3186
32.51851852,8.34074074,0.35886592,4.90153846,0.3186
32.51851852,8.34074074,0.3020649,4.90153846,0.3186
32.51851852,8.34074074,0.3020649,4.90153846,0.3186
32.51851852,8.34074074,0.3020649,4.90153846,0.3186
32.51851852,8.34074074,0.3020649,4.90153846,0.3186
32.51851852,8.34074074,0.3020649,4.90153846,0.3186
32.51851852,8.34074074,0.26335713,4.90153846,0.3186
32.51851852,8.34074074,0.26335713,4.90153846,0.3186
32.51851852,8.34074074,0.26335713,4.90153846,0.3186
32.51851852,8.34074074,0.26335713,4.90153846,0.3186
32.51851852,8.34074074,0.26335713,4.90153846,0.3186
32.51851852,8.34074074,0.25813031,4.90153846,0.3186
32.51851852,8.34074074,0.25813031,4.90153846,0.3186
32.51851852,8.34074074,0.25813031,4.90153846,0.3186
32.51851852,8.34074074,0.25813031,4.90153846,0.3186
32.51851852,8.34074074,0.25813031,4.90153846,0.3186
32.51851852,8.34074074,0.54997373,4.90153846,0.3186
32.51851852,8.34074074,0.54997373,4.90153846,0.3186
32.51851852,8.34074074,0.54997373,4.90153846,0.3186
32.51851852,8.34074074,0.54997373,4.90153846,0.3186
32.51851852,8.34074074,0.54997373,4.90153846,0.3186
32.51851852,8.34074074,1.78409505,4.90153846,0.3186
32.51851852,8.34074074,1.78409505,4.90153846,0.3186
32.51851852,8.34074074,1.78409505,4.90153846,0.3186
32.51851852,8.34074074,1.78409505,4.90153846,0.3186
32.51851852,8.34074074,1.78409505,4.90153846,0.3186
32.51851852,8.34074074,1.38246512,4.90153846,0.3186
32.51851852,8.34074074,1.38246512,4.90153846,0.3186
32.51851852,8.34074074,1.38246512,4.90153846,0.3186
32.51851852,8.34074074,1.38246512,4.90153846,0.3186
32.51851852,8.34074074,1.38246512,4.90153846,0.3186
32.51851852,8.34074074,0.99122876,4.90153846,0.3186
32.51851852,8.34074074,0.99122876,4.90153846,0.3186
32.51851852,8.34074074,0.99122876,4.90153846,0.3186
32.51851852,8.34074074,0.99122876,4.90153846,0.3186
32.51851852,8.34074074,0.99122876,4.90153846,0.3186
32.51851852,8.34074074,0.76829797,4.90153846,0.3186
32.51851852,8.34074074,0.76829797,4.90153846,0.3186
32.51851852,8.34074074,0.76829797,4.90153846,0.3186
32.51851852,8.34074074,0.76829797,4.90153846,0.3186
32.51851852,8.34074074,0.76829797,4.90153846,0.3186
32.51851852,8.34074074,0.58280545,4.90153846,0.3186
32.51851852,8.34074074,0.58280545,4.90153846,0.3186
32.51851852,8.34074074,0.58280545,4.90153846,0.3186
32.51851852,8.34074074,0.58280545,4.90153846,0.3186
32.51851852,8.34074074,0.58280545,4.90153846,0.3186
32.51851852,8.34074074,0.55306125,4.90153846,0.3186
32.51851852,8.34074074,0.55306125,4.90153846,0.3186
32.51851852,8.34074074,0.55306125,4.90153846,0.3186
32.51851852,8.34074074,0.55306125,4.90153846,0.3186
32.51851852,8.34074074,0.55306125,4.90153846,0.3186
32.51851852,8.34074074,1.14686465,4.90153846,0.3186
32.51851852,8.34074074,1.14686465,4.90153846,0.3186
32.51851852,8.34074074,1.14686465,4.90153846,0.3186
32.51851852,8.34074074,1.14686465,4.90153846,0.3186
32.51851852,8.34074074,1.14686465,4.90153846,0.3186
32.51851852,8.34074074,0.95999354,4.90153846,0.3186
32.51851852,8.34074074,0.95999354,4.90153846,0.3186
32.51851852,8.34074074,0.95999354,4.90153846,0.3186
32.51851852,8.34074074,0.95999354,4.90153846,0.3186
32.51851852,8.34074074,0.95999354,4.90153846,0.3186
32.51851852,8.34074074,1.16873682,4.90153846,0.3186
32.51851852,8.34074074,1.16873682,4.90153846,0.3186
32.51851852,8.34074074,1.16873682,4.90153846,0.3186
32.51851852,8.34074074,1.16873682,4.90153846,0.3186
32.51851852,8.34074074,1.16873682,4.90153846,0.3186
32.51851852,8.34074074,1.65005481,4.90153846,0.3186
32.51851852,8.34074074,1.65005481,4.90153846,0.3186
32.51851852,8.34074074,1.65005481,4.90153846,0.3186
32.51851852,8.34074074,1.65005481,4.90153846,0.3186
32.51851852,8.34074074,1.65005481,4.90153846,0.3186
32.51851852,8.34074074,1.44692922,4.90153846,0.3186
32.51851852,8.34074074,1.44692922,4.90153846,0.3186
32.51851852,8.34074074,1.44692922,4.90153846,0.3186
32.51851852,8.34074074,1.44692922,4.90153846,0.3186
32.51851852,8.34074074,1.44692922,4.90153846,0.3186
32.51851852,8.34074074,2.43664694,4.90153846,0.3186
32.51851852,8.34074074,2.43664694,4.90153846,0.3186
32.51851852,8.34074074,2.43664694,4.90153846,0.3186
32.51851852,8.34074074,2.43664694,4.90153846,0.3186
32.51851852,8.34074074,2.43664694,4.90153846,0.3186
32.51851852,8.34074074,2.32223964,4.90153846,0.3186
32.51851852,8.34074074,2.32223964,4.90153846,0.3186
32.51851852,8.34074074,2.32223964,4.90153846,0.3186
32.51851852,8.34074074,2.32223964,4.90153846,0.3186
32.51851852,8.34074074,2.32223964,4.90153846,0.3186
32.51851852,8.34074074,1.68180156,4.90153846,0.3186
32.51851852,8.34074074,1.68180156,4.90153846,0.3186
32.51851852,8.34074074,1.68180156,4.90153846,0.3186
32.51851852,8.34074074,1.68180156,4.90153846,0.3186
32.51851852,8.34074074,1.68180156,4.90153846,0.3186
32.51851852,8.34074074,1.48131716,4.90153846,0.3186
32.51851852,8.34074074,1.48131716,4.90153846,0.3186
32.51851852,8.34074074,1.48131716,4.90153846,0.3186
32.51851852,8.34074074,1.48131716,4.90153846,0.3186
32.51851852,8.34074074,1.48131716,4.90153846,0.3186
32.51851852,8.34074074,1.28127337,4.90153846,0.3186
32.51851852,8.34074074,1.28127337,4.90153846,0.3186
32.51851852,8.34074074,1.28127337,4.90153846,0.3186
32.51851852,8.34074074,1.28127337,4.90153846,0.3186
32.51851852,8.34074074,1.28127337,4.90153846,0.3186
32.51851852,8.34074074,1.16463363,4.90153846,0.3186
32.51851852,8.34074074,1.16463363,4.90153846,0.3186
32.51851852,8.34074074,1.16463363,4.90153846,0.3186
32.51851852,8.34074074,1.16463363,4.90153846,0.3186
32.51851852,8.34074074,1.16463363,4.90153846,0.3186
32.51851852,8.34074074,1.18354523,4.90153846,0.3186
32.51851852,8.34074074,1.18354523,4.90153846,0.3186
32.51851852,8.34074074,1.18354523,4.90153846,0.3186
32.51851852,8.34074074,1.18354523,4.90153846,0.3186
32.51851852,8.34074074,1.18354523,4.90153846,0.3186
32.51851852,8.34074074,1.18354523,4.90153846,0.3186
32.51851852,8.34074074,1.19944644,4.90153846,0.3186
32.51851852,8.34074074,1.19944644,4.90153846,0.3186
32.51851852,8.34074074,1.19944644,4.90153846,0.3186
32.51851852,8.34074074,1.19944644,4.90153846,0.3186
32.51851852,8.34074074,1.19944644,4.90153846,0.3186
32.51851852,8.34074074,1.39959538,4.90153846,0.3186
32.51851852,8.34074074,1.39959538,4.90153846,0.3186
32.51851852,8.34074074,1.39959538,4.90153846,0.3186
32.51851852,8.34074074,1.39959538,4.90153846,0.3186
32.51851852,8.34074074,1.39959538,4.90153846,0.3186
32.51851852,8.34074074,1.47201109,4.90153846,0.3186
32.51851852,8.34074074,1.47201109,4.90153846,0.3186
32.51851852,8.34074074,1.47201109,4.90153846,0.3186
32.51851852,8.34074074,1.47201109,4.90153846,0.3186
32.51851852,8.34074074,1.47201109,4.90153846,0.3186
32.51851852,8.34074074,1.48175061,4.90153846,0.3186
32.51851852,8.34074074,1.48175061,4.90153846,0.3186
32.51851852,8.34074074,1.48175061,4.90153846,0.3186
32.51851852,8.34074074,1.48175061,4.90153846,0.3186
32.51851852,8.34074074,1.48175061,4.90153846,0.3186
32.51851852,8.34074074,1.58770216,4.90153846,0.3186
32.51851852,8.34074074,1.58770216,4.90153846,0.3186
32.51851852,8.34074074,1.58770216,4.90153846,0.3186
32.51851852,8.34074074,1.58770216,4.90153846,0.3186
32.51851852,8.34074074,1.58770216,4.90153846,0.3186
32.51851852,8.34074074,1.53218353,4.90153846,0.3186
32.51851852,8.34074074,1.53218353,4.90153846,0.3186
32.51851852,8.34074074,1.53218353,4.90153846,0.3186
32.51851852,8.34074074,1.53218353,4.90153846,0.3186
32.51851852,8.34074074,1.53218353,4.90153846,0.3186
32.51851852,8.34074074,1.66916859,4.90153846,0.3186
32.51851852,8.34074074,1.66916859,4.90153846,0.3186
32.51851852,8.34074074,1.66916859,4.90153846,0.3186
32.51851852,8.34074074,1.66916859,4.90153846,0.3186
32.51851852,8.34074074,1.66916859,4.90153846,0.3186
32.51851852,8.34074074,1.62775552,4.90153846,0.3186
32.51851852,8.34074074,1.62775552,4.90153846,0.3186
32.51851852,8.34074074,1.62775552,4.90153846,0.3186
32.51851852,8.34074074,1.62775552,4.90153846,0.3186
32.51851852,8.34074074,1.62775552,4.90153846,0.3186
32.51851852,8.34074074,1.90640044,4.90153846,0.3186
32.51851852,8.34074074,1.90640044,4.90153846,0.3186
32.51851852,8.34074074,1.90640044,4.90153846,0.3186
32.51851852,8.34074074,1.90640044,4.90153846,0.3186
32.51851852,8.34074074,1.90640044,4.90153846,0.3186
32.51851852,8.34074074,2.53933764,4.90153846,0.3186
32.51851852,8.34074074,2.53933764,4.90153846,0.3186
32.51851852,8.34074074,2.53933764,4.90153846,0.3186
32.51851852,8.34074074,2.53933764,4.90153846,0.3186
32.51851852,8.34074074,2.53933764,4.90153846,0.3186
32.51851852,8.34074074,2.39571071,4.90153846,0.3186
32.51851852,8.34074074,2.39571071,4.90153846,0.3186
32.51851852,8.34074074,2.39571071,4.90153846,0.3186
32.51851852,8.34074074,2.39571071,4.90153846,0.3186
32.51851852,8.34074074,2.39571071,4.90153846,0.3186
32.51851852,8.34074074,2.36989284,4.90153846,0.3186
32.51851852,8.34074074,2.36989284,4.90153846,0.3186
32.51851852,8.34074074,2.36989284,4.90153846,0.3186
32.51851852,8.34074074,2.36989284,4.90153846,0.3186
32.51851852,8.34074074,2.36989284,4.90153846,0.3186
32.51851852,8.34074074,2.63199973,4.90153846,0.3186
32.51851852,8.34074074,2.63199973,4.90153846,0.3186
32.51851852,8.34074074,2.63199973,4.90153846,0.3186
32.51851852,8.34074074,2.63199973,4.90153846,0.3186
32.51851852,8.34074074,2.63199973,4.90153846,0.3186
32.51851852,8.34074074,3.07376122,4.90153846,0.3186
32.51851852,8.34074074,3.07376122,4.90153846,0.3186
32.51851852,8.34074074,3.07376122,4.90153846,0.3186
32.51851852,8.34074074,3.07376122,4.90153846,0.3186
32.51851852,8.34074074,3.07376122,4.90153846,0.3186
32.51851852,8.34074074,2.86728477,4.90153846,0.3186
32.51851852,8.34074074,2.86728477,4.90153846,0.3186
32.51851852,8.34074074,2.86728477,4.90153846,0.3186
32.51851852,8.34074074,2.86728477,4.90153846,0.3186
32.51851852,8.34074074,2.86728477,4.90153846,0.3186
32.51851852,8.34074074,2.82782102,4.90153846,0.3186
32.51851852,8.34074074,2.82782102,4.90153846,0.3186
32.51851852,8.34074074,2.82782102,4.90153846,0.3186
32.51851852,8.34074074,2.82782102,4.90153846,0.3186
32.51851852,8.34074074,2.82782102,4.90153846,0.3186
32.51851852,8.34074074,2.74995947,4.90153846,0.3186
32.51851852,8.34074074,2.74995947,4.90153846,0.3186
32.51851852,8.34074074,2.74995947,4.90153846,0.3186
32.51851852,8.34074074,2.74995947,4.90153846,0.3186
32.51851852,8.34074074,2.74995947,4.90153846,0.3186
32.51851852,8.34074074,2.94598365,4.90153846,0.3186
32.51851852,8.34074074,2.94598365,4.90153846,0.3186
32.51851852,8.34074074,2.94598365,4.90153846,0.3186
32.51851852,8.34074074,2.94598365,4.90153846,0.3186
32.51851852,8.34074074,2.94598365,4.90153846,0.3186
32.51851852,8.34074074,4.51544285,4.90153846,0.3186
32.51851852,8.34074074,4.51544285,4.90153846,0.3186
32.51851852,8.34074074,4.51544285,4.90153846,0.3186
32.51851852,8.34074074,4.51544285,4.90153846,0.3186
32.51851852,8.34074074,4.51544285,4.90153846,0.3186
32.51851852,8.34074074,7.07698154,4.90153846,0.3186
32.51851852,8.34074074,7.07698154,4.90153846,0.3186
32.51851852,8.34074074,7.07698154,4.90153846,0.3186
32.51851852,8.34074074,7.07698154,4.90153846,0.3186
32.51851852,8.34074074,7.07698154,4.90153846,0.3186
32.51851852,8.34074074,6.1883502,4.90153846,0.3186
32.51851852,8.34074074,6.1883502,4.90153846,0.3186
32.51851852,8.34074074,6.1883502,4.90153846,0.3186
32.51851852,8.34074074,6.1883502,4.90153846,0.3186
32.51851852,8.34074074,6.1883502,4.90153846,0.3186
32.51851852,8.34074074,5.18092203,4.90153846,0.3186
32.51851852,8.34074074,5.18092203,4.90153846,0.3186
32.51851852,8.34074074,5.18092203,4.90153846,0.3186
32.51851852,8.34074074,5.18092203,4.90153846,0.3186
32.51851852,8.34074074,5.18092203,4.90153846,0.3186
32.51851852,8.34074074,4.76729727,4.90153846,0.3186
32.51851852,8.34074074,4.76729727,4.90153846,0.3186
32.51851852,8.34074074,4.76729727,4.90153846,0.3186
32.51851852,8.34074074,4.76729727,4.90153846,0.3186
32.51851852,8.34074074,4.76729727,4.90153846,0.3186
32.51851852,8.34074074,4.43947077,4.90153846,0.3186
32.51851852,8.34074074,4.43947077,4.90153846,0.3186
32.51851852,8.34074074,4.43947077,4.90153846,0.3186
32.51851852,8.34074074,4.43947077,4.90153846,0.3186
32.51851852,8.34074074,4.43947077,4.90153846,0.3186
32.51851852,8.34074074,4.27245092,4.90153846,0.3186
32.51851852,8.34074074,4.27245092,4.90153846,0.3186
32.51851852,8.34074074,4.27245092,4.90153846,0.3186
32.51851852,8.34074074,4.27245092,4.90153846,0.3186
32.51851852,8.34074074,4.27245092,4.90153846,0.3186
32.51851852,8.34074074,4.17371273,4.90153846,0.3186
32.51851852,8.34074074,4.17371273,4.90153846,0.3186
32.51851852,8.34074074,4.17371273,4.90153846,0.3186
32.51851852,8.34074074,4.17371273,4.90153846,0.3186
32.51851852,8.34074074,4.17371273,4.90153846,0.3186
32.51851852,8.34074074,4.38330317,4.90153846,0.3186
32.51851852,8.34074074,4.38330317,4.90153846,0.3186
32.51851852,8.34074074,4.38330317,4.90153846,0.3186
32.51851852,8.34074074,4.38330317,4.90153846,0.3186
32.51851852,8.34074074,4.38330317,4.90153846,0.3186
32.51851852,8.34074074,4.42668819,4.90153846,0.3186
32.51851852,8.34074074,4.42668819,4.90153846,0.3186
32.51851852,8.34074074,4.42668819,4.90153846,0.3186
32.51851852,8.34074074,4.42668819,4.90153846,0.3186
32.51851852,8.34074074,4.42668819,4.90153846,0.3186
32.51851852,8.34074074,4.93193674,4.90153846,0.3186
32.51851852,8.34074074,4.93193674,4.90153846,0.3186
32.51851852,8.34074074,4.93193674,4.90153846,0.3186
32.51851852,8.34074074,4.93193674,4.90153846,0.3186
32.51851852,8.34074074,4.93193674,4.90153846,0.3186
32.51851852,8.34074074,5.11920691,4.90153846,0.3186
32.51851852,8.34074074,5.11920691,4.90153846,0.3186
32.51851852,8.34074074,5.11920691,4.90153846,0.3186
32.51851852,8.34074074,5.11920691,4.90153846,0.3186
32.51851852,8.34074074,5.11920691,4.90153846,0.3186
32.51851852,8.34074074,5.11920691,4.90153846,0.3186
32.51851852,8.34074074,5.47186375,4.90153846,0.3186
32.51851852,8.34074074,5.47186375,4.90153846,0.3186
32.51851852,8.34074074,5.47186375,4.90153846,0.3186
32.51851852,8.34074074,5.47186375,4.90153846,0.3186
32.51851852,8.34074074,5.47186375,4.90153846,0.3186
32.51851852,8.34074074,5.95303535,4.90153846,0.3186
32.51851852,8.34074074,5.95303535,4.90153846,0.3186
32.51851852,8.34074074,5.95303535,4.90153846,0.3186
32.51851852,8.34074074,5.95303535,4.90153846,0.3186
32.51851852,8.34074074,5.95303535,4.90153846,0.3186
32.51851852,8.34074074,6.89969683,4.90153846,0.3186
32.51851852,8.34074074,6.89969683,4.90153846,0.3186
32.51851852,8.34074074,6.89969683,4.90153846,0.3186
32.51851852,8.34074074,6.89969683,4.90153846,0.3186
32.51851852,8.34074074,6.89969683,4.90153846,0.3186
32.51851852,8.34074074,7.40918064,4.90153846,0.3186
32.51851852,8.34074074,7.40918064,4.90153846,0.3186
32.51851852,8.34074074,7.40918064,4.90153846,0.3186
32.51851852,8.34074074,7.40918064,4.90153846,0.3186
32.51851852,8.34074074,7.40918064,4.90153846,0.3186
32.51851852,8.34074074,7.54731178,4.90153846,0.3186
32.51851852,8.34074074,7.54731178,4.90153846,0.3186
32.51851852,8.34074074,7.54731178,4.90153846,0.3186
32.51851852,8.34074074,7.54731178,4.90153846,0.3186
32.51851852,8.34074074,7.54731178,4.90153846,0.3186
32.51851852,8.34074074,7.67524004,4.90153846,0.3186
32.51851852,8.34074074,7.67524004,4.90153846,0.3186
32.51851852,8.34074074,7.67524004,4.90153846,0.3186
32.51851852,8.34074074,7.67524004,4.90153846,0.3186
32.51851852,8.34074074,7.67524004,4.90153846,0.3186
32.51851852,8.34074074,7.61885309,4.90153846,0.3186
32.51851852,8.34074074,7.61885309,4.90153846,0.3186
32.51851852,8.34074074,7.61885309,4.90153846,0.3186
32.51851852,8.34074074,7.61885309,4.90153846,0.3186
32.51851852,8.34074074,7.61885309,4.90153846,0.3186
32.51851852,8.34074074,7.62738943,4.90153846,0.3186
32.51851852,8.34074074,7.62738943,4.90153846,0.3186
32.51851852,8.34074074,7.62738943,4.90153846,0.3186
32.51851852,8.34074074,7.62738943,4.90153846,0.3186
32.51851852,8.34074074,7.62738943,4.90153846,0.3186
32.51851852,8.34074074,7.65054893,4.90153846,0.3186
32.51851852,8.34074074,7.65054893,4.90153846,0.3186
32.51851852,8.34074074,7.65054893,4.90153846,0.3186
32.51851852,8.34074074,7.65054893,4.90153846,0.3186
32.51851852,8.34074074,7.65054893,4.90153846,0.3186
32.51851852,8.34074074,7.59746218,4.90153846,0.3186
32.51851852,8.34074074,7.59746218,4.90153846,0.3186
32.51851852,8.34074074,7.59746218,4.90153846,0.3186
32.51851852,8.34074074,7.59746218,4.90153846,0.3186
32.51851852,8.34074074,7.59746218,4.90153846,0.3186
32.51851852,8.34074074,7.72528315,4.90153846,0.3186
32.51851852,8.34074074,7.72528315,4.90153846,0.3186
32.51851852,8.34074074,7.72528315,4.90153846,0.3186
32.51851852,8.34074074,7.72528315,4.90153846,0.3186
32.51851852,8.34074074,7.72528315,4.90153846,0.3186
32.51851852,8.34074074,7.86028194,4.90153846,0.3186
32.51851852,8.34074074,7.86028194,4.90153846,0.3186
32.51851852,8.34074074,7.86028194,4.90153846,0.3186
32.51851852,8.34074074,7.86028194,4.90153846,0.3186
32.51851852,8.34074074,7.86028194,4.90153846,0.3186
32.51851852,8.34074074,7.68848801,4.90153846,0.3186
32.51851852,8.34074074,7.68848801,4.90153846,0.3186
32.51851852,8.34074074,7.68848801,4.90153846,0.3186
32.51851852,8.34074074,7.68848801,4.90153846,0.3186
32.51851852,8.34074074,7.68848801,4.90153846,0.3186
32.51851852,8.34074074,7.2609148,4.90153846,0.3186
32.51851852,8.34074074,7.2609148,4.90153846,0.3186
32.51851852,8.34074074,7.2609148,4.90153846,0.3186
32.51851852,8.34074074,7.2609148,4.90153846,0.3186
32.51851852,8.34074074,7.2609148,4.90153846,0.3186
32.51851852,8.34074074,7.17876863,4.90153846,0.3186
32.51851852,8.34074074,7.17876863,4.90153846,0.3186
32.51851852,8.34074074,7.17876863,4.90153846,0.3186
32.51851852,8.34074074,7.17876863,4.90153846,0.3186
32.51851852,8.34074074,7.17876863,4.90153846,0.3186
32.51851852,8.34074074,7.05815411,4.90153846,0.3186
32.51851852,8.34074074,7.05815411,4.90153846,0.3186
32.51851852,8.34074074,7.05815411,4.90153846,0.3186
32.51851852,8.34074074,7.05815411,4.90153846,0.3186
32.51851852,8.34074074,7.05815411,4.90153846,0.3186
32.51851852,8.34074074,6.74348545,4.90153846,0.3186
32.51851852,8.34074074,6.74348545,4.90153846,0.3186
32.51851852,8.34074074,6.74348545,4.90153846,0.3186
32.51851852,8.34074074,6.74348545,4.90153846,0.3186
32.51851852,8.34074074,6.74348545,4.90153846,0.3186
32.51851852,8.34074074,6.38519669,4.90153846,0.3186
32.51851852,8.34074074,6.38519669,4.90153846,0.3186
32.51851852,8.34074074,6.38519669,4.90153846,0.3186
32.51851852,8.34074074,6.38519669,4.90153846,0.3186
32.51851852,8.34074074,6.38519669,4.90153846,0.3186
32.51851852,8.34074074,6.13438368,4.90153846,0.3186
32.51851852,8.34074074,6.13438368,4.90153846,0.3186
32.51851852,8.34074074,6.13438368,4.90153846,0.3186
32.51851852,8.34074074,6.13438368,4.90153846,0.3186
32.51851852,8.34074074,6.13438368,4.90153846,0.3186
32.51851852,8.34074074,6.29515791,4.90153846,0.3186
32.51851852,8.34074074,6.29515791,4.90153846,0.3186
32.51851852,8.34074074,6.29515791,4.90153846,0.3186
32.51851852,8.34074074,6.29515791,4.90153846,0.3186
32.51851852,8.34074074,6.29515791,4.90153846,0.3186
32.51851852,8.34074074,6.17115688,4.90153846,0.3186
32.51851852,8.34074074,6.17115688,4.90153846,0.3186
32.51851852,8.34074074,6.17115688,4.90153846,0.3186
32.51851852,8.34074074,6.17115688,4.90153846,0.3186
32.51851852,8.34074074,6.17115688,4.90153846,0.3186
32.51851852,8.34074074,6.14575577,4.90153846,0.3186
32.51851852,8.34074074,6.14575577,4.90153846,0.3186
32.51851852,8.34074074,6.14575577,4.90153846,0.3186
32.51851852,8.34074074,6.14575577,4.90153846,0.3186
32.51851852,8.34074074,6.14575577,4.90153846,0.3186
32.51851852,8.34074074,5.94020939,4.90153846,0.3186
32.51851852,8.34074074,5.94020939,4.90153846,0.3186
32.51851852,8.34074074,5.94020939,4.90153846,0.3186
32.51851852,8.34074074,5.94020939,4.90153846,0.3186
32.51851852,8.34074074,5.94020939,4.90153846,0.3186
32.51851852,8.34074074,5.76017952,4.90153846,0.3186
32.51851852,8.34074074,5.76017952,4.90153846,0.3186
32.51851852,8.34074074,5.76017952,4.90153846,0.3186
32.51851852,8.34074074,5.76017952,4.90153846,0.3186
32.51851852,8.34074074,5.76017952,4.90153846,0.3186
32.51851852,8.34074074,5.72348547,4.90153846,0.3186
32.51851852,8.34074074,5.72348547,4.90153846,0.3186
32.51851852,8.34074074,5.72348547,4.90153846,0.3186
32.51851852,8.34074074,5.72348547,4.90153846,0.3186
32.51851852,8.34074074,5.72348547,4.90153846,0.3186
32.51851852,8.34074074,5.88183737,4.90153846,0.3186
32.51851852,8.34074074,5.88183737,4.90153846,0.3186
32.51851852,8.34074074,5.88183737,4.90153846,0.3186
32.51851852,8.34074074,5.88183737,4.90153846,0.3186
32.51851852,8.34074074,5.88183737,4.90153846,0.3186
32.51851852,8.34074074,5.77923632,4.90153846,0.3186
32.51851852,8.34074074,5.77923632,4.90153846,0.3186
32.51851852,8.34074074,5.77923632,4.90153846,0.3186
32.51851852,8.34074074,5.77923632,4.90153846,0.3186
32.51851852,8.34074074,5.77923632,4.90153846,0.3186
32.51851852,8.34074074,5.61663532,4.90153846,0.3186
32.51851852,8.34074074,5.61663532,4.90153846,0.3186
32.51851852,8.34074074,5.61663532,4.90153846,0.3186
32.51851852,8.34074074,5.61663532,4.90153846,0.3186
32.51851852,8.34074074,5.61663532,4.90153846,0.3186
32.51851852,8.34074074,5.49209452,4.90153846,0.3186
32.51851852,8.34074074,5.49209452,4.90153846,0.3186
32.51851852,8.34074074,5.49209452,4.90153846,0.3186
32.51851852,8.34074074,5.49209452,4.90153846,0.3186
32.51851852,8.34074074,5.49209452,4.90153846,0.3186
32.51851852,8.34074074,5.52001572,4.90153846,0.3186
32.51851852,8.34074074,5.52001572,4.90153846,0.3186
32.51851852,8.34074074,5.52001572,4.90153846,0.3186
32.51851852,8.34074074,5.52001572,4.90153846,0.3186
32.51851852,8.34074074,5.52001572,4.90153846,0.3186
32.51851852,8.34074074,5.49736404,4.90153846,0.3186
32.51851852,8.34074074,5.49736404,4.90153846,0.3186
32.51851852,8.34074074,5.49736404,4.90153846,0.3186
32.51851852,8.34074074,5.49736404,4.90153846,0.3186
32.51851852,8.34074074,5.49736404,4.90153846,0.3186
32.51851852,8.34074074,5.38937521,4.90153846,0.3186
32.51851852,8.34074074,5.38937521,4.90153846,0.3186
32.51851852,8.34074074,5.38937521,4.90153846,0.3186
32.51851852,8.34074074,5.38937521,4.90153846,0.3186
32.51851852,8.34074074,5.38937521,4.90153846,0.3186
32.51851852,8.34074074,5.37569332,4.90153846,0.3186
32.51851852,8.34074074,5.37569332,4.90153846,0.3186
32.51851852,8.34074074,5.37569332,4.90153846,0.3186
32.51851852,8.34074074,5.37569332,4.90153846,0.3186
32.51851852,8.34074074,5.37569332,4.90153846,0.3186
32.51851852,8.34074074,5.4296279,4.90153846,0.3186
32.51851852,8.34074074,5.4296279,4.90153846,0.3186
32.51851852,8.34074074,5.4296279,4.90153846,0.3186
32.51851852,8.34074074,5.4296279,4.90153846,0.3186
32.51851852,8.34074074,5.4296279,4.90153846,0.3186
32.51851852,8.34074074,5.52435827,4.90153846,0.3186
32.51851852,8.34074074,5.52435827,4.90153846,0.3186
32.51851852,8.34074074,5.52435827,4.90153846,0.3186
32.51851852,8.34074074,5.52435827,4.90153846,0.3186
32.51851852,8.34074074,5.52435827,4.90153846,0.3186
32.51851852,8.34074074,5.37928534,4.90153846,0.3186
32.51851852,8.34074074,5.37928534,4.90153846,0.3186
32.51851852,8.34074074,5.37928534,4.90153846,0.3186
32.51851852,8.34074074,5.37928534,4.90153846,0.3186
32.51851852,8.34074074,5.37928534,4.90153846,0.3186
32.51851852,8.34074074,5.27705479,4.90153846,0.3186
32.51851852,8.34074074,5.27705479,4.90153846,0.3186
32.51851852,8.34074074,5.27705479,4.90153846,0.3186
32.51851852,8.34074074,5.27705479,4.90153846,0.3186
32.51851852,8.34074074,5.27705479,4.90153846,0.3186
32.51851852,8.34074074,5.19551086,4.90153846,0.3186
32.51851852,8.34074074,5.19551086,4.90153846,0.3186
32.51851852,8.34074074,5.19551086,4.90153846,0.3186
32.51851852,8.34074074,5.19551086,4.90153846,0.3186
32.51851852,8.34074074,5.19551086,4.90153846,0.3186
32.51851852,8.34074074,5.30332804,4.90153846,0.3186
32.51851852,8.34074074,5.30332804,4.90153846,0.3186
32.51851852,8.34074074,5.30332804,4.90153846,0.3186
32.51851852,8.34074074,5.30332804,4.90153846,0.3186
32.51851852,8.34074074,5.30332804,4.90153846,0.3186
32.51851852,8.34074074,5.18841696,4.90153846,0.3186
32.51851852,8.34074074,5.18841696,4.90153846,0.3186
32.51851852,8.34074074,5.18841696,4.90153846,0.3186
32.51851852,8.34074074,5.18841696,4.90153846,0.3186
32.51851852,8.34074074,5.18841696,4.90153846,0.3186
32.51851852,8.34074074,5.11582851,4.90153846,0.3186
32.51851852,8.34074074,5.11582851,4.90153846,0.3186
32.51851852,8.34074074,5.11582851,4.90153846,0.3186
32.51851852,8.34074074,5.11582851,4.90153846,0.3186
32.51851852,8.34074074,5.11582851,4.90153846,0.3186
32.51851852,8.34074074,5.10681391,4.90153846,0.3186
32.51851852,8.34074074,5.10681391,4.90153846,0.3186
32.51851852,8.34074074,5.10681391,4.90153846,0.3186
32.51851852,8.34074074,5.10681391,4.90153846,0.3186
32.51851852,8.34074074,5.10681391,4.90153846,0.3186
32.51851852,8.34074074,5.028862,4.90153846,0.3186
32.51851852,8.34074074,5.028862,4.90153846,0.3186
32.51851852,8.34074074,5.028862,4.90153846,0.3186
32.51851852,8.34074074,5.028862,4.90153846,0.3186
32.51851852,8.34074074,5.028862,4.90153846,0.3186
32.51851852,8.34074074,4.98384142,4.90153846,0.3186
32.51851852,8.34074074,4.98384142,4.90153846,0.3186
32.51851852,8.34074074,4.98384142,4.90153846,0.3186
32.51851852,8.34074074,4.98384142,4.90153846,0.3186
32.51851852,8.34074074,4.98384142,4.90153846,0.3186
32.51851852,8.34074074,4.90648174,4.90153846,0.3186
32.51851852,8.34074074,4.90648174,4.90153846,0.3186
32.51851852,8.34074074,4.90648174,4.90153846,0.3186
32.51851852,8.34074074,4.90648174,4.90153846,0.3186
32.51851852,8.34074074,4.90648174,4.90153846,0.3186
32.51851852,8.34074074,4.83014154,4.90153846,0.3186
32.51851852,8.34074074,4.83014154,4.90153846,0.3186
32.51851852,8.34074074,4.83014154,4.90153846,0.3186
32.51851852,8.34074074,4.83014154,4.90153846,0.3186
32.51851852,8.34074074,4.83014154,4.90153846,0.3186
32.51851852,8.34074074,4.86297274,4.90153846,0.3186
32.51851852,8.34074074,4.86297274,4.90153846,0.3186
32.51851852,8.34074074,4.86297274,4.90153846,0.3186
32.51851852,8.34074074,4.86297274,4.90153846,0.3186
32.51851852,8.34074074,4.86297274,4.90153846,0.3186
32.51851852,8.34074074,4.93602753,4.90153846,0.3186
32.51851852,8.34074074,4.93602753,4.90153846,0.3186
32.51851852,8.34074074,4.93602753,4.90153846,0.3186
32.51851852,8.34074074,4.93602753,4.90153846,0.3186
32.51851852,8.34074074,4.93602753,4.90153846,0.3186
32.51851852,8.34074074,4.89536476,4.90153846,0.3186
32.51851852,8.34074074,4.89536476,4.90153846,0.3186
32.51851852,8.34074074,4.89536476,4.90153846,0.3186
32.51851852,8.34074074,4.89536476,4.90153846,0.3186
32.51851852,8.34074074,4.89536476,4.90153846,0.3186
32.51851852,8.34074074,4.78855371,4.90153846,0.3186
32.51851852,8.34074074,4.78855371,4.90153846,0.3186
32.51851852,8.34074074,4.78855371,4.90153846,0.3186
32.51851852,8.34074074,4.78855371,4.90153846,0.3186
32.51851852,8.34074074,4.78855371,4.90153846,0.3186
32.51851852,8.34074074,4.74527931,4.90153846,0.3186
32.51851852,8.34074074,4.74527931,4.90153846,0.3186
32.51851852,8.34074074,4.74527931,4.90153846,0.3186
32.51851852,8.34074074,4.74527931,4.90153846,0.3186
32.51851852,8.34074074,4.74527931,4.90153846,0.3186
32.51851852,8.34074074,4.75882578,4.90153846,0.3186
32.51851852,8.34074074,4.75882578,4.90153846,0.3186
32.51851852,8.34074074,4.75882578,4.90153846,0.3186
32.51851852,8.34074074,4.75882578,4.90153846,0.3186
32.51851852,8.34074074,4.75882578,4.90153846,0.3186
32.51851852,8.34074074,4.82419825,4.90153846,0.3186
32.51851852,8.34074074,4.82419825,4.90153846,0.3186
32.51851852,8.34074074,4.82419825,4.90153846,0.3186
32.51851852,8.34074074,4.82419825,4.90153846,0.3186
32.51851852,8.34074074,4.82419825,4.90153846,0.3186
32.51851852,8.34074074,4.82637787,4.90153846,0.3186
32.51851852,8.34074074,4.82637787,4.90153846,0.3186
32.51851852,8.34074074,4.82637787,4.90153846,0.3186
32.51851852,8.34074074,4.82637787,4.90153846,0.3186
32.51851852,8.34074074,4.82637787,4.90153846,0.3186
32.51851852,8.34074074,4.90645981,4.90153846,0.3186
32.51851852,8.34074074,4.90645981,4.90153846,0.3186
32.51851852,8.34074074,4.90645981,4.90153846,0.3186
32.51851852,8.34074074,4.90645981,4.90153846,0.3186
32.51851852,8.34074074,4.90645981,4.90153846,0.3186
32.51851852,8.34074074,4.9528017,4.90153846,0.3186
32.51851852,8.34074074,4.9528017,4.90153846,0.3186
32.51851852,8.34074074,4.9528017,4.90153846,0.3186
32.51851852,8.34074074,4.9528017,4.90153846,0.3186
32.51851852,8.34074074,4.9528017,4.90153846,0.3186
32.51851852,8.34074074,4.83315563,4.90153846,0.3186
32.51851852,8.34074074,4.83315563,4.90153846,0.3186
32.51851852,8.34074074,4.83315563,4.90153846,0.3186
32.51851852,8.34074074,4.83315563,4.90153846,0.3186
32.51851852,8.34074074,4.83315563,4.90153846,0.3186
32.51851852,8.34074074,4.81255627,4.90153846,0.3186
32.51851852,8.34074074,4.81255627,4.90153846,0.3186
32.51851852,8.34074074,4.81255627,4.90153846,0.3186
32.51851852,8.34074074,4.81255627,4.90153846,0.3186
32.51851852,8.34074074,4.81255627,4.90153846,0.3186
32.51851852,8.34074074,4.59952688,4.90153846,0.3186
32.51851852,8.34074074,4.59952688,4.90153846,0.3186
32.51851852,8.34074074,4.59952688,4.90153846,0.3186
32.51851852,8.34074074,4.59952688,4.90153846,0.3186
32.51851852,8.34074074,4.59952688,4.90153846,0.3186
32.51851852,8.34074074,4.62416506,4.90153846,0.3186
32.51851852,8.34074074,4.62416506,4.90153846,0.3186
32.51851852,8.34074074,4.62416506,4.90153846,0.3186
32.51851852,8.34074074,4.62416506,4.90153846,0.3186
32.51851852,8.34074074,4.62416506,4.90153846,0.3186
32.51851852,8.34074074,4.84419155,4.90153846,0.3186
32.51851852,8.34074074,4.84419155,4.90153846,0.3186
32.51851852,8.34074074,4.84419155,4.90153846,0.3186
32.51851852,8.34074074,4.84419155,4.90153846,0.3186
32.51851852,8.34074074,4.84419155,4.90153846,0.3186
32.51851852,8.34074074,4.78614855,4.90153846,0.3186
32.51851852,8.34074074,4.78614855,4.90153846,0.3186
32.51851852,8.34074074,4.78614855,4.90153846,0.3186
32.51851852,8.34074074,4.78614855,4.90153846,0.3186
32.51851852,8.34074074,4.78614855,4.90153846,0.3186
32.51851852,8.34074074,4.56604242,4.90153846,0.3186
32.51851852,8.34074074,4.56604242,4.90153846,0.3186
32.51851852,8.34074074,4.56604242,4.90153846,0.3186
32.51851852,8.34074074,4.56604242,4.90153846,0.3186
32.51851852,8.34074074,4.56604242,4.90153846,0.3186
32.51851852,8.34074074,4.50730419,4.90153846,0.3186
32.51851852,8.34074074,4.50730419,4.90153846,0.3186
32.51851852,8.34074074,4.50730419,4.90153846,0.3186
32.51851852,8.34074074,4.50730419,4.90153846,0.3186
32.51851852,8.34074074,4.50730419,4.90153846,0.3186
32.51851852,8.34074074,4.50244951,4.90153846,0.3186
32.51851852,8.34074074,4.50244951,4.90153846,0.3186
32.51851852,8.34074074,4.50244951,4.90153846,0.3186
32.51851852,8.34074074,4.50244951,4.90153846,0.3186
32.51851852,8.34074074,4.50244951,4.90153846,0.3186
32.51851852,8.34074074,4.45601463,4.90153846,0.3186
32.51851852,8.34074074,4.45601463,4.90153846,0.3186
32.51851852,8.34074074,4.45601463,4.90153846,0.3186
32.51851852,8.34074074,4.45601463,4.90153846,0.3186
32.51851852,8.34074074,4.45601463,4.90153846,0.3186
32.51851852,8.34074074,4.32935953,4.90153846,0.3186
32.51851852,8.34074074,4.32935953,4.90153846,0.3186
32.51851852,8.34074074,4.32935953,4.90153846,0.3186
32.51851852,8.34074074,4.32935953,4.90153846,0.3186
32.51851852,8.34074074,4.32935953,4.90153846,0.3186
32.51851852,8.34074074,4.27745676,4.90153846,0.3186
32.51851852,8.34074074,4.27745676,4.90153846,0.3186
32.51851852,8.34074074,4.27745676,4.90153846,0.3186
32.51851852,8.34074074,4.27745676,4.90153846,0.3186
32.51851852,8.34074074,4.27745676,4.90153846,0.3186
32.51851852,8.34074074,4.23188734,4.90153846,0.3186
32.51851852,8.34074074,4.23188734,4.90153846,0.3186
32.51851852,8.34074074,4.23188734,4.90153846,0.3186
32.51851852,8.34074074,4.23188734,4.90153846,0.3186
32.51851852,8.34074074,4.23188734,4.90153846,0.3186
32.51851852,8.34074074,4.16434526,4.90153846,0.3186
32.51851852,8.34074074,4.16434526,4.90153846,0.3186
32.51851852,8.34074074,4.16434526,4.90153846,0.3186
32.51851852,8.34074074,4.16434526,4.90153846,0.3186
32.51851852,8.34074074,4.16434526,4.90153846,0.3186
32.51851852,8.34074074,4.16434526,4.90153846,0.3186
32.51851852,8.34074074,4.0793705,4.90153846,0.3186
32.51851852,8.34074074,4.0793705,4.90153846,0.3186
32.51851852,8.34074074,4.0793705,4.90153846,0.3186
32.51851852,8.34074074,4.0793705,4.90153846,0.3186
32.51851852,8.34074074,4.0793705,4.90153846,0.3186
32.51851852,8.34074074,4.0812149,4.90153846,0.3186
32.51851852,8.34074074,4.0812149,4.90153846,0.3186
32.51851852,8.34074074,4.0812149,4.90153846,0.3186
32.51851852,8.34074074,4.0812149,4.90153846,0.3186
32.51851852,8.34074074,4.0812149,4.90153846,0.3186
32.51851852,8.34074074,3.94756031,4.90153846,0.3186
32.51851852,8.34074074,3.94756031,4.90153846,0.3186
32.51851852,8.34074074,3.94756031,4.90153846,0.3186
32.51851852,8.34074074,3.94756031,4.90153846,0.3186
32.51851852,8.34074074,3.94756031,4.90153846,0.3186
32.51851852,8.34074074,3.96753001,4.90153846,0.3186
32.51851852,8.34074074,3.96753001,4.90153846,0.3186
32.51851852,8.34074074,3.96753001,4.90153846,0.3186
32.51851852,8.34074074,3.96753001,4.90153846,0.3186
32.51851852,8.34074074,3.96753001,4.90153846,0.3186
32.51851852,8.34074074,3.93606853,4.90153846,0.3186
32.51851852,8.34074074,3.93606853,4.90153846,0.3186
32.51851852,8.34074074,3.93606853,4.90153846,0.3186
32.51851852,8.34074074,3.93606853,4.90153846,0.3186
32.51851852,8.34074074,3.93606853,4.90153846,0.3186
32.51851852,8.34074074,3.83705783,4.90153846,0.3186
32.51851852,8.34074074,3.83705783,4.90153846,0.3186
32.51851852,8.34074074,3.83705783,4.90153846,0.3186
32.51851852,8.34074074,3.83705783,4.90153846,0.3186
32.51851852,8.34074074,3.83705783,4.90153846,0.3186
32.51851852,8.34074074,3.82187128,4.90153846,0.3186
32.51851852,8.34074074,3.82187128,4.90153846,0.3186
32.51851852,8.34074074,3.82187128,4.90153846,0.3186
32.51851852,8.34074074,3.82187128,4.90153846,0.3186
32.51851852,8.34074074,3.82187128,4.90153846,0.3186
32.51851852,8.34074074,3.81760478,4.90153846,0.3186
32.51851852,8.34074074,3.81760478,4.90153846,0.3186
32.51851852,8.34074074,3.81760478,4.90153846,0.3186
32.51851852,8.34074074,3.81760478,4.90153846,0.3186
32.51851852,8.34074074,3.81760478,4.90153846,0.3186
32.51851852,8.34074074,3.88987398,4.90153846,0.3186
32.51851852,8.34074074,3.88987398,4.90153846,0.3186
32.51851852,8.34074074,3.88987398,4.90153846,0.3186
32.51851852,8.34074074,3.88987398,4.90153846,0.3186
32.51851852,8.34074074,3.88987398,4.90153846,0.3186
32.51851852,8.34074074,3.87974095,4.90153846,0.3186
32.51851852,8.34074074,3.87974095,4.90153846,0.3186
32.51851852,8.34074074,3.87974095,4.90153846,0.3186
32.51851852,8.34074074,3.87974095,4.90153846,0.3186
32.51851852,8.34074074,3.87974095,4.90153846,0.3186
32.51851852,8.34074074,3.80882239,4.90153846,0.3186
32.51851852,8.34074074,3.80882239,4.90153846,0.3186
32.51851852,8.34074074,3.80882239,4.90153846,0.3186
32.51851852,8.34074074,3.80882239,4.90153846,0.3186
32.51851852,8.34074074,3.80882239,4.90153846,0.3186
32.51851852,8.34074074,3.76896739,4.90153846,0.3186
32.51851852,8.34074074,3.76896739,4.90153846,0.3186
32.51851852,8.34074074,3.76896739,4.90153846,0.3186
32.51851852,8.34074074,3.76896739,4.90153846,0.3186
32.51851852,8.34074074,3.76896739,4.90153846,0.3186
32.51851852,8.34074074,3.8278935,4.90153846,0.3186
32.51851852,8.34074074,3.8278935,4.90153846,0.3186
32.51851852,8.34074074,3.8278935,4.90153846,0.3186
32.51851852,8.34074074,3.8278935,4.90153846,0.3186
32.51851852,8.34074074,3.8278935,4.90153846,0.3186
32.51851852,8.34074074,3.83791542,4.90153846,0.3186
32.51851852,8.34074074,3.83791542,4.90153846,0.3186
32.51851852,8.34074074,3.83791542,4.90153846,0.3186
32.51851852,8.34074074,3.83791542,4.90153846,0.3186
32.51851852,8.34074074,3.83791542,4.90153846,0.3186
32.51851852,8.34074074,3.75846148,4.90153846,0.3186
32.51851852,8.34074074,3.75846148,4.90153846,0.3186
32.51851852,8.34074074,3.75846148,4.90153846,0.3186
32.51851852,8.34074074,3.75846148,4.90153846,0.3186
32.51851852,8.34074074,3.75846148,4.90153846,0.3186
32.51851852,8.34074074,3.68444848,4.90153846,0.3186
32.51851852,8.34074074,3.68444848,4.90153846,0.3186
32.51851852,8.34074074,3.68444848,4.90153846,0.3186
32.51851852,8.34074074,3.68444848,4.90153846,0.3186
32.51851852,8.34074074,3.68444848,4.90153846,0.3186
32.51851852,8.34074074,3.69981837,4.90153846,0.3186
32.51851852,8.34074074,3.69981837,4.90153846,0.3186
32.51851852,8.34074074,3.69981837,4.90153846,0.3186
32.51851852,8.34074074,3.69981837,4.90153846,0.3186
32.51851852,8.34074074,3.69981837,4.90153846,0.3186
32.51851852,8.34074074,3.86121178,4.90153846,0.3186
32.51851852,8.34074074,3.86121178,4.90153846,0.3186
32.51851852,8.34074074,3.86121178,4.90153846,0.3186
32.51851852,8.34074074,3.86121178,4.90153846,0.3186
32.51851852,8.34074074,3.86121178,4.90153846,0.3186
32.51851852,8.34074074,3.83450699,4.90153846,0.3186
32.51851852,8.34074074,3.83450699,4.90153846,0.3186
32.51851852,8.34074074,3.83450699,4.90153846,0.3186
32.51851852,8.34074074,3.83450699,4.90153846,0.3186
32.51851852,8.34074074,3.83450699,4.90153846,0.3186
32.51851852,8.34074074,3.86427116,4.90153846,0.3186
32.51851852,8.34074074,3.86427116,4.90153846,0.3186
32.51851852,8.34074074,3.86427116,4.90153846,0.3186
32.51851852,8.34074074,3.86427116,4.90153846,0.3186
32.51851852,8.34074074,3.86427116,4.90153846,0.3186
32.51851852,8.34074074,4.04725933,4.90153846,0.3186
32.51851852,8.34074074,4.04725933,4.90153846,0.3186
32.51851852,8.34074074,4.04725933,4.90153846,0.3186
32.51851852,8.34074074,4.04725933,4.90153846,0.3186
32.51851852,8.34074074,4.04725933,4.90153846,0.3186
32.51851852,8.34074074,4.00598907,4.90153846,0.3186
32.51851852,8.34074074,4.00598907,4.90153846,0.3186
32.51851852,8.34074074,4.00598907,4.90153846,0.3186
32.51851852,8.34074074,4.00598907,4.90153846,0.3186
32.51851852,8.34074074,4.00598907,4.90153846,0.3186
32.51851852,8.34074074,3.92525506,4.90153846,0.3186
32.51851852,8.34074074,3.92525506,4.90153846,0.3186
32.51851852,8.34074074,3.92525506,4.90153846,0.3186
32.51851852,8.34074074,3.92525506,4.90153846,0.3186
32.51851852,8.34074074,3.92525506,4.90153846,0.3186
32.51851852,8.34074074,3.9290452,4.90153846,0.3186
32.51851852,8.34074074,3.9290452,4.90153846,0.3186
32.51851852,8.34074074,3.9290452,4.90153846,0.3186
32.51851852,8.34074074,3.9290452,4.90153846,0.3186
32.51851852,8.34074074,3.9290452,4.90153846,0.3186
32.51851852,8.34074074,3.92263341,4.90153846,0.3186
32.51851852,8.34074074,3.92263341,4.90153846,0.3186
32.51851852,8.34074074,3.92263341,4.90153846,0.3186
32.51851852,8.34074074,3.92263341,4.90153846,0.3186
32.51851852,8.34074074,3.92263341,4.90153846,0.3186
32.51851852,8.34074074,3.95882201,4.90153846,0.3186
32.51851852,8.34074074,3.95882201,4.90153846,0.3186
32.51851852,8.34074074,3.95882201,4.90153846,0.3186
32.51851852,8.34074074,3.95882201,4.90153846,0.3186
32.51851852,8.34074074,3.95882201,4.90153846,0.3186
32.51851852,8.34074074,4.00289297,4.90153846,0.3186
32.51851852,8.34074074,4.00289297,4.90153846,0.3186
32.51851852,8.34074074,4.00289297,4.90153846,0.3186
32.51851852,8.34074074,4.00289297,4.90153846,0.3186
32.51851852,8.34074074,4.00289297,4.90153846,0.3186
32.51851852,8.34074074,4.02505302,4.90153846,0.3186
32.51851852,8.34074074,4.02505302,4.90153846,0.3186
32.51851852,8.34074074,4.02505302,4.90153846,0.3186
32.51851852,8.34074074,4.02505302,4.90153846,0.3186
32.51851852,8.34074074,4.02505302,4.90153846,0.3186
32.51851852,8.34074074,3.97550917,4.90153846,0.3186
32.51851852,8.34074074,3.97550917,4.90153846,0.3186
32.51851852,8.34074074,3.97550917,4.90153846,0.3186
32.51851852,8.34074074,3.97550917,4.90153846,0.3186
32.51851852,8.34074074,3.97550917,4.90153846,0.3186
32.51851852,8.34074074,3.99606609,4.90153846,0.3186
32.51851852,8.34074074,3.99606609,4.90153846,0.3186
32.51851852,8.34074074,3.99606609,4.90153846,0.3186
32.51851852,8.34074074,3.99606609,4.90153846,0.3186
32.51851852,8.34074074,3.99606609,4.90153846,0.3186
32.51851852,8.34074074,4.01083517,4.90153846,0.3186
32.51851852,8.34074074,4.01083517,4.90153846,0.3186
32.51851852,8.34074074,4.01083517,4.90153846,0.3186
32.51851852,8.34074074,4.01083517,4.90153846,0.3186
32.51851852,8.34074074,4.01083517,4.90153846,0.3186
32.51851852,8.34074074,4.01726389,4.90153846,0.3186
32.51851852,8.34074074,4.01726389,4.90153846,0.3186
32.51851852,8.34074074,4.01726389,4.90153846,0.3186
32.51851852,8.34074074,4.01726389,4.90153846,0.3186
32.51851852,8.34074074,4.01726389,4.90153846,0.3186
32.51851852,8.34074074,4.07382679,4.90153846,0.3186
32.51851852,8.34074074,4.07382679,4.90153846,0.3186
32.51851852,8.34074074,4.07382679,4.90153846,0.3186
32.51851852,8.34074074,4.07382679,4.90153846,0.3186
32.51851852,8.34074074,4.07382679,4.90153846,0.3186
32.51851852,8.34074074,4.14213419,4.90153846,0.3186
32.51851852,8.34074074,4.14213419,4.90153846,0.3186
32.51851852,8.34074074,4.14213419,4.90153846,0.3186
32.51851852,8.34074074,4.14213419,4.90153846,0.3186
32.51851852,8.34074074,4.14213419,4.90153846,0.3186
32.51851852,8.34074074,4.28279781,4.90153846,0.3186
32.51851852,8.34074074,4.28279781,4.90153846,0.3186
32.51851852,8.34074074,4.28279781,4.90153846,0.3186
32.51851852,8.34074074,4.28279781,4.90153846,0.3186
32.51851852,8.34074074,4.28279781,4.90153846,0.3186
32.51851852,8.34074074,4.43612576,4.90153846,0.3186
32.51851852,8.34074074,4.43612576,4.90153846,0.3186
32.51851852,8.34074074,4.43612576,4.90153846,0.3186
32.51851852,8.34074074,4.43612576,4.90153846,0.3186
32.51851852,8.34074074,4.43612576,4.90153846,0.3186
32.51851852,8.34074074,4.30738878,4.90153846,0.3186
32.51851852,8.34074074,4.30738878,4.90153846,0.3186
32.51851852,8.34074074,4.30738878,4.90153846,0.3186
32.51851852,8.34074074,4.30738878,4.90153846,0.3186
32.51851852,8.34074074,4.30738878,4.90153846,0.3186
32.51851852,8.34074074,4.34380198,4.90153846,0.3186
32.51851852,8.34074074,4.34380198,4.90153846,0.3186
32.51851852,8.34074074,4.34380198,4.90153846,0.3186
32.51851852,8.34074074,4.34380198,4.90153846,0.3186
32.51851852,8.34074074,4.34380198,4.90153846,0.3186
32.51851852,8.34074074,4.36846781,4.90153846,0.3186
32.51851852,8.34074074,4.36846781,4.90153846,0.3186
32.51851852,8.34074074,4.36846781,4.90153846,0.3186
32.51851852,8.34074074,4.36846781,4.90153846,0.3186
32.51851852,8.34074074,4.36846781,4.90153846,0.3186
32.51851852,8.34074074,4.26307774,4.90153846,0.3186
32.51851852,8.34074074,4.26307774,4.90153846,0.3186
32.51851852,8.34074074,4.26307774,4.90153846,0.3186
32.51851852,8.34074074,4.26307774,4.90153846,0.3186
32.51851852,8.34074074,4.26307774,4.90153846,0.3186
32.51851852,8.34074074,4.52357101,4.90153846,0.3186
32.51851852,8.34074074,4.52357101,4.90153846,0.3186
32.51851852,8.34074074,4.52357101,4.90153846,0.3186
32.51851852,8.34074074,4.52357101,4.90153846,0.3186
32.51851852,8.34074074,4.52357101,4.90153846,0.3186
32.51851852,8.34074074,4.48206758,4.90153846,0.3186
32.51851852,8.34074074,4.48206758,4.90153846,0.3186
32.51851852,8.34074074,4.48206758,4.90153846,0.3186
32.51851852,8.34074074,4.48206758,4.90153846,0.3186
32.51851852,8.34074074,4.48206758,4.90153846,0.3186
32.51851852,8.34074074,4.47680283,4.90153846,0.3186
32.51851852,8.34074074,4.47680283,4.90153846,0.3186
32.51851852,8.34074074,4.47680283,4.90153846,0.3186
32.51851852,8.34074074,4.47680283,4.90153846,0.3186
32.51851852,8.34074074,4.47680283,4.90153846,0.3186
32.51851852,8.34074074,4.38386202,4.90153846,0.3186
32.51851852,8.34074074,4.38386202,4.90153846,0.3186
32.51851852,8.34074074,4.38386202,4.90153846,0.3186
32.51851852,8.34074074,4.38386202,4.90153846,0.3186
32.51851852,8.34074074,4.38386202,4.90153846,0.3186
32.51851852,8.34074074,4.29792213,4.90153846,0.3186
32.51851852,8.34074074,4.29792213,4.90153846,0.3186
32.51851852,8.34074074,4.29792213,4.90153846,0.3186
32.51851852,8.34074074,4.29792213,4.90153846,0.3186
32.51851852,8.34074074,4.29792213,4.90153846,0.3186
32.51851852,8.34074074,4.23370171,4.90153846,0.3186
32.51851852,8.34074074,4.23370171,4.90153846,0.3186
32.51851852,8.34074074,4.23370171,4.90153846,0.3186
32.51851852,8.34074074,4.23370171,4.90153846,0.3186
32.51851852,8.34074074,4.23370171,4.90153846,0.3186
32.51851852,8.34074074,4.22692966,4.90153846,0.3186
32.51851852,8.34074074,4.22692966,4.90153846,0.3186
32.51851852,8.34074074,4.22692966,4.90153846,0.3186
32.51851852,8.34074074,4.22692966,4.90153846,0.3186
32.51851852,8.34074074,4.22692966,4.90153846,0.3186
32.51851852,8.34074074,4.18469572,4.90153846,0.3186
32.51851852,8.34074074,4.18469572,4.90153846,0.3186
32.51851852,8.34074074,4.18469572,4.90153846,0.3186
32.51851852,8.34074074,4.18469572,4.90153846,0.3186
32.51851852,8.34074074,4.18469572,4.90153846,0.3186
32.51851852,8.34074074,4.13245583,4.90153846,0.3186
32.51851852,8.34074074,4.13245583,4.90153846,0.3186
32.51851852,8.34074074,4.13245583,4.90153846,0.3186
32.51851852,8.34074074,4.13245583,4.90153846,0.3186
32.51851852,8.34074074,4.13245583,4.90153846,0.3186
32.51851852,8.34074074,4.13587666,4.90153846,0.3186
32.51851852,8.34074074,4.13587666,4.90153846,0.3186
32.51851852,8.34074074,4.13587666,4.90153846,0.3186
32.51851852,8.34074074,4.13587666,4.90153846,0.3186
32.51851852,8.34074074,4.13587666,4.90153846,0.3186
32.51851852,8.34074074,4.23346567,4.90153846,0.3186
32.51851852,8.34074074,4.23346567,4.90153846,0.3186
32.51851852,8.34074074,4.23346567,4.90153846,0.3186
32.51851852,8.34074074,4.23346567,4.90153846,0.3186
32.51851852,8.34074074,4.23346567,4.90153846,0.3186
32.51851852,8.34074074,4.6569171,4.90153846,0.3186
32.51851852,8.34074074,4.6569171,4.90153846,0.3186
32.51851852,8.34074074,4.6569171,4.90153846,0.3186
32.51851852,8.34074074,4.6569171,4.90153846,0.3186
32.51851852,8.34074074,4.6569171,4.90153846,0.3186
32.51851852,8.34074074,4.61467266,4.90153846,0.3186
32.51851852,8.34074074,4.61467266,4.90153846,0.3186
32.51851852,8.34074074,4.61467266,4.90153846,0.3186
32.51851852,8.34074074,4.61467266,4.90153846,0.3186
32.51851852,8.34074074,4.61467266,4.90153846,0.3186
32.51851852,8.34074074,4.48094368,4.90153846,0.3186
32.51851852,8.34074074,4.48094368,4.90153846,0.3186
32.51851852,8.34074074,4.48094368,4.90153846,0.3186
32.51851852,8.34074074,4.48094368,4.90153846,0.3186
32.51851852,8.34074074,4.48094368,4.90153846,0.3186
32.51851852,8.34074074,4.46448755,4.90153846,0.3186
32.51851852,8.34074074,4.46448755,4.90153846,0.3186
32.51851852,8.34074074,4.46448755,4.90153846,0.3186
32.51851852,8.34074074,4.46448755,4.90153846,0.3186
32.51851852,8.34074074,4.46448755,4.90153846,0.3186
32.51851852,8.34074074,4.40004158,4.90153846,0.3186
32.51851852,8.34074074,4.40004158,4.90153846,0.3186
32.51851852,8.34074074,4.40004158,4.90153846,0.3186
32.51851852,8.34074074,4.40004158,4.90153846,0.3186
32.51851852,8.34074074,4.40004158,4.90153846,0.3186
32.51851852,8.34074074,4.40004158,4.90153846,0.3186
32.51851852,8.34074074,4.32194328,4.90153846,0.3186
32.51851852,8.34074074,4.32194328,4.90153846,0.3186
32.51851852,8.34074074,4.32194328,4.90153846,0.3186
32.51851852,8.34074074,4.32194328,4.90153846,0.3186
32.51851852,8.34074074,4.32194328,4.90153846,0.3186
32.51851852,8.34074074,4.24843645,4.90153846,0.3186
32.51851852,8.34074074,4.24843645,4.90153846,0.3186
32.51851852,8.34074074,4.24843645,4.90153846,0.3186
32.51851852,8.34074074,4.24843645,4.90153846,0.3186
32.51851852,8.34074074,4.24843645,4.90153846,0.3186
32.51851852,8.34074074,4.20036125,4.90153846,0.3186
32.51851852,8.34074074,4.20036125,4.90153846,0.3186
32.51851852,8.34074074,4.20036125,4.90153846,0.3186
32.51851852,8.34074074,4.20036125,4.90153846,0.3186
32.51851852,8.34074074,4.20036125,4.90153846,0.3186
32.51851852,8.34074074,4.08921623,4.90153846,0.3186
32.51851852,8.34074074,4.08921623,4.90153846,0.3186
32.51851852,8.34074074,4.08921623,4.90153846,0.3186
32.51851852,8.34074074,4.08921623,4.90153846,0.3186
32.51851852,8.34074074,4.08921623,4.90153846,0.3186
32.51851852,8.34074074,3.98579168,4.90153846,0.3186
32.51851852,8.34074074,3.98579168,4.90153846,0.3186
32.51851852,8.34074074,3.98579168,4.90153846,0.3186
32.51851852,8.34074074,3.98579168,4.90153846,0.3186
32.51851852,8.34074074,3.98579168,4.90153846,0.3186
32.51851852,8.34074074,4.13979149,4.90153846,0.3186
32.51851852,8.34074074,4.13979149,4.90153846,0.3186
32.51851852,8.34074074,4.13979149,4.90153846,0.3186
32.51851852,8.34074074,4.13979149,4.90153846,0.3186
32.51851852,8.34074074,4.13979149,4.90153846,0.3186
32.51851852,8.34074074,4.06741762,4.90153846,0.3186
32.51851852,8.34074074,4.06741762,4.90153846,0.3186
32.51851852,8.34074074,4.06741762,4.90153846,0.3186
32.51851852,8.34074074,4.06741762,4.90153846,0.3186
32.51851852,8.34074074,4.06741762,4.90153846,0.3186
32.51851852,8.34074074,3.99379444,4.90153846,0.3186
32.51851852,8.34074074,3.99379444,4.90153846,0.3186
32.51851852,8.34074074,3.99379444,4.90153846,0.3186
32.51851852,8.34074074,3.99379444,4.90153846,0.3186
32.51851852,8.34074074,3.99379444,4.90153846,0.3186
32.51851852,8.34074074,3.94957852,4.90153846,0.3186
32.51851852,8.34074074,3.94957852,4.90153846,0.3186
32.51851852,8.34074074,3.94957852,4.90153846,0.3186
32.51851852,8.34074074,3.94957852,4.90153846,0.3186
32.51851852,8.34074074,3.94957852,4.90153846,0.3186
32.51851852,8.34074074,3.96829605,4.90153846,0.3186
32.51851852,8.34074074,3.96829605,4.90153846,0.3186
32.51851852,8.34074074,3.96829605,4.90153846,0.3186
32.51851852,8.34074074,3.96829605,4.90153846,0.3186
32.51851852,8.34074074,3.96829605,4.90153846,0.3186
32.51851852,8.34074074,4.00920916,4.90153846,0.3186
32.51851852,8.34074074,4.00920916,4.90153846,0.3186
32.51851852,8.34074074,4.00920916,4.90153846,0.3186
32.51851852,8.34074074,4.00920916,4.90153846,0.3186
32.51851852,8.34074074,4.00920916,4.90153846,0.3186
32.51851852,8.34074074,4.29646778,4.90153846,0.3186
32.51851852,8.34074074,4.29646778,4.90153846,0.3186
32.51851852,8.34074074,4.29646778,4.90153846,0.3186
32.51851852,8.34074074,4.29646778,4.90153846,0.3186
32.51851852,8.34074074,4.29646778,4.90153846,0.3186
32.51851852,8.34074074,4.6392355,4.90153846,0.3186
32.51851852,8.34074074,4.6392355,4.90153846,0.3186
32.51851852,8.34074074,4.6392355,4.90153846,0.3186
32.51851852,8.34074074,4.6392355,4.90153846,0.3186
32.51851852,8.34074074,4.6392355,4.90153846,0.3186
32.51851852,8.34074074,4.53650331,4.90153846,0.3186
32.51851852,8.34074074,4.53650331,4.90153846,0.3186
32.51851852,8.34074074,4.53650331,4.90153846,0.3186
32.51851852,8.34074074,4.53650331,4.90153846,0.3186
32.51851852,8.34074074,4.53650331,4.90153846,0.3186
32.51851852,8.34074074,4.39630318,4.90153846,0.3186
32.51851852,8.34074074,4.39630318,4.90153846,0.3186
32.51851852,8.34074074,4.39630318,4.90153846,0.3186
32.51851852,8.34074074,4.39630318,4.90153846,0.3186
32.51851852,8.34074074,4.39630318,4.90153846,0.3186
32.51851852,8.34074074,4.28879738,4.90153846,0.3186
32.51851852,8.34074074,4.28879738,4.90153846,0.3186
32.51851852,8.34074074,4.28879738,4.90153846,0.3186
32.51851852,8.34074074,4.28879738,4.90153846,0.3186
32.51851852,8.34074074,4.28879738,4.90153846,0.3186
32.51851852,8.34074074,4.96556091,4.90153846,0.3186
32.51851852,8.34074074,4.96556091,4.90153846,0.3186
32.51851852,8.34074074,4.96556091,4.90153846,0.3186
32.51851852,8.34074074,4.96556091,4.90153846,0.3186
32.51851852,8.34074074,4.96556091,4.90153846,0.3186
32.51851852,8.34074074,5.35476017,4.90153846,0.3186
32.51851852,8.34074074,5.35476017,4.90153846,0.3186
32.51851852,8.34074074,5.35476017,4.90153846,0.3186
32.51851852,8.34074074,5.35476017,4.90153846,0.3186
32.51851852,8.34074074,5.35476017,4.90153846,0.3186
32.51851852,8.34074074,4.95646763,4.90153846,0.3186
32.51851852,8.34074074,4.95646763,4.90153846,0.3186
32.51851852,8.34074074,4.95646763,4.90153846,0.3186
32.51851852,8.34074074,4.95646763,4.90153846,0.3186
32.51851852,8.34074074,4.95646763,4.90153846,0.3186
32.51851852,8.34074074,4.83278465,4.90153846,0.3186
32.51851852,8.34074074,4.83278465,4.90153846,0.3186
32.51851852,8.34074074,4.83278465,4.90153846,0.3186
32.51851852,8.34074074,4.83278465,4.90153846,0.3186
32.51851852,8.34074074,4.83278465,4.90153846,0.3186
32.51851852,8.34074074,4.69011307,4.90153846,0.3186
32.51851852,8.34074074,4.69011307,4.90153846,0.3186
32.51851852,8.34074074,4.69011307,4.90153846,0.3186
32.51851852,8.34074074,4.69011307,4.90153846,0.3186
32.51851852,8.34074074,4.69011307,4.90153846,0.3186
32.51851852,8.34074074,4.47047329,4.90153846,0.3186
32.51851852,8.34074074,4.47047329,4.90153846,0.3186
32.51851852,8.34074074,4.47047329,4.90153846,0.3186
32.51851852,8.34074074,4.47047329,4.90153846,0.3186
32.51851852,8.34074074,4.47047329,4.90153846,0.3186
32.51851852,8.34074074,4.39991951,4.90153846,0.3186
32.51851852,8.34074074,4.39991951,4.90153846,0.3186
32.51851852,8.34074074,4.39991951,4.90153846,0.3186
32.51851852,8.34074074,4.39991951,4.90153846,0.3186
32.51851852,8.34074074,4.39991951,4.90153846,0.3186
32.51851852,8.34074074,4.38682699,4.90153846,0.3186
32.51851852,8.34074074,4.38682699,4.90153846,0.3186
32.51851852,8.34074074,4.38682699,4.90153846,0.3186
32.51851852,8.34074074,4.38682699,4.90153846,0.3186
32.51851852,8.34074074,4.38682699,4.90153846,0.3186
32.51851852,8.34074074,4.4634428,4.90153846,0.3186
32.51851852,8.34074074,4.4634428,4.90153846,0.3186
32.51851852,8.34074074,4.4634428,4.90153846,0.3186
32.51851852,8.34074074,4.4634428,4.90153846,0.3186
32.51851852,8.34074074,4.4634428,4.90153846,0.3186
32.51851852,8.34074074,4.505867,4.90153846,0.3186
32.51851852,8.34074074,4.505867,4.90153846,0.3186
32.51851852,8.34074074,4.505867,4.90153846,0.3186
32.51851852,8.34074074,4.505867,4.90153846,0.3186
32.51851852,8.34074074,4.505867,4.90153846,0.3186
32.51851852,8.34074074,4.48818398,4.90153846,0.3186
32.51851852,8.34074074,4.48818398,4.90153846,0.3186
32.51851852,8.34074074,4.48818398,4.90153846,0.3186
32.51851852,8.34074074,4.48818398,4.90153846,0.3186
32.51851852,8.34074074,4.48818398,4.90153846,0.3186
32.51851852,8.34074074,4.48249722,4.90153846,0.3186
32.51851852,8.34074074,4.48249722,4.90153846,0.3186
32.51851852,8.34074074,4.48249722,4.90153846,0.3186
32.51851852,8.34074074,4.48249722,4.90153846,0.3186