Coagulant mL/s	Turbidity									
0.0032919	5.21600819									
0.0032919	5.21600819									Average Turbidity
0.0032919	5.21600819									12.90083534
0.0032919	5.21600819									
0.0032919	5.21600819									
0.0032919	4.65288401									
0.0032919	4.65288401									
0.0032919	4.65288401									
0.0032919	4.65288401									
0.0032919	4.65288401									
0.0032919	4.24701405									
0.0032919	4.24701405									
0.0032919	4.24701405									
0.0032919	4.24701405									
0.0032919	4.24701405									
0.0032919	3.65383363									
0.0032919	3.65383363									
0.0032919	3.65383363									
0.0032919	3.65383363									
0.0032919	3.65383363									
0.0032919	2.61776257									
0.0032919	2.61776257									
0.0032919	2.61776257									
0.0032919	2.61776257									
0.0032919	2.61776257									
0.0032919	2.74983168									
0.0032919	2.74983168									
0.0032919	2.74983168									
0.0032919	2.74983168									
0.0032919	2.74983168									
0.0032919	2.30195713									
0.0032919	2.30195713									
0.0032919	2.30195713									
0.0032919	2.30195713									
0.0032919	2.30195713									
0.0032919	2.70741272									
0.0032919	2.70741272									
0.0032919	2.70741272									
0.0032919	2.70741272									
0.0032919	2.70741272									
0.0032919	2.3049643									
0.0032919	2.3049643									
0.0032919	2.3049643									
0.0032919	2.3049643									
0.0032919	2.3049643									
0.0032919	2.32433605									
0.0032919	2.32433605									
0.0032919	2.32433605									
0.0032919	2.32433605									
0.0032919	2.32433605									
0.0032919	2.2513783									
0.0032919	2.2513783									
0.0032919	2.2513783									
0.0032919	2.2513783									
0.0032919	2.2513783									
0.0032919	2.11442327									
0.0032919	2.11442327									
0.0032919	2.11442327									
0.0032919	2.11442327									
0.0032919	2.11442327									
0.0032919	1.98035359									
0.0032919	1.98035359									
0.0032919	1.98035359									
0.0032919	1.98035359									
0.0032919	1.98035359									
0.0032919	1.63069808									
0.0032919	1.63069808									
0.0032919	1.63069808									
0.0032919	1.63069808									
0.0032919	1.63069808									
0.0032919	3.2822516									
0.0032919	3.2822516									
0.0032919	3.2822516									
0.0032919	3.2822516									
0.0032919	3.2822516									
0.0032919	3.6506741									
0.0032919	3.6506741									
0.0032919	3.6506741									
0.0032919	3.6506741									
0.0032919	3.6506741									
0.0032919	2.56710052									
0.0032919	2.56710052									
0.0032919	2.56710052									
0.0032919	2.56710052									
0.0032919	2.56710052									
0.0032919	2.34629297									
0.0032919	2.34629297									
0.0032919	2.34629297									
0.0032919	2.34629297									
0.0032919	2.34629297									
0.0032919	2.77882385									
0.0032919	2.77882385									
0.0032919	2.77882385									
0.0032919	2.77882385									
0.0032919	2.77882385									
0.0032919	2.14819193									
0.0032919	2.14819193									
0.0032919	2.14819193									
0.0032919	2.14819193									
0.0032919	2.14819193									
0.0032919	2.04602075									
0.0032919	2.04602075									
0.0032919	2.04602075									
0.0032919	2.04602075									
0.0032919	2.04602075									
0.0032919	2.56586552									
0.0032919	2.56586552									
0.0032919	2.56586552									
0.0032919	2.56586552									
0.0032919	2.56586552									
0.0032919	2.13162136									
0.0032919	2.13162136									
0.0032919	2.13162136									
0.0032919	2.13162136									
0.0032919	2.13162136									
0.0032919	1.98833799									
0.0032919	1.98833799									
0.0032919	1.98833799									
0.0032919	1.98833799									
0.0032919	1.98833799									
0.0032919	2.21573162									
0.0032919	2.21573162									
0.0032919	2.21573162									
0.0032919	2.21573162									
0.0032919	2.21573162									
0.0032919	2.19215798									
0.0032919	2.19215798									
0.0032919	2.19215798									
0.0032919	2.19215798									
0.0032919	2.19215798									
0.0032919	2.53015709									
0.0032919	2.53015709									
0.0032919	2.53015709									
0.0032919	2.53015709									
0.0032919	2.53015709									
0.0032919	2.13380694									
0.0032919	2.13380694									
0.0032919	2.13380694									
0.0032919	2.13380694									
0.0032919	2.13380694									
0.0032919	3.58229351									
0.0032919	3.58229351									
0.0032919	3.58229351									
0.0032919	3.58229351									
0.0032919	3.58229351									
0.0032919	3.43711519									
0.0032919	3.43711519									
0.0032919	3.43711519									
0.0032919	3.43711519									
0.0032919	3.43711519									
0.0032919	2.61591721									
0.0032919	2.61591721									
0.0032919	2.61591721									
0.0032919	2.61591721									
0.0032919	2.61591721									
0.0032919	2.47556472									
0.0032919	2.47556472									
0.0032919	2.47556472									
0.0032919	2.47556472									
0.0032919	2.47556472									
0.0032919	2.47556472									
0.0032919	3.66164351									
0.0032919	3.66164351									
0.0032919	3.66164351									
0.0032919	3.66164351									
0.0032919	3.66164351									
0.0032919	5.38446951									
0.0032919	5.38446951									
0.0032919	5.38446951									
0.0032919	5.38446951									
0.0032919	5.38446951									
0.0032919	4.1419692									
0.0032919	4.1419692									
0.0032919	4.1419692									
0.0032919	4.1419692									
0.0032919	4.1419692									
0.0032919	3.96817756									
0.0032919	3.96817756									
0.0032919	3.96817756									
0.0032919	3.96817756									
0.0032919	3.96817756									
0.0032919	4.05361176									
0.0032919	4.05361176									
0.0032919	4.05361176									
0.0032919	4.05361176									
0.0032919	4.05361176									
0.0032919	3.94687533									
0.0032919	3.94687533									
0.0032919	3.94687533									
0.0032919	3.94687533									
0.0032919	3.94687533									
0.0032919	3.72466135									
0.0032919	3.72466135									
0.0032919	3.72466135									
0.0032919	3.72466135									
0.0032919	3.72466135									
0.0032919	3.85643625									
0.0032919	3.85643625									
0.0032919	3.85643625									
0.0032919	3.85643625									
0.0032919	3.85643625									
0.0032919	3.98479795									
0.0032919	3.98479795									
0.0032919	3.98479795									
0.0032919	3.98479795									
0.0032919	3.98479795									
0.0032919	4.15813971									
0.0032919	4.15813971									
0.0032919	4.15813971									
0.0032919	4.15813971									
0.0032919	4.15813971									
0.0032919	3.35634732									
0.0032919	3.35634732									
0.0032919	3.35634732									
0.0032919	3.35634732									
0.0032919	3.35634732									
0.0032919	3.0283227									
0.0032919	3.0283227									
0.0032919	3.0283227									
0.0032919	3.0283227									
0.0032919	3.0283227									
0.0032919	3.45815015									
0.0032919	3.45815015									
0.0032919	3.45815015									
0.0032919	3.45815015									
0.0032919	3.45815015									
0.0032919	4.30016804									
0.0032919	4.30016804									
0.0032919	4.30016804									
0.0032919	4.30016804									
0.0032919	4.30016804									
0.0032919	4.02580452									
0.0032919	4.02580452									
0.0032919	4.02580452									
0.0032919	4.02580452									
0.0032919	4.02580452									
0.0032919	4.28520966									
0.0032919	4.28520966									
0.0032919	4.28520966									
0.0032919	4.28520966									
0.0032919	4.28520966									
0.0032919	4.62094355									
0.0032919	4.62094355									
0.0032919	4.62094355									
0.0032919	4.62094355									
0.0032919	4.62094355									
0.0032919	3.81663418									
0.0032919	3.81663418									
0.0032919	3.81663418									
0.0032919	3.81663418									
0.0032919	3.81663418									
0.0032919	3.1227448									
0.0032919	3.1227448									
0.0032919	3.1227448									
0.0032919	3.1227448									
0.0032919	3.1227448									
0.0032919	2.87673688									
0.0032919	2.87673688									
0.0032919	2.87673688									
0.0032919	2.87673688									
0.0032919	2.87673688									
0.0032919	2.98758626									
0.0032919	2.98758626									
0.0032919	2.98758626									
0.0032919	2.98758626									
0.0032919	2.98758626									
0.0032919	2.67321038									
0.0032919	2.67321038									
0.0032919	2.67321038									
0.0032919	2.67321038									
0.0032919	2.67321038									
0.0032919	3.37729812									
0.0032919	3.37729812									
0.0032919	3.37729812									
0.0032919	3.37729812									
0.0032919	3.37729812									
0.0032919	3.54179668									
0.0032919	3.54179668									
0.0032919	3.54179668									
0.0032919	3.54179668									
0.0032919	3.54179668									
0.0032919	2.82764578									
0.0032919	2.82764578									
0.0032919	2.82764578									
0.0032919	2.82764578									
0.0032919	2.82764578									
0.0032919	3.6304369									
0.0032919	3.6304369									
0.0032919	3.6304369									
0.0032919	3.6304369									
0.0032919	3.6304369									
0.0032919	3.42746258									
0.0032919	3.42746258									
0.0032919	3.42746258									
0.0032919	3.42746258									
0.0032919	3.42746258									
0.0032919	3.58726263									
0.0032919	3.58726263									
0.0032919	3.58726263									
0.0032919	3.58726263									
0.0032919	3.58726263									
0.0032919	3.43224263									
0.0032919	3.43224263									
0.0032919	3.43224263									
0.0032919	3.43224263									
0.0032919	3.43224263									
0.0032919	3.74799204									
0.0032919	3.74799204									
0.0032919	3.74799204									
0.0032919	3.74799204									
0.0032919	3.74799204									
0.0032919	4.36864901									
0.0032919	4.36864901									
0.0032919	4.36864901									
0.0032919	4.36864901									
0.0032919	4.36864901									
0.0032919	4.19204617									
0.0032919	4.19204617									
0.0032919	4.19204617									
0.0032919	4.19204617									
0.0032919	4.19204617									
0.0032919	4.608006									
0.0032919	4.608006									
0.0032919	4.608006									
0.0032919	4.608006									
0.0032919	4.608006									
0.0032919	4.25211668									
0.0032919	4.25211668									
0.0032919	4.25211668									
0.0032919	4.25211668									
0.0032919	4.25211668									
0.0032919	4.16251421									
0.0032919	4.16251421									
0.0032919	4.16251421									
0.0032919	4.16251421									
0.0032919	4.16251421									
0.0032919	5.14076185									
0.0032919	5.14076185									
0.0032919	5.14076185									
0.0032919	5.14076185									
0.0032919	5.14076185									
0.0032919	6.02172852									
0.0032919	6.02172852									
0.0032919	6.02172852									
0.0032919	6.02172852									
0.0032919	6.02172852									
0.0032919	5.47451925									
0.0032919	5.47451925									
0.0032919	5.47451925									
0.0032919	5.47451925									
0.0032919	5.47451925									
0.0032919	6.95371628									
0.0032919	6.95371628									
0.0032919	6.95371628									
0.0032919	6.95371628									
0.0032919	6.95371628									
0.0032919	5.98411942									
0.0032919	5.98411942									
0.0032919	5.98411942									
0.0032919	5.98411942									
0.0032919	5.98411942									
0.0032919	7.20250273									
0.0032919	7.20250273									
0.0032919	7.20250273									
0.0032919	7.20250273									
0.0032919	7.20250273									
0.0032919	7.97747135									
0.0032919	7.97747135									
0.0032919	7.97747135									
0.0032919	7.97747135									
0.0032919	7.97747135									
0.0032919	8.60835648									
0.0032919	8.60835648									
0.0032919	8.60835648									
0.0032919	8.60835648									
0.0032919	8.60835648									
0.0032919	8.07509899									
0.0032919	8.07509899									
0.0032919	8.07509899									
0.0032919	8.07509899									
0.0032919	8.07509899									
0.0032919	8.12481117									
0.0032919	8.12481117									
0.0032919	8.12481117									
0.0032919	8.12481117									
0.0032919	8.12481117									
0.0032919	9.76117611									
0.0032919	9.76117611									
0.0032919	9.76117611									
0.0032919	9.76117611									
0.0032919	9.76117611									
0.0032919	9.76117611									
0.0032919	9.18205166									
0.0032919	9.18205166									
0.0032919	9.18205166									
0.0032919	9.18205166									
0.0032919	9.18205166									
0.0032919	8.75606823									
0.0032919	8.75606823									
0.0032919	8.75606823									
0.0032919	8.75606823									
0.0032919	8.75606823									
0.0032919	9.53863239									
0.0032919	9.53863239									
0.0032919	9.53863239									
0.0032919	9.53863239									
0.0032919	9.53863239									
0.0032919	9.7390089									
0.0032919	9.7390089									
0.0032919	9.7390089									
0.0032919	9.7390089									
0.0032919	9.7390089									
0.0032919	10.4085989									
0.0032919	10.4085989									
0.0032919	10.4085989									
0.0032919	10.4085989									
0.0032919	10.4085989									
0.0032919	16.47156715									
0.0032919	16.47156715									
0.0032919	16.47156715									
0.0032919	16.47156715									
0.0032919	16.47156715									
0.0032919	13.46936798									
0.0032919	13.46936798									
0.0032919	13.46936798									
0.0032919	13.46936798									
0.0032919	13.46936798									
0.0032919	12.6043129									
0.0032919	12.6043129									
0.0032919	12.6043129									
0.0032919	12.6043129									
0.0032919	12.6043129									
0.0032919	12.04839516									
0.0032919	12.04839516									
0.0032919	12.04839516									
0.0032919	12.04839516									
0.0032919	12.04839516									
0.0032919	12.37553024									
0.0032919	12.37553024									
0.0032919	12.37553024									
0.0032919	12.37553024									
0.0032919	12.37553024									
0.0032919	13.6028595									
0.0032919	13.6028595									
0.0032919	13.6028595									
0.0032919	13.6028595									
0.0032919	13.6028595									
0.0032919	13.95306587									
0.0032919	13.95306587									
0.0032919	13.95306587									
0.0032919	13.95306587									
0.0032919	13.95306587									
0.0032919	13.65213203									
0.0032919	13.65213203									
0.0032919	13.65213203									
0.0032919	13.65213203									
0.0032919	13.65213203									
0.0032919	12.99511337									
0.0032919	12.99511337									
0.0032919	12.99511337									
0.0032919	12.99511337									
0.0032919	12.99511337									
0.0032919	11.8142643									
0.0032919	11.8142643									
0.0032919	11.8142643									
0.0032919	11.8142643									
0.0032919	11.8142643									
0.0032919	13.58147621									
0.0032919	13.58147621									
0.0032919	13.58147621									
0.0032919	13.58147621									
0.0032919	13.58147621									
0.0032919	13.52441216									
0.0032919	13.52441216									
0.0032919	13.52441216									
0.0032919	13.52441216									
0.0032919	13.52441216									
0.0032919	13.51690865									
0.0032919	13.51690865									
0.0032919	13.51690865									
0.0032919	13.51690865									
0.0032919	13.51690865									
0.0032919	12.99908447									
0.0032919	12.99908447									
0.0032919	12.99908447									
0.0032919	12.99908447									
0.0032919	12.99908447									
0.0032919	12.19662857									
0.0032919	12.19662857									
0.0032919	12.19662857									
0.0032919	12.19662857									
0.0032919	12.19662857									
0.0032919	11.36663628									
0.0032919	11.36663628									
0.0032919	11.36663628									
0.0032919	11.36663628									
0.0032919	11.36663628									
0.0032919	12.76065636									
0.0032919	12.76065636									
0.0032919	12.76065636									
0.0032919	12.76065636									
0.0032919	12.76065636									
0.0032919	13.29893684									
0.0032919	13.29893684									
0.0032919	13.29893684									
0.0032919	13.29893684									
0.0032919	13.29893684									
0.0032919	14.77269745									
0.0032919	14.77269745									
0.0032919	14.77269745									
0.0032919	14.77269745									
0.0032919	14.77269745									
0.0032919	13.04761887									
0.0032919	13.04761887									
0.0032919	13.04761887									
0.0032919	13.04761887									
0.0032919	13.04761887									
0.0032919	13.35907364									
0.0032919	13.35907364									
0.0032919	13.35907364									
0.0032919	13.35907364									
0.0032919	13.35907364									
0.0032919	13.08730316									
0.0032919	13.08730316									
0.0032919	13.08730316									
0.0032919	13.08730316									
0.0032919	13.08730316									
0.0032919	13.39838028									
0.0032919	13.39838028									
0.0032919	13.39838028									
0.0032919	13.39838028									
0.0032919	13.39838028									
0.0032919	14.63225174									
0.0032919	14.63225174									
0.0032919	14.63225174									
0.0032919	14.63225174									
0.0032919	14.63225174									
0.0032919	14.13259125									
0.0032919	14.13259125									
0.0032919	14.13259125									
0.0032919	14.13259125									
0.0032919	14.13259125									
0.0032919	13.94981575									
0.0032919	13.94981575									
0.0032919	13.94981575									
0.0032919	13.94981575									
0.0032919	13.94981575									
0.0032919	13.72888756									
0.0032919	13.72888756									
0.0032919	13.72888756									
0.0032919	13.72888756									
0.0032919	13.72888756									
0.0032919	13.71465111									
0.0032919	13.71465111									
0.0032919	13.71465111									
0.0032919	13.71465111									
0.0032919	13.71465111									
0.0032919	12.6960144									
0.0032919	12.6960144									
0.0032919	12.6960144									
0.0032919	12.6960144									
0.0032919	12.6960144									
0.0032919	11.63987923									
0.0032919	11.63987923									
0.0032919	11.63987923									
0.0032919	11.63987923									
0.0032919	11.63987923									
0.0032919	11.93873787									
0.0032919	11.93873787									
0.0032919	11.93873787									
0.0032919	11.93873787									
0.0032919	11.93873787									
0.0032919	11.53907585									
0.0032919	11.53907585									
0.0032919	11.53907585									
0.0032919	11.53907585									
0.0032919	11.53907585									
0.0032919	11.60173416									
0.0032919	11.60173416									
0.0032919	11.60173416									
0.0032919	11.60173416									
0.0032919	11.60173416									
0.0032919	12.48933601									
0.0032919	12.48933601									
0.0032919	12.48933601									
0.0032919	12.48933601									
0.0032919	12.48933601									
0.0032919	12.22004128									
0.0032919	12.22004128									
0.0032919	12.22004128									
0.0032919	12.22004128									
0.0032919	12.22004128									
0.0032919	13.90398026									
0.0032919	13.90398026									
0.0032919	13.90398026									
0.0032919	13.90398026									
0.0032919	13.90398026									
0.0032919	15.42526054									
0.0032919	15.42526054									
0.0032919	15.42526054									
0.0032919	15.42526054									
0.0032919	15.42526054									
0.0032919	13.3293705									
0.0032919	13.3293705									
0.0032919	13.3293705									
0.0032919	13.3293705									
0.0032919	13.3293705									
0.0032919	12.21773148									
0.0032919	12.21773148									
0.0032919	12.21773148									
0.0032919	12.21773148									
0.0032919	12.21773148									
0.0032919	11.56119156									
0.0032919	11.56119156									
0.0032919	11.56119156									
0.0032919	11.56119156									
0.0032919	11.56119156									
0.0032919	14.17079735									
0.0032919	14.17079735									
0.0032919	14.17079735									
0.0032919	14.17079735									
0.0032919	14.17079735									
0.0032919	13.50548553									
0.0032919	13.50548553									
0.0032919	13.50548553									
0.0032919	13.50548553									
0.0032919	13.50548553									
0.0032919	14.73285484									
0.0032919	14.73285484									
0.0032919	14.73285484									
0.0032919	14.73285484									
0.0032919	14.73285484									
0.0032919	15.60837936									
0.0032919	15.60837936									
0.0032919	15.60837936									
0.0032919	15.60837936									
0.0032919	15.60837936									
0.0032919	15.45939064									
0.0032919	15.45939064									
0.0032919	15.45939064									
0.0032919	15.45939064									
0.0032919	15.45939064									
0.0032919	14.01179886									
0.0032919	14.01179886									
0.0032919	14.01179886									
0.0032919	14.01179886									
0.0032919	14.01179886									
0.0032919	12.58407593									
0.0032919	12.58407593									
0.0032919	12.58407593									
0.0032919	12.58407593									
0.0032919	12.58407593									
0.0032919	12.67878532									
0.0032919	12.67878532									
0.0032919	12.67878532									
0.0032919	12.67878532									
0.0032919	12.67878532									
0.0032919	12.6634388									
0.0032919	12.6634388									
0.0032919	12.6634388									
0.0032919	12.6634388									
0.0032919	12.6634388									
0.0032919	13.87776566									
0.0032919	13.87776566									
0.0032919	13.87776566									
0.0032919	13.87776566									
0.0032919	13.87776566									
0.0032919	13.87776566									
0.0032919	13.19135857									
0.0032919	13.19135857									
0.0032919	13.19135857									
0.0032919	13.19135857									
0.0032919	13.19135857									
0.0032919	13.6985054									
0.0032919	13.6985054									
0.0032919	13.6985054									
0.0032919	13.6985054									
0.0032919	13.6985054									
0.0032919	13.00032616									
0.0032919	13.00032616									
0.0032919	13.00032616									
0.0032919	13.00032616									
0.0032919	13.00032616									
0.0032919	12.1611824									
0.0032919	12.1611824									
0.0032919	12.1611824									
0.0032919	12.1611824									
0.0032919	12.1611824									
0.0032919	10.84835815									
0.0032919	10.84835815									
0.0032919	10.84835815									
0.0032919	10.84835815									
0.0032919	10.84835815									
0.0032919	11.27338791									
0.0032919	11.27338791									
0.0032919	11.27338791									
0.0032919	11.27338791									
0.0032919	11.27338791									
0.0032919	12.04048347									
0.0032919	12.04048347									
0.0032919	12.04048347									
0.0032919	12.04048347									
0.0032919	12.04048347									
0.0032919	12.2887516									
0.0032919	12.2887516									
0.0032919	12.2887516									
0.0032919	12.2887516									
0.0032919	12.2887516									
0.0032919	12.2624836									
0.0032919	12.2624836									
0.0032919	12.2624836									
0.0032919	12.2624836									
0.0032919	12.2624836									
0.0032919	11.32397842									
0.0032919	11.32397842									
0.0032919	11.32397842									
0.0032919	11.32397842									
0.0032919	11.32397842									
0.0032919	10.73214912									
0.0032919	10.73214912									
0.0032919	10.73214912									
0.0032919	10.73214912									
0.0032919	10.73214912									
0.0032919	11.57965851									
0.0032919	11.57965851									
0.0032919	11.57965851									
0.0032919	11.57965851									
0.0032919	11.57965851									
0.0032919	12.48373413									
0.0032919	12.48373413									
0.0032919	12.48373413									
0.0032919	12.48373413									
0.0032919	12.48373413									
0.0032919	12.75055122									
0.0032919	12.75055122									
0.0032919	12.75055122									
0.0032919	12.75055122									
0.0032919	12.75055122									
0.0032919	12.09115982									
0.0032919	12.09115982									
0.0032919	12.09115982									
0.0032919	12.09115982									
0.0032919	12.09115982									
0.0032919	12.63687134									
0.0032919	12.63687134									
0.0032919	12.63687134									
0.0032919	12.63687134									
0.0032919	12.63687134									
0.0032919	13.05272675									
0.0032919	13.05272675									
0.0032919	13.05272675									
0.0032919	13.05272675									
0.0032919	13.05272675									
0.0032919	13.09626579									
0.0032919	13.09626579									
0.0032919	13.09626579									
0.0032919	13.09626579									
0.0032919	13.09626579									
0.0032919	13.71793747									
0.0032919	13.71793747									
0.0032919	13.71793747									
0.0032919	13.71793747									
0.0032919	13.71793747									
0.0032919	13.58755302									
0.0032919	13.58755302									
0.0032919	13.58755302									
0.0032919	13.58755302									
0.0032919	13.58755302									
0.0032919	14.46747208									
0.0032919	14.46747208									
0.0032919	14.46747208									
0.0032919	14.46747208									
0.0032919	14.46747208									
0.0032919	13.95593452									
0.0032919	13.95593452									
0.0032919	13.95593452									
0.0032919	13.95593452									
0.0032919	13.95593452									
0.0032919	15.02841377									
0.0032919	15.02841377									
0.0032919	15.02841377									
0.0032919	15.02841377									
0.0032919	15.02841377									
0.0032919	12.92974091									
0.0032919	12.92974091									
0.0032919	12.92974091									
0.0032919	12.92974091									
0.0032919	12.92974091									
0.0032919	12.69948959									
0.0032919	12.69948959									
0.0032919	12.69948959									
0.0032919	12.69948959									
0.0032919	12.69948959									
0.0032919	14.61706924									
0.0032919	14.61706924									
0.0032919	14.61706924									
0.0032919	14.61706924									
0.0032919	14.61706924									
0.0032919	13.4928894									
0.0032919	13.4928894									
0.0032919	13.4928894									
0.0032919	13.4928894									
0.0032919	13.4928894									
0.0032919	12.53562927									
0.0032919	12.53562927									
0.0032919	12.53562927									
0.0032919	12.53562927									
0.0032919	12.53562927									
0.0032919	14.55088615									
0.0032919	14.55088615									
0.0032919	14.55088615									
0.0032919	14.55088615									
0.0032919	14.55088615									
0.0032919	13.55852699									
0.0032919	13.55852699									
0.0032919	13.55852699									
0.0032919	13.55852699									
0.0032919	13.55852699									
0.0032919	13.45488358									
0.0032919	13.45488358									
0.0032919	13.45488358									
0.0032919	13.45488358									
0.0032919	13.45488358									
0.0032919	13.4295063									
0.0032919	13.4295063									
0.0032919	13.4295063									
0.0032919	13.4295063									
0.0032919	13.4295063									
0.0032919	12.83856773									
0.0032919	12.83856773									
0.0032919	12.83856773									
0.0032919	12.83856773									
0.0032919	12.83856773									
0.0032919	13.40382004									
0.0032919	13.40382004									
0.0032919	13.40382004									
0.0032919	13.40382004									
0.0032919	13.40382004									
0.0032919	13.29256439									
0.0032919	13.29256439									
0.0032919	13.29256439									
0.0032919	13.29256439									
0.0032919	13.29256439									
0.0032919	13.82765961									
0.0032919	13.82765961									
0.0032919	13.82765961									
0.0032919	13.82765961									
0.0032919	13.82765961									
0.0032919	12.83740997									
0.0032919	12.83740997									
0.0032919	12.83740997									
0.0032919	12.83740997									
0.0032919	12.83740997									
0.0032919	12.3085804									
0.0032919	12.3085804									
0.0032919	12.3085804									
0.0032919	12.3085804									
0.0032919	12.3085804									
0.0032919	13.06923866									
0.0032919	13.06923866									
0.0032919	13.06923866									
0.0032919	13.06923866									
0.0032919	13.06923866									
0.0032919	13.30510521									
0.0032919	13.30510521									
0.0032919	13.30510521									
0.0032919	13.30510521									
0.0032919	13.30510521									
0.0032919	14.04852676									
0.0032919	14.04852676									
0.0032919	14.04852676									
0.0032919	14.04852676									
0.0032919	14.04852676									
0.0032919	14.04852676									
0.0032919	13.06302261									
0.0032919	13.06302261									
0.0032919	13.06302261									
0.0032919	13.06302261									
0.0032919	13.06302261									
0.0032919	13.1918335									
0.0032919	13.1918335									
0.0032919	13.1918335									
0.0032919	13.1918335									
0.0032919	13.1918335									
0.0032919	12.51417351									
0.0032919	12.51417351									
0.0032919	12.51417351									
0.0032919	12.51417351									
0.0032919	12.51417351									
0.0032919	11.75579643									
0.0032919	11.75579643									
0.0032919	11.75579643									
0.0032919	11.75579643									
0.0032919	11.75579643									
0.0032919	11.86600494									
0.0032919	11.86600494									
0.0032919	11.86600494									
0.0032919	11.86600494									
0.0032919	11.86600494									
0.0032919	11.90681267									
0.0032919	11.90681267									
0.0032919	11.90681267									
0.0032919	11.90681267									
0.0032919	11.90681267									
0.0032919	11.13567162									
0.0032919	11.13567162									
0.0032919	11.13567162									
0.0032919	11.13567162									
0.0032919	11.13567162									
0.0032919	11.30074692									
0.0032919	11.30074692									
0.0032919	11.30074692									
0.0032919	11.30074692									
0.0032919	11.30074692									
0.0032919	11.32777786									
0.0032919	11.32777786									
0.0032919	11.32777786									
0.0032919	11.32777786									
0.0032919	11.32777786									
0.0032919	10.9738102									
0.0032919	10.9738102									
0.0032919	10.9738102									
0.0032919	10.9738102									
0.0032919	10.9738102									
0.0032919	11.21260071									
0.0032919	11.21260071									
0.0032919	11.21260071									
0.0032919	11.21260071									
0.0032919	11.21260071									
0.0032919	11.19896698									
0.0032919	11.19896698									
0.0032919	11.19896698									
0.0032919	11.19896698									
0.0032919	11.19896698									
0.0032919	11.9313736									
0.0032919	11.9313736									
0.0032919	11.9313736									
0.0032919	11.9313736									
0.0032919	11.9313736									
0.0032919	12.49411392									
0.0032919	12.49411392									
0.0032919	12.49411392									
0.0032919	12.49411392									
0.0032919	12.49411392									
0.0032919	13.53814507									
0.0032919	13.53814507									
0.0032919	13.53814507									
0.0032919	13.53814507									
0.0032919	13.53814507									
0.0032919	12.07283211									
0.0032919	12.07283211									
0.0032919	12.07283211									
0.0032919	12.07283211									
0.0032919	12.07283211									
0.0032919	12.14041138									
0.0032919	12.14041138									
0.0032919	12.14041138									
0.0032919	12.14041138									
0.0032919	12.14041138									
0.0032919	11.9112339									
0.0032919	11.9112339									
0.0032919	11.9112339									
0.0032919	11.9112339									
0.0032919	11.9112339									
0.0032919	11.91524696									
0.0032919	11.91524696									
0.0032919	11.91524696									
0.0032919	11.91524696									
0.0032919	11.91524696									
0.0032919	12.29735374									
0.0032919	12.29735374									
0.0032919	12.29735374									
0.0032919	12.29735374									
0.0032919	12.29735374									
0.0032919	11.43765259									
0.0032919	11.43765259									
0.0032919	11.43765259									
0.0032919	11.43765259									
0.0032919	11.43765259									
0.0032919	12.3486824									
0.0032919	12.3486824									
0.0032919	12.3486824									
0.0032919	12.3486824									
0.0032919	12.3486824									
0.0032919	12.65424347									
0.0032919	12.65424347									
0.0032919	12.65424347									
0.0032919	12.65424347									
0.0032919	12.65424347									
0.0032919	13.11595917									
0.0032919	13.11595917									
0.0032919	13.11595917									
0.0032919	13.11595917									
0.0032919	13.11595917									
0.0032919	13.04702568									
0.0032919	13.04702568									
0.0032919	13.04702568									
0.0032919	13.04702568									
0.0032919	13.04702568									
0.0032919	12.54213142									
0.0032919	12.54213142									
0.0032919	12.54213142									
0.0032919	12.54213142									
0.0032919	12.54213142									
0.0032919	12.58362389									
0.0032919	12.58362389									
0.0032919	12.58362389									
0.0032919	12.58362389									
0.0032919	12.58362389									
0.0032919	13.54541206									
0.0032919	13.54541206									
0.0032919	13.54541206									
0.0032919	13.54541206									
0.0032919	13.54541206									
0.0032919	13.93707657									
0.0032919	13.93707657									
0.0032919	13.93707657									
0.0032919	13.93707657									
0.0032919	13.93707657									
0.0032919	14.43727875									
0.0032919	14.43727875									
0.0032919	14.43727875									
0.0032919	14.43727875									
0.0032919	14.43727875									
0.0032919	15.16208839									
0.0032919	15.16208839									
0.0032919	15.16208839									
0.0032919	15.16208839									
0.0032919	15.16208839									
0.0032919	13.13737488									
0.0032919	13.13737488									
0.0032919	13.13737488									
0.0032919	13.13737488									
0.0032919	13.13737488									
0.0032919	13.32804108									
0.0032919	13.32804108									
0.0032919	13.32804108									
0.0032919	13.32804108									
0.0032919	13.32804108									
0.0032919	13.08487892									
0.0032919	13.08487892									
0.0032919	13.08487892									
0.0032919	13.08487892									
0.0032919	13.08487892									
0.0032919	13.61710167									
0.0032919	13.61710167									
0.0032919	13.61710167									
0.0032919	13.61710167									
0.0032919	13.61710167									
0.0032919	13.88402367									
0.0032919	13.88402367									
0.0032919	13.88402367									
0.0032919	13.88402367									
0.0032919	13.88402367									
0.0032919	13.72930527									
0.0032919	13.72930527									
0.0032919	13.72930527									
0.0032919	13.72930527									
0.0032919	13.72930527									
0.0032919	11.7685051									
0.0032919	11.7685051									
0.0032919	11.7685051									
0.0032919	11.7685051									
0.0032919	11.7685051									
0.0032919	12.30866051									
0.0032919	12.30866051									
0.0032919	12.30866051									
0.0032919	12.30866051									
0.0032919	12.30866051									
0.0032919	11.09284401									
0.0032919	11.09284401									
0.0032919	11.09284401									
0.0032919	11.09284401									
0.0032919	11.09284401									
0.0032919	11.7943058									
0.0032919	11.7943058									
0.0032919	11.7943058									
0.0032919	11.7943058									
0.0032919	11.7943058									
0.0032919	12.93366623									
0.0032919	12.93366623									
0.0032919	12.93366623									
0.0032919	12.93366623									
0.0032919	12.93366623									
0.0032919	12.58202553									
0.0032919	12.58202553									
0.0032919	12.58202553									
0.0032919	12.58202553									
0.0032919	12.58202553									
0.0032919	12.13055992									
0.0032919	12.13055992									
0.0032919	12.13055992									
0.0032919	12.13055992									
0.0032919	12.13055992									
0.0032919	12.61495972									
0.0032919	12.61495972									
0.0032919	12.61495972									
0.0032919	12.61495972									
0.0032919	12.61495972									
0.0032919	12.1413002									
0.0032919	12.1413002									
0.0032919	12.1413002									
0.0032919	12.1413002									
0.0032919	12.1413002									
0.0032919	11.6842289									
0.0032919	11.6842289									
0.0032919	11.6842289									
0.0032919	11.6842289									
0.0032919	11.6842289									
0.0032919	10.51089478									
0.0032919	10.51089478									
0.0032919	10.51089478									
0.0032919	10.51089478									
0.0032919	10.51089478									
0.0032919	11.90504265									
0.0032919	11.90504265									
0.0032919	11.90504265									
0.0032919	11.90504265									
0.0032919	11.90504265									
0.0032919	11.90504265									
0.0032919	11.17948914									
0.0032919	11.17948914									
0.0032919	11.17948914									
0.0032919	11.17948914									
0.0032919	11.17948914									
0.0032919	11.80541992									
0.0032919	11.80541992									
0.0032919	11.80541992									
0.0032919	11.80541992									
0.0032919	11.80541992									
0.0032919	11.61724281									
0.0032919	11.61724281									
0.0032919	11.61724281									
0.0032919	11.61724281									
0.0032919	11.61724281									
0.0032919	12.09838486									
0.0032919	12.09838486									
0.0032919	12.09838486									
0.0032919	12.09838486									
0.0032919	12.09838486									
0.0032919	12.44710922									
0.0032919	12.44710922									
0.0032919	12.44710922									
0.0032919	12.44710922									
0.0032919	12.44710922									
0.0032919	13.26600838									
0.0032919	13.26600838									
0.0032919	13.26600838									
0.0032919	13.26600838									
0.0032919	13.26600838									
0.0032919	12.88770294									
0.0032919	12.88770294									
0.0032919	12.88770294									
0.0032919	12.88770294									
0.0032919	12.88770294									
0.0032919	13.34659004									
0.0032919	13.34659004									
0.0032919	13.34659004									
0.0032919	13.34659004									
0.0032919	13.34659004									
0.0032919	13.37135887									
0.0032919	13.37135887									
0.0032919	13.37135887									
0.0032919	13.37135887									
0.0032919	13.37135887									
0.0032919	13.04309654									
0.0032919	13.04309654									
0.0032919	13.04309654									
0.0032919	13.04309654									
0.0032919	13.04309654									
0.0032919	12.56971741									
0.0032919	12.56971741									
0.0032919	12.56971741									
0.0032919	12.56971741									
0.0032919	12.56971741									
0.0032919	12.62252426									
0.0032919	12.62252426									
0.0032919	12.62252426									
0.0032919	12.62252426									
0.0032919	12.62252426									
0.0032919	13.26119804									
0.0032919	13.26119804									
0.0032919	13.26119804									
0.0032919	13.26119804									
0.0032919	13.26119804									
0.0032919	14.63838387									
0.0032919	14.63838387									
0.0032919	14.63838387									
0.0032919	14.63838387									
0.0032919	14.63838387									
0.0032919	12.83675575									
0.0032919	12.83675575									
0.0032919	12.83675575									
0.0032919	12.83675575									
0.0032919	12.83675575									
0.0032919	13.00511932									
0.0032919	13.00511932									
0.0032919	13.00511932									
0.0032919	13.00511932									
0.0032919	13.00511932									
0.0032919	13.25600052									
0.0032919	13.25600052									
0.0032919	13.25600052									
0.0032919	13.25600052									
0.0032919	13.25600052									
0.0032919	13.23786354									
0.0032919	13.23786354									
0.0032919	13.23786354									
0.0032919	13.23786354									
0.0032919	13.23786354									
0.0032919	13.47656441									
0.0032919	13.47656441									
0.0032919	13.47656441									
0.0032919	13.47656441									
0.0032919	13.47656441									
0.0032919	12.0461731									
0.0032919	12.0461731									
0.0032919	12.0461731									
0.0032919	12.0461731									
0.0032919	12.0461731									
0.0032919	11.80731773									
0.0032919	11.80731773									
0.0032919	11.80731773									
0.0032919	11.80731773									
0.0032919	11.80731773									
0.0032919	12.18731308									
0.0032919	12.18731308									
0.0032919	12.18731308									
0.0032919	12.18731308									
0.0032919	12.18731308									
0.0032919	13.78711128									
0.0032919	13.78711128									
0.0032919	13.78711128									
0.0032919	13.78711128									
0.0032919	13.78711128									
0.0032919	12.85133934									
0.0032919	12.85133934									
0.0032919	12.85133934									
0.0032919	12.85133934									
0.0032919	12.85133934									
0.0032919	12.50601959									
0.0032919	12.50601959									
0.0032919	12.50601959									
0.0032919	12.50601959									
0.0032919	12.50601959									
0.0032919	13.47863197									
0.0032919	13.47863197									
0.0032919	13.47863197									
0.0032919	13.47863197									
0.0032919	13.47863197									
0.0032919	13.69717789									
0.0032919	13.69717789									
0.0032919	13.69717789									
0.0032919	13.69717789									
0.0032919	13.69717789									
0.0032919	13.3627758									
0.0032919	13.3627758									
0.0032919	13.3627758									
0.0032919	13.3627758									
0.0032919	13.3627758									
0.0032919	12.34342003									
0.0032919	12.34342003									
0.0032919	12.34342003									
0.0032919	12.34342003									
0.0032919	12.34342003									
0.0032919	13.22184372									
0.0032919	13.22184372									
0.0032919	13.22184372									
0.0032919	13.22184372									
0.0032919	13.22184372									
0.0032919	14.97718239									
0.0032919	14.97718239									
0.0032919	14.97718239									
0.0032919	14.97718239									
0.0032919	14.97718239									
0.0032919	13.0176506									
0.0032919	13.0176506									
0.0032919	13.0176506									
0.0032919	13.0176506									
0.0032919	13.0176506									
0.0032919	12.02220535									
0.0032919	12.02220535									
0.0032919	12.02220535									
0.0032919	12.02220535									
0.0032919	12.02220535									
0.0032919	12.15222931									
0.0032919	12.15222931									
0.0032919	12.15222931									
0.0032919	12.15222931									
0.0032919	12.15222931									
0.0032919	11.86463356									
0.0032919	11.86463356									
0.0032919	11.86463356									
0.0032919	11.86463356									
0.0032919	11.86463356									
0.0032919	12.30491447									
0.0032919	12.30491447									
0.0032919	12.30491447									
0.0032919	12.30491447									
0.0032919	12.30491447									
0.0032919	12.30491447									
0.0032919	12.44615364									
0.0032919	12.44615364									
0.0032919	12.44615364									
0.0032919	12.44615364									
0.0032919	12.44615364									
0.0032919	11.61486244									
0.0032919	11.61486244									
0.0032919	11.61486244									
0.0032919	11.61486244									
0.0032919	11.61486244									
0.0032919	10.38936615									
0.0032919	10.38936615									
0.0032919	10.38936615									
0.0032919	10.38936615									
0.0032919	10.38936615									
										
										
										
										
										
0.0032919	14.58824348									
0.0032919	14.58824348									
0.0032919	14.58824348									
0.0032919	14.58824348									
0.0032919	14.58824348									
0.0032919	13.54220963									
0.0032919	13.54220963									
0.0032919	13.54220963									
0.0032919	13.54220963									
0.0032919	13.54220963									
0.0032919	11.84313774									
0.0032919	11.84313774									
0.0032919	11.84313774									
0.0032919	11.84313774									
0.0032919	11.84313774									
										
										
										
										
										
0.0032919	8.60255337									
0.0032919	8.60255337									
0.0032919	8.60255337									
0.0032919	8.60255337									
0.0032919	8.60255337									
0.0032919	10.52370739									
0.0032919	10.52370739									
0.0032919	10.52370739									
0.0032919	10.52370739									
0.0032919	10.52370739									
										
										
										
										
										
0.0032919	20.46882629									
0.0032919	20.46882629									
0.0032919	20.46882629									
0.0032919	20.46882629									
0.0032919	20.46882629									
0.0032919	17.26802444									
0.0032919	17.26802444									
0.0032919	17.26802444									
0.0032919	17.26802444									
0.0032919	17.26802444									
0.0032919	16.79846382									
0.0032919	16.79846382									
0.0032919	16.79846382									
0.0032919	16.79846382									
0.0032919	16.79846382									
0.0032919	15.70736885									
0.0032919	15.70736885									
0.0032919	15.70736885									
0.0032919	15.70736885									
0.0032919	15.70736885									
0.0032919	14.29213524									
0.0032919	14.29213524									
0.0032919	14.29213524									
0.0032919	14.29213524									
0.0032919	14.29213524									
0.0032919	13.82286453									
0.0032919	13.82286453									
0.0032919	13.82286453									
0.0032919	13.82286453									
0.0032919	13.82286453									
0.0032919	14.95447159									
0.0032919	14.95447159									
0.0032919	14.95447159									
0.0032919	14.95447159									
0.0032919	14.95447159									
0.0032919	13.85038185									
0.0032919	13.85038185									
0.0032919	13.85038185									
0.0032919	13.85038185									
0.0032919	13.85038185									
0.0032919	12.84572792									
0.0032919	12.84572792									
0.0032919	12.84572792									
0.0032919	12.84572792									
0.0032919	12.84572792									
0.0032919	12.63617516									
0.0032919	12.63617516									
0.0032919	12.63617516									
0.0032919	12.63617516									
0.0032919	12.63617516									
0.0032919	13.64460564									
0.0032919	13.64460564									
0.0032919	13.64460564									
0.0032919	13.64460564									
0.0032919	13.64460564									
0.0032919	15.19466782									
0.0032919	15.19466782									
0.0032919	15.19466782									
0.0032919	15.19466782									
0.0032919	15.19466782									
0.0032919	15.11044121									
0.0032919	15.11044121									
0.0032919	15.11044121									
0.0032919	15.11044121									
0.0032919	15.11044121									
0.0032919	15.04823303									
0.0032919	15.04823303									
0.0032919	15.04823303									
0.0032919	15.04823303									
0.0032919	15.04823303									
0.0032919	14.99185181									
0.0032919	14.99185181									
0.0032919	14.99185181									
0.0032919	14.99185181									
0.0032919	14.99185181									
0.0032919	15.53575325									
0.0032919	15.53575325									
0.0032919	15.53575325									
0.0032919	15.53575325									
0.0032919	15.53575325									
0.0032919	15.38889313									
0.0032919	15.38889313									
0.0032919	15.38889313									
0.0032919	15.38889313									
0.0032919	15.38889313									
0.0032919	14.55258369									
0.0032919	14.55258369									
0.0032919	14.55258369									
0.0032919	14.55258369									
0.0032919	14.55258369									
0.0032919	13.4250679									
0.0032919	13.4250679									
0.0032919	13.4250679									
0.0032919	13.4250679									
0.0032919	13.4250679									
0.0032919	13.22173691									
0.0032919	13.22173691									
0.0032919	13.22173691									
0.0032919	13.22173691									
0.0032919	13.22173691									
0.0032919	13.13551712									
0.0032919	13.13551712									
0.0032919	13.13551712									
0.0032919	13.13551712									
0.0032919	13.13551712									
0.0032919	13.03768158									
0.0032919	13.03768158									
0.0032919	13.03768158									
0.0032919	13.03768158									
0.0032919	13.03768158									
0.0032919	15.32162666									
0.0032919	15.32162666									
0.0032919	15.32162666									
0.0032919	15.32162666									
0.0032919	15.32162666									
0.0032919	14.30804634									
0.0032919	14.30804634									
0.0032919	14.30804634									
0.0032919	14.30804634									
0.0032919	14.30804634									
0.0032919	13.56304169									
0.0032919	13.56304169									
0.0032919	13.56304169									
0.0032919	13.56304169									
0.0032919	13.56304169									
0.0032919	15.04473877									
0.0032919	15.04473877									
0.0032919	15.04473877									
0.0032919	15.04473877									
0.0032919	15.04473877									
0.0032919	13.76724815									
0.0032919	13.76724815									
0.0032919	13.76724815									
0.0032919	13.76724815									
0.0032919	13.76724815									
0.0032919	13.24498558									
0.0032919	13.24498558									
0.0032919	13.24498558									
0.0032919	13.24498558									
0.0032919	13.24498558									
0.0032919	12.8596611									
0.0032919	12.8596611									
0.0032919	12.8596611									
0.0032919	12.8596611									
0.0032919	12.8596611									
0.0032919	13.28927803									
0.0032919	13.28927803									
0.0032919	13.28927803									
0.0032919	13.28927803									
0.0032919	13.28927803									
0.0032919	12.56732559									
0.0032919	12.56732559									
0.0032919	12.56732559									
0.0032919	12.56732559									
0.0032919	12.56732559									
0.0032919	12.61270714									
0.0032919	12.61270714									
0.0032919	12.61270714									
0.0032919	12.61270714									
0.0032919	12.61270714									
0.0032919	12.4207859									
0.0032919	12.4207859									
0.0032919	12.4207859									
0.0032919	12.4207859									
0.0032919	12.4207859									
0.0032919	12.33935738									
0.0032919	12.33935738									
0.0032919	12.33935738									
0.0032919	12.33935738									
0.0032919	12.33935738									
0.0032919	13.4577179									
0.0032919	13.4577179									
0.0032919	13.4577179									
0.0032919	13.4577179									
0.0032919	13.4577179									
0.0032919	14.48694992									
0.0032919	14.48694992									
0.0032919	14.48694992									
0.0032919	14.48694992									
0.0032919	14.48694992									
0.0032919	14.51003075									
0.0032919	14.51003075									
0.0032919	14.51003075									
0.0032919	14.51003075									
0.0032919	14.51003075									
0.0032919	13.78685379									
0.0032919	13.78685379									
0.0032919	13.78685379									
0.0032919	13.78685379									
0.0032919	13.78685379									
0.0032919	14.09726715									
0.0032919	14.09726715									
0.0032919	14.09726715									
0.0032919	14.09726715									
0.0032919	14.09726715									
0.0032919	13.58324623									
0.0032919	13.58324623									
0.0032919	13.58324623									
0.0032919	13.58324623									
0.0032919	13.58324623									
0.0032919	13.02091789									
0.0032919	13.02091789									
0.0032919	13.02091789									
0.0032919	13.02091789									
0.0032919	13.02091789									
0.0032919	12.7808342									
0.0032919	12.7808342									
0.0032919	12.7808342									
0.0032919	12.7808342									
0.0032919	12.7808342									
0.0032919	12.5381546									
0.0032919	12.5381546									
0.0032919	12.5381546									
0.0032919	12.5381546									
0.0032919	12.5381546									
0.0032919	13.48420525									
0.0032919	13.48420525									
0.0032919	13.48420525									
0.0032919	13.48420525									
0.0032919	13.48420525									
0.0032919	13.48420525									
0.0032919	12.79350471									
0.0032919	12.79350471									
0.0032919	12.79350471									
0.0032919	12.79350471									
0.0032919	12.79350471									
0.0032919	13.43693924									
0.0032919	13.43693924									
0.0032919	13.43693924									
0.0032919	13.43693924									
0.0032919	13.43693924									
0.0032919	12.56630898									
0.0032919	12.56630898									
0.0032919	12.56630898									
0.0032919	12.56630898									
0.0032919	12.56630898									
0.0032919	11.28052902									
0.0032919	11.28052902									
0.0032919	11.28052902									
0.0032919	11.28052902									
0.0032919	11.28052902									
0.0032919	12.12680244									
0.0032919	12.12680244									
0.0032919	12.12680244									
0.0032919	12.12680244									
0.0032919	12.12680244									
0.0032919	12.84042549									
0.0032919	12.84042549									
0.0032919	12.84042549									
0.0032919	12.84042549									
0.0032919	12.84042549									
0.0032919	12.40882874									
0.0032919	12.40882874									
0.0032919	12.40882874									
0.0032919	12.40882874									
0.0032919	12.40882874									
0.0032919	14.05871391									
0.0032919	14.05871391									
0.0032919	14.05871391									
0.0032919	14.05871391									
0.0032919	14.05871391									
0.0032919	13.70152283									
0.0032919	13.70152283									
0.0032919	13.70152283									
0.0032919	13.70152283									
0.0032919	13.70152283									
0.0032919	13.28146744									
0.0032919	13.28146744									
0.0032919	13.28146744									
0.0032919	13.28146744									
0.0032919	13.28146744									
0.0032919	12.25562286									
0.0032919	12.25562286									
0.0032919	12.25562286									
0.0032919	12.25562286									
0.0032919	12.25562286									
0.0032919	11.85855103									
0.0032919	11.85855103									
0.0032919	11.85855103									
0.0032919	11.85855103									
0.0032919	11.85855103									
0.0032919	11.37073898									
0.0032919	11.37073898									
0.0032919	11.37073898									
0.0032919	11.37073898									
0.0032919	11.37073898									
0.0032919	12.79976654									
0.0032919	12.79976654									
0.0032919	12.79976654									
0.0032919	12.79976654									
0.0032919	12.79976654									
0.0032919	12.39171028									
0.0032919	12.39171028									
0.0032919	12.39171028									
0.0032919	12.39171028									
0.0032919	12.39171028									
0.0032919	11.8418026									
0.0032919	11.8418026									
0.0032919	11.8418026									
0.0032919	11.8418026									
0.0032919	11.8418026									
0.0032919	12.21747398									
0.0032919	12.21747398									
0.0032919	12.21747398									
0.0032919	12.21747398									
0.0032919	12.21747398									
0.0032919	12.24622536									
0.0032919	12.24622536									
0.0032919	12.24622536									
0.0032919	12.24622536									
0.0032919	12.24622536									
0.0032919	12.81444931									
0.0032919	12.81444931									
0.0032919	12.81444931									
0.0032919	12.81444931									
0.0032919	12.81444931									
0.0032919	14.76918602									
0.0032919	14.76918602									
0.0032919	14.76918602									
0.0032919	14.76918602									
0.0032919	14.76918602									
0.0032919	15.10458755									
0.0032919	15.10458755									
0.0032919	15.10458755									
0.0032919	15.10458755									
0.0032919	15.10458755									
0.0032919	14.960186									
0.0032919	14.960186									
0.0032919	14.960186									
0.0032919	14.960186									
0.0032919	14.960186									
0.0032919	14.60946083									
0.0032919	14.60946083									
0.0032919	14.60946083									
0.0032919	14.60946083									
0.0032919	14.60946083									
0.0032919	14.34668541									
0.0032919	14.34668541									
0.0032919	14.34668541									
0.0032919	14.34668541									
0.0032919	14.34668541									
0.0032919	12.8775444									
0.0032919	12.8775444									
0.0032919	12.8775444									
0.0032919	12.8775444									
0.0032919	12.8775444									
0.0032919	13.40782547									
0.0032919	13.40782547									
0.0032919	13.40782547									
0.0032919	13.40782547									
0.0032919	13.40782547									
0.0032919	12.79480171									
0.0032919	12.79480171									
0.0032919	12.79480171									
0.0032919	12.79480171									
0.0032919	12.79480171									
0.0032919	11.87201881									
0.0032919	11.87201881									
0.0032919	11.87201881									
0.0032919	11.87201881									
0.0032919	11.87201881									
0.0032919	12.94982147									
0.0032919	12.94982147									
0.0032919	12.94982147									
0.0032919	12.94982147									
0.0032919	12.94982147									
0.0032919	12.34909439									
0.0032919	12.34909439									
0.0032919	12.34909439									
0.0032919	12.34909439									
0.0032919	12.34909439									
0.0032919	12.05213928									
0.0032919	12.05213928									
0.0032919	12.05213928									
0.0032919	12.05213928									
0.0032919	12.05213928									
0.0032919	13.6061306									
0.0032919	13.6061306									
0.0032919	13.6061306									
0.0032919	13.6061306									
0.0032919	13.6061306									
0.0032919	14.34851074									
0.0032919	14.34851074									
0.0032919	14.34851074									
0.0032919	14.34851074									
0.0032919	14.34851074									
0.0032919	13.15089226									
0.0032919	13.15089226									
0.0032919	13.15089226									
0.0032919	13.15089226									
0.0032919	13.15089226									
0.0032919	13.09024239									
0.0032919	13.09024239									
0.0032919	13.09024239									
0.0032919	13.09024239									
0.0032919	13.09024239									
0.0032919	13.18222046									
0.0032919	13.18222046									
0.0032919	13.18222046									
0.0032919	13.18222046									
0.0032919	13.18222046									
0.0032919	14.54226875									
0.0032919	14.54226875									
0.0032919	14.54226875									
0.0032919	14.54226875									
0.0032919	14.54226875									
0.0032919	14.93371773									
0.0032919	14.93371773									
0.0032919	14.93371773									
0.0032919	14.93371773									
0.0032919	14.93371773									
0.0032919	13.92105484									
0.0032919	13.92105484									
0.0032919	13.92105484									
0.0032919	13.92105484									
0.0032919	13.92105484									
0.0032919	14.25721169									
0.0032919	14.25721169									
0.0032919	14.25721169									
0.0032919	14.25721169									
0.0032919	14.25721169									
0.0032919	13.08476639									
0.0032919	13.08476639									
0.0032919	13.08476639									
0.0032919	13.08476639									
0.0032919	13.08476639									
0.0032919	13.15119362									
0.0032919	13.15119362									
0.0032919	13.15119362									
0.0032919	13.15119362									
0.0032919	13.15119362									
0.0032919	12.54205894									
0.0032919	12.54205894									
0.0032919	12.54205894									
0.0032919	12.54205894									
0.0032919	12.54205894									
0.0032919	11.90642357									
0.0032919	11.90642357									
0.0032919	11.90642357									
0.0032919	11.90642357									
0.0032919	11.90642357									
0.0032919	11.60935783									
0.0032919	11.60935783									
0.0032919	11.60935783									
0.0032919	11.40828705									
0.0032919	11.40828705									
0.0032919	11.40828705									
0.0032919	11.40828705									
0.0032919	11.40828705									
0.0032919	11.95369911									
0.0032919	11.95369911									
0.0032919	11.95369911									
0.0032919	11.95369911									
0.0032919	11.95369911									
0.0032919	14.21568298									
0.0032919	14.21568298									
0.0032919	14.21568298									
0.0032919	14.21568298									
0.0032919	14.21568298									
0.0032919	14.7479496									
0.0032919	14.7479496									
0.0032919	14.7479496									
0.0032919	14.7479496									
0.0032919	14.7479496									
0.0032919	13.65824699									
0.0032919	13.65824699									
0.0032919	13.65824699									
0.0032919	13.65824699									
0.0032919	13.65824699									
0.0032919	13.88807106									
0.0032919	13.88807106									
0.0032919	13.88807106									
0.0032919	13.88807106									
0.0032919	13.88807106									
0.0032919	13.43876648									
0.0032919	13.43876648									
0.0032919	13.43876648									
0.0032919	13.43876648									
0.0032919	13.43876648									
0.0032919	14.15843582									
0.0032919	14.15843582									
0.0032919	14.15843582									
0.0032919	14.15843582									
0.0032919	14.15843582									
0.0032919	14.29639816									
0.0032919	14.29639816									
0.0032919	14.29639816									
0.0032919	14.29639816									
0.0032919	14.29639816									
0.0032919	13.75014496									
0.0032919	13.75014496									
0.0032919	13.75014496									
0.0032919	13.75014496									
0.0032919	13.75014496									
0.0032919	13.09941864									
0.0032919	13.09941864									
0.0032919	13.09941864									
0.0032919	13.09941864									
0.0032919	13.09941864									
0.0032919	13.76407814									
0.0032919	13.76407814									
0.0032919	13.76407814									
0.0032919	13.76407814									
0.0032919	13.76407814									
0.0032919	13.76407814									
0.0032919	14.13547516									
0.0032919	14.13547516									
0.0032919	14.13547516									
0.0032919	14.13547516									
0.0032919	14.13547516									
0.0032919	14.39821815									
0.0032919	14.39821815									
0.0032919	14.39821815									
0.0032919	14.39821815									
0.0032919	14.39821815									
0.0032919	14.21250534									
0.0032919	14.21250534									
0.0032919	14.21250534									
0.0032919	14.21250534									
0.0032919	14.21250534									
0.0032919	14.33196449									
0.0032919	14.33196449									
0.0032919	14.33196449									
0.0032919	14.33196449									
0.0032919	14.33196449									
0.0032919	14.49392891									
0.0032919	14.49392891									
0.0032919	14.49392891									
0.0032919	14.49392891									
0.0032919	14.49392891									
0.0032919	13.28255272									
0.0032919	13.28255272									
0.0032919	13.28255272									
0.0032919	13.28255272									
0.0032919	13.28255272									
0.0032919	12.76187134									
0.0032919	12.76187134									
0.0032919	12.76187134									
0.0032919	12.76187134									
0.0032919	12.76187134									
0.0032919	12.23773956									
0.0032919	12.23773956									
0.0032919	12.23773956									
0.0032919	12.23773956									
0.0032919	12.23773956									
0.0032919	12.87050629									
0.0032919	12.87050629									
0.0032919	12.87050629									
0.0032919	12.87050629									
0.0032919	12.87050629									
0.0032919	12.78002739									
0.0032919	12.78002739									
0.0032919	12.78002739									
0.0032919	12.78002739									
0.0032919	12.78002739									
0.0032919	12.88061714									
0.0032919	12.88061714									
0.0032919	12.88061714									
0.0032919	12.88061714									
0.0032919	12.88061714									
0.0032919	11.96869469									
0.0032919	11.96869469									
0.0032919	11.96869469									
0.0032919	11.96869469									
0.0032919	11.96869469									
0.0032919	13.80540276									
0.0032919	13.80540276									
0.0032919	13.80540276									
0.0032919	13.80540276									
0.0032919	13.80540276									
0.0032919	13.15408707									
0.0032919	13.15408707									
0.0032919	13.15408707									
0.0032919	13.15408707									
0.0032919	13.15408707									
0.0032919	12.94120407									
0.0032919	12.94120407									
0.0032919	12.94120407									
0.0032919	12.94120407									
0.0032919	12.94120407									
0.0032919	13.7465229									
0.0032919	13.7465229									
0.0032919	13.7465229									
0.0032919	13.7465229									
0.0032919	13.7465229									
0.0032919	13.44358063									
0.0032919	13.44358063									
0.0032919	13.44358063									
0.0032919	13.44358063									
0.0032919	13.44358063									
0.0032919	14.07160187									
0.0032919	14.07160187									
0.0032919	14.07160187									
0.0032919	14.07160187									
0.0032919	14.07160187									
0.0032919	13.44987488									
0.0032919	13.44987488									
0.0032919	13.44987488									
0.0032919	13.44987488									
0.0032919	13.44987488									
0.0032919	13.87782669									
0.0032919	13.87782669									
0.0032919	13.87782669									
0.0032919	13.87782669									
0.0032919	13.87782669									
0.0032919	13.85805511									
0.0032919	13.85805511									
0.0032919	13.85805511									
0.0032919	13.85805511									
0.0032919	13.85805511									
0.0032919	14.62010002									
0.0032919	14.62010002									
0.0032919	14.62010002									
0.0032919	14.62010002									
0.0032919	14.62010002									
0.0032919	14.30743599									
0.0032919	14.30743599									
0.0032919	14.30743599									
0.0032919	14.30743599									
0.0032919	14.30743599									
0.0032919	12.27863693									
0.0032919	12.27863693									
0.0032919	12.27863693									
0.0032919	12.27863693									
0.0032919	12.27863693									
0.0032919	11.58402634									
0.0032919	11.58402634									
0.0032919	11.58402634									
0.0032919	11.58402634									
0.0032919	11.58402634									
0.0032919	12.386343									
0.0032919	12.386343									
0.0032919	12.386343									
0.0032919	12.386343									
0.0032919	12.386343									
0.0032919	11.98370934									
0.0032919	11.98370934									
0.0032919	11.98370934									
0.0032919	11.98370934									
0.0032919	11.98370934									
0.0032919	11.13881683									
0.0032919	11.13881683									
0.0032919	11.13881683									
0.0032919	11.13881683									
0.0032919	11.13881683									
0.0032919	11.75078773									
0.0032919	11.75078773									
0.0032919	11.75078773									
0.0032919	11.75078773									
0.0032919	11.75078773									
0.0032919	13.28901672									
0.0032919	13.28901672									
0.0032919	13.28901672									
0.0032919	13.28901672									
0.0032919	13.28901672									
0.0032919	13.63590622									
0.0032919	13.63590622									
0.0032919	13.63590622									
0.0032919	13.63590622									
0.0032919	13.63590622									
0.0032919	12.3360405									
0.0032919	12.3360405									
0.0032919	12.3360405									
0.0032919	12.3360405									
0.0032919	12.3360405									
0.0032919	11.74406815									
0.0032919	11.74406815									
0.0032919	11.74406815									
0.0032919	11.74406815									
0.0032919	11.74406815									
0.0032919	11.93752289									
0.0032919	11.93752289									
0.0032919	11.93752289									
0.0032919	11.93752289									
0.0032919	11.93752289									
0.0032919	11.75421143									
0.0032919	11.75421143									
0.0032919	11.75421143									
0.0032919	11.75421143									
0.0032919	11.75421143									
0.0032919	11.93998909									
0.0032919	11.93998909									
0.0032919	11.93998909									
0.0032919	11.93998909									
0.0032919	11.93998909									
0.0032919	11.02671432									
0.0032919	11.02671432									
0.0032919	11.02671432									
0.0032919	11.02671432									
0.0032919	11.02671432									
0.0032919	13.00086784									
0.0032919	13.00086784									
0.0032919	13.00086784									
0.0032919	13.00086784									
0.0032919	13.00086784									
0.0032919	14.05949974									
0.0032919	14.05949974									
0.0032919	14.05949974									
0.0032919	14.05949974									
0.0032919	14.05949974									
0.0032919	13.29453659									
0.0032919	13.29453659									
0.0032919	13.29453659									
0.0032919	13.29453659									
0.0032919	13.29453659									
0.0032919	13.28463745									
0.0032919	13.28463745									
0.0032919	13.28463745									
0.0032919	13.28463745									
0.0032919	13.28463745									
0.0032919	13.35385895									
0.0032919	13.35385895									
0.0032919	13.35385895									
0.0032919	13.35385895									
0.0032919	13.35385895									
0.0032919	13.07185936									
0.0032919	13.07185936									
0.0032919	13.07185936									
0.0032919	13.07185936									
0.0032919	13.07185936									
0.0032919	12.16316223									
0.0032919	12.16316223									
0.0032919	12.16316223									
0.0032919	12.16316223									
0.0032919	12.16316223									
0.0032919	11.91468811									
0.0032919	11.91468811									
0.0032919	11.91468811									
0.0032919	11.91468811									
0.0032919	11.91468811									
0.0032919	12.54118729									
0.0032919	12.54118729									
0.0032919	12.54118729									
0.0032919	12.54118729									
0.0032919	12.54118729									
0.0032919	12.68837547									
0.0032919	12.68837547									
0.0032919	12.68837547									
0.0032919	12.68837547									
0.0032919	12.68837547									
0.0032919	12.50510788									
0.0032919	12.50510788									
0.0032919	12.50510788									
0.0032919	12.50510788									
0.0032919	12.50510788									
0.0032919	12.1521225									
0.0032919	12.1521225									
0.0032919	12.1521225									
0.0032919	12.1521225									
0.0032919	12.1521225									
0.0032919	12.1521225									
0.0032919	10.77719116									
0.0032919	10.77719116									
0.0032919	10.77719116									
0.0032919	10.77719116									
0.0032919	10.77719116									
0.0032919	8.75246143									
0.0032919	8.75246143									
0.0032919	8.75246143									
0.0032919	8.75246143									
0.0032919	8.75246143									
0.0032919	9.32350349									
0.0032919	9.32350349									
0.0032919	9.32350349									
0.0032919	9.32350349									
0.0032919	9.32350349									
0.0032919	9.18482304									
0.0032919	9.18482304									
0.0032919	9.18482304									
0.0032919	9.18482304									
0.0032919	9.18482304									
0.0032919	8.8593092									
0.0032919	8.8593092									
0.0032919	8.8593092									
0.0032919	8.8593092									
0.0032919	8.8593092									
0.0032919	9.74112129									
0.0032919	9.74112129									
0.0032919	9.74112129									
0.0032919	9.74112129									
0.0032919	9.74112129									
0.0032919	10.22502804									
0.0032919	10.22502804									
0.0032919	10.22502804									
0.0032919	10.22502804									
0.0032919	10.22502804									
0.0032919	10.93292427									
0.0032919	10.93292427									
0.0032919	10.93292427									
0.0032919	10.93292427									
0.0032919	10.93292427									
0.0032919	18.45579338									
0.0032919	18.45579338									
0.0032919	18.45579338									
0.0032919	18.45579338									
0.0032919	18.45579338									
0.0032919	14.32833481									
0.0032919	14.32833481									
0.0032919	14.32833481									
0.0032919	14.32833481									
0.0032919	14.32833481									
0.0032919	11.43237114									
0.0032919	11.43237114									
0.0032919	11.43237114									
0.0032919	11.43237114									
0.0032919	11.43237114									
0.0032919	11.63772011									
0.0032919	11.63772011									
0.0032919	11.63772011									
0.0032919	11.63772011									
0.0032919	11.63772011									
0.0032919	10.84558487									
0.0032919	10.84558487									
0.0032919	10.84558487									
0.0032919	10.84558487									
0.0032919	10.84558487									
0.0032919	10.09272385									
0.0032919	10.09272385									
0.0032919	10.09272385									
0.0032919	10.09272385									
0.0032919	10.09272385									
0.0032919	11.0353117									
0.0032919	11.0353117									
0.0032919	11.0353117									
0.0032919	11.0353117									
0.0032919	11.0353117									
0.0032919	14.70232201									
0.0032919	14.70232201									
0.0032919	14.70232201									
0.0032919	14.70232201									
0.0032919	14.70232201									
0.0032919	12.44546318									
0.0032919	12.44546318									
0.0032919	12.44546318									
0.0032919	12.44546318									
0.0032919	12.44546318									
0.0032919	12.20221138									
0.0032919	12.20221138									
0.0032919	12.20221138									
0.0032919	12.20221138									
0.0032919	12.20221138									
0.0032919	11.61552048									
0.0032919	11.61552048									
0.0032919	11.61552048									
0.0032919	11.61552048									
0.0032919	11.61552048									
0.0032919	10.48219299									
0.0032919	10.48219299									
0.0032919	10.48219299									
0.0032919	10.48219299									
0.0032919	10.48219299									
0.0032919	14.55575943									
0.0032919	14.55575943									
0.0032919	14.55575943									
0.0032919	14.55575943									
0.0032919	14.55575943									
0.0032919	11.18868446									
0.0032919	11.18868446									
0.0032919	11.18868446									
0.0032919	11.18868446									
0.0032919	11.18868446									
0.0032919	10.28613472									
0.0032919	10.28613472									
0.0032919	10.28613472									
0.0032919	10.28613472									
0.0032919	10.28613472									
0.0032919	13.77809143									
0.0032919	13.77809143									
0.0032919	13.77809143									
0.0032919	13.77809143									
0.0032919	13.77809143									
0.0032919	12.820755									
0.0032919	12.820755									
0.0032919	12.820755									
0.0032919	12.820755									
0.0032919	12.820755									
0.0032919	11.96752167									
0.0032919	11.96752167									
0.0032919	11.96752167									
0.0032919	11.96752167									
0.0032919	11.96752167									
0.0032919	10.99027252									
0.0032919	10.99027252									
0.0032919	10.99027252									
0.0032919	10.99027252									
0.0032919	10.99027252									
0.0032919	10.69754982									
0.0032919	10.69754982									
0.0032919	10.69754982									
0.0032919	10.69754982									
0.0032919	10.69754982									
0.0032919	9.91548157									
0.0032919	9.91548157									
0.0032919	9.91548157									
0.0032919	9.91548157									
0.0032919	9.91548157									
0.0032919	9.53689671									
0.0032919	9.53689671									
0.0032919	9.53689671									
0.0032919	9.53689671									
0.0032919	9.53689671									
0.0032919	9.49523067									
0.0032919	9.49523067									
0.0032919	9.49523067									
0.0032919	9.49523067									
0.0032919	9.49523067									
0.0032919	10.00688457									
0.0032919	10.00688457									
0.0032919	10.00688457									
0.0032919	10.00688457									
0.0032919	10.00688457									
0.0032919	10.54876804									
0.0032919	10.54876804									
0.0032919	10.54876804									
0.0032919	10.54876804									
0.0032919	10.54876804									
0.0032919	10.1244297									
0.0032919	10.1244297									
0.0032919	10.1244297									
0.0032919	10.1244297									
0.0032919	10.1244297									
0.0032919	10.68198776									
0.0032919	10.68198776									
0.0032919	10.68198776									
0.0032919	10.68198776									
0.0032919	10.68198776									
0.0032919	15.46245193									
0.0032919	15.46245193									
0.0032919	15.46245193									
0.0032919	15.46245193									
0.0032919	15.46245193									
0.0032919	13.17545128									
0.0032919	13.17545128									
0.0032919	13.17545128									
0.0032919	13.17545128									
0.0032919	13.17545128									
0.0032919	12.59375									
0.0032919	12.59375									
0.0032919	12.59375									
0.0032919	12.59375									
0.0032919	12.59375									
0.0032919	10.61248779									
0.0032919	10.61248779									
0.0032919	10.61248779									
0.0032919	10.61248779									
0.0032919	10.61248779									
0.0032919	10.7478199									
0.0032919	10.7478199									
0.0032919	10.7478199									
0.0032919	10.7478199									
0.0032919	10.7478199									
0.0032919	10.7478199									
0.0032919	11.36105347									
0.0032919	11.36105347									
0.0032919	11.36105347									
0.0032919	11.36105347									
0.0032919	11.36105347									
0.0032919	10.34448624									
0.0032919	10.34448624									
0.0032919	10.34448624									
0.0032919	10.34448624									
0.0032919	10.34448624									
0.0032919	4.54018879									
0.0032919	4.54018879									
0.0032919	4.54018879									
0.0032919	4.54018879									
0.0032919	4.54018879									
0.0032919	5.8489418									
0.0032919	5.8489418									
0.0032919	5.8489418									
0.0032919	5.8489418									
0.0032919	5.8489418									
0.0032919	6.59947157									
0.0032919	6.59947157									
0.0032919	6.59947157									
0.0032919	6.59947157									
0.0032919	6.59947157									
0.0032919	7.04756403									
0.0032919	7.04756403									
0.0032919	7.04756403									
0.0032919	7.04756403									
0.0032919	7.04756403									
0.0032919	7.22778082									
0.0032919	7.22778082									
0.0032919	7.22778082									
0.0032919	7.22778082									
0.0032919	7.22778082									
0.0032919	7.42483091									
0.0032919	7.42483091									
0.0032919	7.42483091									
0.0032919	7.42483091									
0.0032919	7.42483091									
0.0032919	7.00089836									
0.0032919	7.00089836									
0.0032919	7.00089836									
0.0032919	7.00089836									
0.0032919	7.00089836									
0.0032919	7.62906837									
0.0032919	7.62906837									
0.0032919	7.62906837									
0.0032919	7.62906837									
0.0032919	7.62906837									
0.0032919	8.74118996									
0.0032919	8.74118996									
0.0032919	8.74118996									
0.0032919	8.74118996									
0.0032919	8.74118996									
0.0032919	8.36301899									
0.0032919	8.36301899									
0.0032919	8.36301899									
0.0032919	8.36301899									
0.0032919	8.36301899									
0.0032919	8.39369774									
0.0032919	8.39369774									
0.0032919	8.39369774									
0.0032919	8.39369774									
0.0032919	8.39369774									
0.0032919	9.0384264									
0.0032919	9.0384264									
0.0032919	9.0384264									
0.0032919	9.0384264									
0.0032919	9.0384264									
0.0032919	8.50399685									
0.0032919	8.50399685									
0.0032919	8.50399685									
0.0032919	8.50399685									
0.0032919	8.50399685									
0.0032919	7.88599443									
0.0032919	7.88599443									
0.0032919	7.88599443									
0.0032919	7.88599443									
0.0032919	7.88599443									
0.0032919	7.31886387									
0.0032919	7.31886387									
0.0032919	7.31886387									
0.0032919	7.31886387									
0.0032919	7.31886387									
0.0032919	7.69291592									
0.0032919	7.69291592									
0.0032919	7.69291592									
0.0032919	7.69291592									
0.0032919	7.69291592									
0.0032919	7.96829796									
0.0032919	7.96829796									
0.0032919	7.96829796									
0.0032919	7.96829796									
0.0032919	7.96829796									
0.0032919	8.41659737									
0.0032919	8.41659737									
0.0032919	8.41659737									
0.0032919	8.41659737									
0.0032919	8.41659737									
0.0032919	9.0462513									
0.0032919	9.0462513									
0.0032919	9.0462513									
0.0032919	9.0462513									
0.0032919	9.0462513									
0.0032919	9.12407017									
0.0032919	9.12407017									
0.0032919	9.12407017									
0.0032919	9.12407017									
0.0032919	9.12407017									
0.0032919	8.12861919									
0.0032919	8.12861919									
0.0032919	8.12861919									
0.0032919	8.12861919									
0.0032919	8.12861919									
0.0032919	7.22990704									
0.0032919	7.22990704									
0.0032919	7.22990704									
0.0032919	7.22990704									
0.0032919	7.22990704									
0.0032919	6.96721935									
0.0032919	6.96721935									
0.0032919	6.96721935									
0.0032919	6.96721935									
0.0032919	6.96721935									
0.0032919	7.75252962									
0.0032919	7.75252962									
0.0032919	7.75252962									
0.0032919	7.75252962									
0.0032919	7.75252962									
0.0032919	8.51214886									
0.0032919	8.51214886									
0.0032919	8.51214886									
0.0032919	8.51214886									
0.0032919	8.51214886									
0.0032919	9.0665102									
0.0032919	9.0665102									
0.0032919	9.0665102									
0.0032919	9.0665102									
0.0032919	9.0665102									
0.0032919	8.14282322									
0.0032919	8.14282322									
0.0032919	8.14282322									
0.0032919	8.14282322									
0.0032919	8.14282322									
0.0032919	7.81179714									
0.0032919	7.81179714									
0.0032919	7.81179714									
0.0032919	7.81179714									
0.0032919	7.81179714									
0.0032919	8.22276402									
0.0032919	8.22276402									
0.0032919	8.22276402									
0.0032919	8.22276402									
0.0032919	8.22276402									
0.0032919	7.42772007									
0.0032919	7.42772007									
0.0032919	7.42772007									
0.0032919	7.42772007									
0.0032919	7.42772007									
0.0032919	8.0302906									
0.0032919	8.0302906									
0.0032919	8.0302906									
0.0032919	8.0302906									
0.0032919	8.0302906									
0.0032919	8.81401539									
0.0032919	8.81401539									
0.0032919	8.81401539									
0.0032919	8.81401539									
0.0032919	8.81401539									
0.0032919	7.63973665									
0.0032919	7.63973665									
0.0032919	7.63973665									
0.0032919	7.63973665									
0.0032919	7.63973665									
0.0032919	7.04644918									
0.0032919	7.04644918									
0.0032919	7.04644918									
0.0032919	7.04644918									
0.0032919	7.04644918									
0.0032919	7.15628195									
0.0032919	7.15628195									
0.0032919	7.15628195									
0.0032919	7.15628195									
0.0032919	7.15628195									
0.0032919	5.79141665									
0.0032919	5.79141665									
0.0032919	5.79141665									
0.0032919	5.79141665									
0.0032919	5.79141665									
0.0032919	6.03411198									
0.0032919	6.03411198									
0.0032919	6.03411198									
0.0032919	6.03411198									
0.0032919	6.03411198									
0.0032919	5.81909943									
0.0032919	5.81909943									
0.0032919	5.81909943									
0.0032919	5.81909943									
0.0032919	5.81909943									
0.0032919	5.08272648									
0.0032919	5.08272648									
0.0032919	5.08272648									
0.0032919	5.08272648									
0.0032919	5.08272648									
0.0032919	5.08272648									
0.0032919	3.54299045									
0.0032919	3.54299045									
0.0032919	3.54299045									
0.0032919	3.54299045									
0.0032919	3.54299045									
0.0032919	3.47645211									
0.0032919	3.47645211									
0.0032919	3.47645211									
0.0032919	3.47645211									
0.0032919	3.47645211									
0.0032919	3.83525515									
0.0032919	3.83525515									
0.0032919	3.83525515									
0.0032919	3.83525515									
0.0032919	3.83525515									
0.0032919	4.05317879									
0.0032919	4.05317879									
0.0032919	4.05317879									
0.0032919	4.05317879									
0.0032919	4.05317879									
0.0032919	3.6861999									
0.0032919	3.6861999									
0.0032919	3.6861999									
0.0032919	3.6861999									
0.0032919	3.6861999									
0.0032919	3.78562474									
0.0032919	3.78562474									
0.0032919	3.78562474									
0.0032919	3.78562474									
0.0032919	3.78562474									
0.0032919	3.95415854									
0.0032919	3.95415854									
0.0032919	3.95415854									
0.0032919	3.95415854									
0.0032919	3.95415854									
0.0032919	4.30827856									
0.0032919	4.30827856									
0.0032919	4.30827856									
0.0032919	4.30827856									
0.0032919	4.30827856									
0.0032919	5.40306187									
0.0032919	5.40306187									
0.0032919	5.40306187									
0.0032919	5.40306187									
0.0032919	5.40306187									
0.0032919	6.46030617									
0.0032919	6.46030617									
0.0032919	6.46030617									
0.0032919	6.46030617									
0.0032919	6.46030617									
0.0032919	6.18809032									
0.0032919	6.18809032									
0.0032919	6.18809032									
0.0032919	6.18809032									
0.0032919	6.18809032									
0.0032919	6.28042459									
0.0032919	6.28042459									
0.0032919	6.28042459									
0.0032919	6.28042459									
0.0032919	6.28042459									
0.0032919	5.92159271									
0.0032919	5.92159271									
0.0032919	5.92159271									
0.0032919	5.92159271									
0.0032919	5.92159271									
0.0032919	7.3439846									
0.0032919	7.3439846									
0.0032919	7.3439846									
0.0032919	7.3439846									
0.0032919	7.3439846									
0.0032919	6.41272116									
0.0032919	6.41272116									
0.0032919	6.41272116									
0.0032919	6.41272116									
0.0032919	6.41272116									
0.0032919	6.04107904									
0.0032919	6.04107904									
0.0032919	6.04107904									
0.0032919	6.04107904									
0.0032919	6.04107904									
0.0032919	5.13822508									
0.0032919	5.13822508									
0.0032919	5.13822508									
0.0032919	5.13822508									
0.0032919	5.13822508									
0.0032919	4.9835372									
0.0032919	4.9835372									
0.0032919	4.9835372									
0.0032919	4.9835372									
0.0032919	4.9835372									
0.0032919	4.60458803									
0.0032919	4.60458803									
0.0032919	4.60458803									
0.0032919	4.60458803									
0.0032919	4.60458803									
0.0032919	4.64319229									
0.0032919	4.64319229									
0.0032919	4.64319229									
0.0032919	4.64319229									
0.0032919	4.64319229									
0.0032919	4.90322924									
0.0032919	4.90322924									
0.0032919	4.90322924									
0.0032919	4.90322924									
0.0032919	4.90322924									
0.0032919	4.64836597									
0.0032919	4.64836597									
0.0032919	4.64836597									
0.0032919	4.64836597									
0.0032919	4.64836597									
0.0032919	3.85694218									
0.0032919	3.85694218									
0.0032919	3.85694218									
0.0032919	3.85694218									
0.0032919	3.85694218									
0.0032919	4.63531971									
0.0032919	4.63531971									
0.0032919	4.63531971									
0.0032919	4.63531971									
0.0032919	4.63531971									
0.0032919	5.03818703									
0.0032919	5.03818703									
0.0032919	5.03818703									
0.0032919	5.03818703									
0.0032919	5.03818703									
0.0032919	4.20591068									
0.0032919	4.20591068									
0.0032919	4.20591068									
0.0032919	4.20591068									
0.0032919	4.20591068									
0.0032919	4.22947931									
0.0032919	4.22947931									
0.0032919	4.22947931									
0.0032919	4.22947931									
0.0032919	4.22947931									
0.0032919	4.87590551									
0.0032919	4.87590551									
0.0032919	4.87590551									
0.0032919	4.87590551									
0.0032919	4.87590551									
0.0032919	4.33577967									
0.0032919	4.33577967									
0.0032919	4.33577967									
0.0032919	4.33577967									
0.0032919	4.33577967									
0.0032919	5.30311203									
0.0032919	5.30311203									
0.0032919	5.30311203									
0.0032919	5.30311203									
0.0032919	5.30311203									
0.0032919	4.96383142									
0.0032919	4.96383142									
0.0032919	4.96383142									
0.0032919	4.96383142									
0.0032919	4.96383142									
0.0032919	4.47670555									
0.0032919	4.47670555									
0.0032919	4.47670555									
0.0032919	4.47670555									
0.0032919	4.47670555									
0.0032919	4.66510248									
0.0032919	4.66510248									
0.0032919	4.66510248									
0.0032919	4.66510248									
0.0032919	4.66510248									
0.0032919	4.74672699									
0.0032919	4.74672699									
0.0032919	4.74672699									
0.0032919	4.74672699									
0.0032919	4.74672699									
0.0032919	5.42584515									
0.0032919	5.42584515									
0.0032919	5.42584515									
0.0032919	5.42584515									
0.0032919	5.42584515									
0.0032919	5.28470421									
0.0032919	5.28470421									
0.0032919	5.28470421									
0.0032919	5.28470421									
0.0032919	5.28470421									
0.0032919	5.70950699									
0.0032919	5.70950699									
0.0032919	5.70950699									
0.0032919	5.70950699									
0.0032919	5.70950699									
0.0032919	6.50063896									